utc_hour,path_group,split,rain,past_rain_12h,past_rain_24h,last_rain_lag_h,issue_hour,issue_weekday,issue_month,week_block,target_hour_h1,target_weekday_h1,target_month_h1,target_hour_h2,target_weekday_h2,target_month_h2,target_hour_h3,target_weekday_h3,target_month_h3,target_hour_h6,target_weekday_h6,target_month_h6,signed_residual_h1,signed_residual_h2,signed_residual_h3,signed_residual_h6,absolute_residual_h1,absolute_residual_h2,absolute_residual_h3,absolute_residual_h6
2025-04-01 07:00:00+00:00,recovery,final_eval,0.0,16.799999999999997,17.499999999999996,1,7,1,4,2025-13,8,1,4,9,1,4,10,1,4,13,1,4,1.5994000000000028,32.323364,158.80148000000003,23.242430000000013,1.5994000000000028,32.323364,158.80148000000003,23.242430000000013
2025-04-01 08:00:00+00:00,recovery,final_eval,0.0,16.799999999999997,17.499999999999996,2,8,1,4,2025-13,9,1,4,10,1,4,11,1,4,14,1,4,27.74287000000001,163.84818,282.58984,-151.97784000000001,27.74287000000001,163.84818,282.58984,151.97784000000001
2025-04-01 09:00:00+00:00,recovery,final_eval,0.0,16.4,17.499999999999996,3,9,1,4,2025-13,10,1,4,11,1,4,12,1,4,15,1,4,5.7389499999999884,197.69727,613.4647,-269.61389999999994,5.7389499999999884,197.69727,613.4647,269.61389999999994
2025-04-02 07:00:00+00:00,long_dry,final_eval,0.0,0.0,0.0,999,7,2,4,2025-13,8,2,4,9,2,4,10,2,4,13,2,4,-4.972850000000001,32.98428,151.41922,11.738299999999981,4.972850000000001,32.98428,151.41922,11.738299999999981
2025-04-02 08:00:00+00:00,long_dry,final_eval,0.0,0.0,0.0,999,8,2,4,2025-13,9,2,4,10,2,4,11,2,4,14,2,4,18.03218000000001,130.27292,241.9552,-147.45434999999998,18.03218000000001,130.27292,241.9552,147.45434999999998
2025-04-02 09:00:00+00:00,long_dry,final_eval,0.0,0.0,0.0,999,9,2,4,2025-13,10,2,4,11,2,4,12,2,4,15,2,4,-17.054499999999962,178.3628,486.0951,-293.06729999999993,17.054499999999962,178.3628,486.0951,293.06729999999993
2025-04-02 10:00:00+00:00,long_dry,final_eval,0.0,0.0,0.0,999,10,2,4,2025-13,11,2,4,12,2,4,13,2,4,16,2,4,152.5245,501.88059999999996,-132.2618,-224.05179999999996,152.5245,501.88059999999996,132.2618,224.05179999999996
2025-04-02 11:00:00+00:00,long_dry,final_eval,0.0,0.0,0.0,999,11,2,4,2025-13,12,2,4,13,2,4,14,2,4,17,2,4,488.3184000000001,-13.498700000000099,-280.76149999999996,-95.71019999999999,488.3184000000001,13.498700000000099,280.76149999999996,95.71019999999999
2025-04-02 12:00:00+00:00,long_dry,final_eval,0.0,0.0,0.0,999,12,2,4,2025-13,13,2,4,14,2,4,15,2,4,18,2,4,-70.11619999999994,-185.42693999999995,-53.75867000000005,9.384000000000015,70.11619999999994,185.42693999999995,53.75867000000005,9.384000000000015
2025-04-02 13:00:00+00:00,long_dry,final_eval,0.0,0.0,0.0,999,13,2,4,2025-13,14,2,4,15,2,4,16,2,4,19,2,4,-262.7795,-164.42426,-133.03750000000002,313.26649999999995,262.7795,164.42426,133.03750000000002,313.26649999999995
2025-04-02 14:00:00+00:00,long_dry,final_eval,0.0,0.0,0.0,999,14,2,4,2025-13,15,2,4,16,2,4,17,2,4,20,2,4,24.23720000000003,57.70245,-34.155899999999974,92.92020000000002,24.23720000000003,57.70245,34.155899999999974,92.92020000000002
2025-04-02 15:00:00+00:00,long_dry,final_eval,0.0,0.0,0.0,999,15,2,4,2025-13,16,2,4,17,2,4,18,2,4,21,2,4,-6.317930000000047,-46.20550000000003,-156.4251999999999,586.9302,6.317930000000047,46.20550000000003,156.4251999999999,586.9302
2025-04-02 16:00:00+00:00,long_dry,final_eval,0.0,0.0,0.0,999,16,2,4,2025-13,17,2,4,18,2,4,19,2,4,22,2,4,35.20336999999995,22.586599999999976,386.9619,126.88570000000004,35.20336999999995,22.586599999999976,386.9619,126.88570000000004
2025-04-02 17:00:00+00:00,long_dry,final_eval,0.0,0.0,0.0,999,17,2,4,2025-13,18,2,4,19,2,4,20,2,4,23,2,4,-187.83780000000002,112.60390000000007,85.8599999999999,17.791300000000092,187.83780000000002,112.60390000000007,85.8599999999999,17.791300000000092
2025-04-02 18:00:00+00:00,long_dry,final_eval,0.0,0.0,0.0,999,18,2,4,2025-13,19,2,4,20,2,4,21,2,4,0,3,4,159.09249999999997,74.42020000000002,589.5878,-60.940900000000056,159.09249999999997,74.42020000000002,589.5878,60.940900000000056
2025-04-02 19:00:00+00:00,long_dry,final_eval,0.0,0.0,0.0,999,19,2,4,2025-13,20,2,4,21,2,4,22,2,4,1,3,4,-147.8889999999999,389.6572000000001,216.4978000000001,-76.16369999999995,147.8889999999999,389.6572000000001,216.4978000000001,76.16369999999995
2025-04-02 20:00:00+00:00,long_dry,final_eval,0.0,0.0,0.0,999,20,2,4,2025-13,21,2,4,22,2,4,23,2,4,2,3,4,488.16049999999996,94.0773999999999,-115.37660000000005,-127.52246000000002,488.16049999999996,94.0773999999999,115.37660000000005,127.52246000000002
2025-04-02 21:00:00+00:00,long_dry,final_eval,0.0,0.0,0.0,999,21,2,4,2025-13,22,2,4,23,2,4,0,3,4,3,3,4,100.90059999999994,-199.2681,-193.7811999999999,-161.58844,100.90059999999994,199.2681,193.7811999999999,161.58844
2025-04-02 22:00:00+00:00,long_dry,final_eval,0.0,0.0,0.0,999,22,2,4,2025-13,23,2,4,0,3,4,1,3,4,4,3,4,66.37850000000003,-55.99109999999996,-6.88445999999999,-70.59396000000001,66.37850000000003,55.99109999999996,6.88445999999999,70.59396000000001
2025-04-02 23:00:00+00:00,long_dry,final_eval,0.0,0.0,0.0,999,23,2,4,2025-13,0,3,4,1,3,4,2,3,4,5,3,4,-11.922900000000027,24.30444,-78.72739999999999,-61.793175000000005,11.922900000000027,24.30444,78.72739999999999,61.793175000000005
2025-04-03 00:00:00+00:00,long_dry,final_eval,0.0,0.0,0.0,999,0,3,4,2025-13,1,3,4,2,3,4,3,3,4,6,3,4,68.76935000000003,-5.823800000000006,-25.374300000000005,-19.5366,68.76935000000003,5.823800000000006,25.374300000000005,19.5366
2025-04-03 01:00:00+00:00,long_dry,final_eval,0.0,0.0,0.0,999,1,3,4,2025-13,2,3,4,3,3,4,4,3,4,7,3,4,-66.23395000000005,-62.90181999999999,-29.59228999999999,-25.636200000000002,66.23395000000005,62.90181999999999,29.59228999999999,25.636200000000002
2025-04-03 02:00:00+00:00,long_dry,final_eval,0.0,0.0,0.0,999,2,3,4,2025-13,3,3,4,4,3,4,5,3,4,8,3,4,-47.921479999999974,-24.053020000000004,-18.647620000000003,6.870600000000003,47.921479999999974,24.053020000000004,18.647620000000003,6.870600000000003
2025-04-03 03:00:00+00:00,long_dry,final_eval,0.0,0.0,0.0,999,3,3,4,2025-13,4,3,4,5,3,4,6,3,4,9,3,4,3.6984099999999955,1.9273299999999978,-2.109043,26.41583,3.6984099999999955,1.9273299999999978,2.109043,26.41583
2025-04-03 04:00:00+00:00,long_dry,final_eval,0.0,0.0,0.0,999,4,3,4,2025-13,5,3,4,6,3,4,7,3,4,10,3,4,3.2390899999999974,-0.42354199999999764,-17.179312,38.911130000000014,3.2390899999999974,0.42354199999999764,17.179312,38.911130000000014
2025-04-03 05:00:00+00:00,long_dry,final_eval,0.0,0.0,0.0,999,5,3,4,2025-13,6,3,4,7,3,4,8,3,4,11,3,4,0.9086720000000028,-15.33372,14.801803999999997,176.683,0.9086720000000028,15.33372,14.801803999999997,176.683
2025-04-03 06:00:00+00:00,long_dry,final_eval,0.0,0.0,0.0,999,6,3,4,2025-13,7,3,4,8,3,4,9,3,4,12,3,4,-16.530436,4.8951569999999975,36.82561,487.66100000000006,16.530436,4.8951569999999975,36.82561,487.66100000000006
2025-04-03 07:00:00+00:00,long_dry,final_eval,0.0,0.0,0.0,999,7,3,4,2025-13,8,3,4,9,3,4,10,3,4,13,3,4,10.057810000000003,49.865489999999994,132.88074,-80.97199999999998,10.057810000000003,49.865489999999994,132.88074,80.97199999999998
2025-04-03 08:00:00+00:00,long_dry,final_eval,0.0,0.0,0.0,999,8,3,4,2025-13,9,3,4,10,3,4,11,3,4,14,3,4,23.223309999999998,89.18964,111.17334000000005,-230.2581,23.223309999999998,89.18964,111.17334000000005,230.2581
2025-04-03 09:00:00+00:00,long_dry,final_eval,0.0,0.0,0.0,999,9,3,4,2025-13,10,3,4,11,3,4,12,3,4,15,3,4,-69.28485,27.037050000000022,520.9522999999999,-274.1086,69.28485,27.037050000000022,520.9522999999999,274.1086
2025-04-03 10:00:00+00:00,long_dry,final_eval,0.0,0.0,0.0,999,10,3,4,2025-13,11,3,4,12,3,4,13,3,4,16,3,4,10.059099999999944,541.1062999999999,-197.5199,-156.29469999999992,10.059099999999944,541.1062999999999,197.5199,156.29469999999992
2025-04-03 11:00:00+00:00,long_dry,final_eval,0.0,0.0,0.0,999,11,3,4,2025-13,12,3,4,13,3,4,14,3,4,17,3,4,544.9247,-160.12979999999993,-435.7749,29.93769999999995,544.9247,160.12979999999993,435.7749,29.93769999999995
2025-04-03 12:00:00+00:00,long_dry,final_eval,0.0,0.0,0.0,999,12,3,4,2025-13,13,3,4,14,3,4,15,3,4,18,3,4,-196.68730000000005,-344.2617,-119.11440000000005,208.2119,196.68730000000005,344.2617,119.11440000000005,208.2119
2025-04-03 13:00:00+00:00,long_dry,final_eval,0.0,0.0,0.0,999,13,3,4,2025-13,14,3,4,15,3,4,16,3,4,19,3,4,-251.29944,-63.17065000000002,1.961400000000026,537.6406,251.29944,63.17065000000002,1.961400000000026,537.6406
2025-04-03 14:00:00+00:00,long_dry,final_eval,0.0,0.0,0.0,999,14,3,4,2025-13,15,3,4,16,3,4,17,3,4,20,3,4,74.53330000000005,143.4448,170.9805,520.7864999999999,74.53330000000005,143.4448,170.9805,520.7864999999999
2025-04-03 15:00:00+00:00,long_dry,final_eval,0.0,0.0,0.0,999,15,3,4,2025-13,16,3,4,17,3,4,18,3,4,21,3,4,67.39639999999997,148.89666999999997,118.23360000000002,855.2992999999999,67.39639999999997,148.89666999999997,118.23360000000002,855.2992999999999
2025-04-03 16:00:00+00:00,long_dry,final_eval,0.0,0.0,0.0,999,16,3,4,2025-13,17,3,4,18,3,4,19,3,4,22,3,4,103.41539999999998,119.3563999999999,439.1382000000001,776.3773000000001,103.41539999999998,119.3563999999999,439.1382000000001,776.3773000000001
2025-04-03 17:00:00+00:00,long_dry,final_eval,0.0,0.0,0.0,999,17,3,4,2025-13,18,3,4,19,3,4,20,3,4,23,3,4,-106.0598,127.13660000000004,382.0655999999999,477.0094999999999,106.0598,127.13660000000004,382.0655999999999,477.0094999999999
2025-04-03 18:00:00+00:00,long_dry,final_eval,0.0,0.0,0.0,999,18,3,4,2025-13,19,3,4,20,3,4,21,3,4,0,4,4,123.92180000000008,256.4357,793.8652,237.99070000000006,123.92180000000008,256.4357,793.8652,237.99070000000006
2025-04-03 19:00:00+00:00,long_dry,final_eval,0.0,0.0,0.0,999,19,3,4,2025-13,20,3,4,21,3,4,22,3,4,1,4,4,204.0709999999999,655.8672999999999,760.5956000000001,195.58720000000005,204.0709999999999,655.8672999999999,760.5956000000001,195.58720000000005
2025-04-03 20:00:00+00:00,long_dry,final_eval,0.0,0.0,0.0,999,20,3,4,2025-13,21,3,4,22,3,4,23,3,4,2,4,4,726.1418000000001,597.2517,319.52690000000007,114.44353999999998,726.1418000000001,597.2517,319.52690000000007,114.44353999999998
2025-04-03 21:00:00+00:00,long_dry,final_eval,0.0,0.0,0.0,999,21,3,4,2025-13,22,3,4,23,3,4,0,4,4,3,4,4,605.425,218.86079999999993,50.230800000000045,50.86790000000002,605.425,218.86079999999993,50.230800000000045,50.86790000000002
2025-04-03 22:00:00+00:00,long_dry,final_eval,0.0,0.0,0.0,999,22,3,4,2025-13,23,3,4,0,4,4,1,4,4,4,4,4,436.828,120.89450000000011,162.5122,4.970490000000012,436.828,120.89450000000011,162.5122,4.970490000000012
2025-04-03 23:00:00+00:00,long_dry,final_eval,0.0,0.0,0.0,999,23,3,4,2025-13,0,4,4,1,4,4,2,4,4,5,4,4,148.3411000000001,194.26059999999995,87.63310000000001,-13.637599999999992,148.3411000000001,194.26059999999995,87.63310000000001,13.637599999999992
2025-04-04 00:00:00+00:00,long_dry,final_eval,0.0,0.0,0.0,999,0,4,4,2025-13,1,4,4,2,4,4,3,4,4,6,4,4,114.06910000000005,78.27013999999997,77.56887999999998,-4.83793,114.06910000000005,78.27013999999997,77.56887999999998,4.83793
2025-04-04 01:00:00+00:00,long_dry,final_eval,0.0,0.0,0.0,999,1,4,4,2025-13,2,4,4,3,4,4,4,4,4,7,4,4,51.29899999999998,40.61917,9.582459999999998,-33.435993,51.29899999999998,40.61917,9.582459999999998,33.435993
2025-04-04 20:00:00+00:00,recent_rain,final_eval,0.0,1.7,1.9000000000000001,3,20,4,4,2025-13,21,4,4,22,4,4,23,4,4,2,5,4,785.2299,481.5028,384.45540000000005,187.89070000000004,785.2299,481.5028,384.45540000000005,187.89070000000004
2025-04-04 21:00:00+00:00,recent_rain,final_eval,0.0,1.7,1.9000000000000001,4,21,4,4,2025-13,22,4,4,23,4,4,0,5,4,3,5,4,439.0507,257.6977999999999,24.857899999999972,212.57825000000003,439.0507,257.6977999999999,24.857899999999972,212.57825000000003
2025-04-04 22:00:00+00:00,recent_rain,final_eval,0.0,1.7,1.9000000000000001,5,22,4,4,2025-13,23,4,4,0,5,4,1,5,4,4,5,4,511.19229999999993,159.9967999999999,187.91409999999996,224.86658,511.19229999999993,159.9967999999999,187.91409999999996,224.86658
2025-04-04 23:00:00+00:00,recent_rain,final_eval,0.0,1.7,1.9000000000000001,6,23,4,4,2025-13,0,5,4,1,5,4,2,5,4,5,5,4,153.27150000000006,221.03970000000004,90.88599999999997,154.64821,153.27150000000006,221.03970000000004,90.88599999999997,154.64821
2025-04-05 00:00:00+00:00,recent_rain,final_eval,0.0,1.5999999999999999,1.9000000000000001,7,0,5,4,2025-13,1,5,4,2,5,4,3,5,4,6,5,4,179.92599999999993,129.29614000000004,118.41234999999995,67.63024999999999,179.92599999999993,129.29614000000004,118.41234999999995,67.63024999999999
2025-04-05 01:00:00+00:00,recent_rain,final_eval,0.0,1.4999999999999998,1.9000000000000001,8,1,5,4,2025-13,2,5,4,3,5,4,4,5,4,7,5,4,106.22080000000005,97.37099999999998,123.1329,8.152370000000005,106.22080000000005,97.37099999999998,123.1329,8.152370000000005
2025-04-05 02:00:00+00:00,recent_rain,final_eval,0.0,1.2999999999999998,1.9000000000000001,9,2,5,4,2025-13,3,5,4,4,5,4,5,5,4,8,5,4,18.966199999999958,61.47399999999999,81.51702999999998,-1.7158739999999995,18.966199999999958,61.47399999999999,81.51702999999998,1.7158739999999995
2025-04-05 12:00:00+00:00,recovery,final_eval,0.0,16.0,17.6,1,12,5,4,2025-13,13,5,4,14,5,4,15,5,4,18,5,4,-29.615099999999984,114.95039999999995,501.7445,795.4776999999999,29.615099999999984,114.95039999999995,501.7445,795.4776999999999
2025-04-05 13:00:00+00:00,recovery,final_eval,0.0,16.0,17.5,2,13,5,4,2025-13,14,5,4,15,5,4,16,5,4,19,5,4,76.89319999999998,378.57310000000007,568.9757999999999,821.2855,76.89319999999998,378.57310000000007,568.9757999999999,821.2855
2025-04-05 14:00:00+00:00,recovery,final_eval,0.0,16.0,17.3,3,14,5,4,2025-13,15,5,4,16,5,4,17,5,4,20,5,4,278.53150000000005,442.80639999999994,461.6952000000001,673.3806,278.53150000000005,442.80639999999994,461.6952000000001,673.3806
2025-04-06 11:00:00+00:00,recent_rain,final_eval,0.0,2.4,2.6999999999999997,10,11,6,4,2025-14,12,6,4,13,6,4,14,6,4,17,6,4,-181.25009999999997,139.9749999999999,561.4586999999999,152.0543,181.25009999999997,139.9749999999999,561.4586999999999,152.0543
2025-04-06 12:00:00+00:00,recent_rain,final_eval,0.0,2.4,2.4,11,12,6,4,2025-14,13,6,4,14,6,4,15,6,4,18,6,4,108.80809999999997,494.71810000000005,338.88599999999997,27.0320999999999,108.80809999999997,494.71810000000005,338.88599999999997,27.0320999999999
2025-04-06 21:00:00+00:00,recovery,final_eval,0.0,5.0,7.4,1,21,6,4,2025-14,22,6,4,23,6,4,0,0,4,3,0,4,-502.65380000000005,-413.58979999999997,-390.86789999999996,-248.36901999999998,502.65380000000005,413.58979999999997,390.86789999999996,248.36901999999998
2025-04-06 22:00:00+00:00,recovery,final_eval,0.0,5.0,7.4,2,22,6,4,2025-14,23,6,4,0,0,4,1,0,4,4,0,4,-73.83720000000005,2.8573000000000093,-62.149599999999964,-54.58615,73.83720000000005,2.8573000000000093,62.149599999999964,54.58615
2025-04-06 23:00:00+00:00,recovery,final_eval,0.0,5.0,7.4,3,23,6,4,2025-14,0,0,4,1,0,4,2,0,4,5,0,4,-11.183999999999969,-56.38599999999997,36.66888,-61.3566,11.183999999999969,56.38599999999997,36.66888,61.3566
2025-04-07 21:00:00+00:00,recovery,final_eval,0.0,12.699999999999998,15.099999999999996,1,21,0,4,2025-14,22,0,4,23,0,4,0,1,4,3,1,4,46.877300000000105,-28.208599999999933,-36.686500000000024,3.9284999999999854,46.877300000000105,28.208599999999933,36.686500000000024,3.9284999999999854
2025-04-07 22:00:00+00:00,recovery,final_eval,0.0,11.499999999999998,15.099999999999996,2,22,0,4,2025-14,23,0,4,0,1,4,1,1,4,4,1,4,43.2041999999999,-30.84436000000005,-7.9348999999999705,-15.326355000000007,43.2041999999999,30.84436000000005,7.9348999999999705,15.326355000000007
2025-04-07 23:00:00+00:00,recovery,final_eval,0.0,10.499999999999998,15.099999999999996,3,23,0,4,2025-14,0,1,4,1,1,4,2,1,4,5,1,4,-64.13684,-46.733299999999986,-59.92554000000001,-29.022289999999998,64.13684,46.733299999999986,59.92554000000001,29.022289999999998
2025-04-09 05:00:00+00:00,long_dry,final_eval,0.0,0.0,0.0,999,5,2,4,2025-14,6,2,4,7,2,4,8,2,4,11,2,4,-13.788822,-13.308910000000001,11.417167999999997,164.40326000000005,13.788822,13.308910000000001,11.417167999999997,164.40326000000005
2025-04-09 06:00:00+00:00,long_dry,final_eval,0.0,0.0,0.0,999,6,2,4,2025-14,7,2,4,8,2,4,9,2,4,12,2,4,-11.813543,4.889305,15.611435,369.4824000000001,11.813543,4.889305,15.611435,369.4824000000001
2025-04-09 07:00:00+00:00,long_dry,final_eval,0.0,0.0,0.0,999,7,2,4,2025-14,8,2,4,9,2,4,10,2,4,13,2,4,6.5585669999999965,19.089714,22.319180000000017,-30.37805000000003,6.5585669999999965,19.089714,22.319180000000017,30.37805000000003
2025-04-09 08:00:00+00:00,long_dry,final_eval,0.0,0.0,0.0,999,8,2,4,2025-14,9,2,4,10,2,4,11,2,4,14,2,4,1.6083500000000015,1.3026699999999778,101.12572999999998,-192.04489999999998,1.6083500000000015,1.3026699999999778,101.12572999999998,192.04489999999998
2025-04-09 09:00:00+00:00,long_dry,final_eval,0.0,0.0,0.0,999,9,2,4,2025-14,10,2,4,11,2,4,12,2,4,15,2,4,-37.58307000000002,112.0738,386.0934,-211.41724,37.58307000000002,112.0738,386.0934,211.41724
2025-04-09 10:00:00+00:00,long_dry,final_eval,0.0,0.0,0.0,999,10,2,4,2025-14,11,2,4,12,2,4,13,2,4,16,2,4,112.83669999999995,444.86840000000007,-154.29880000000003,-177.81066999999996,112.83669999999995,444.86840000000007,154.29880000000003,177.81066999999996
2025-04-09 11:00:00+00:00,long_dry,final_eval,0.0,0.0,0.0,999,11,2,4,2025-14,12,2,4,13,2,4,14,2,4,17,2,4,416.6027999999999,-34.05160000000001,-299.79047,-50.253799999999956,416.6027999999999,34.05160000000001,299.79047,50.253799999999956
2025-04-09 12:00:00+00:00,long_dry,final_eval,0.0,0.0,0.0,999,12,2,4,2025-14,13,2,4,14,2,4,15,2,4,18,2,4,-123.16529999999989,-242.33483999999999,-53.214969999999994,34.87199999999996,123.16529999999989,242.33483999999999,53.214969999999994,34.87199999999996
2025-04-09 13:00:00+00:00,long_dry,final_eval,0.0,0.0,0.0,999,13,2,4,2025-14,14,2,4,15,2,4,16,2,4,19,2,4,-236.89624000000003,-77.15593999999999,-18.692570000000046,345.1700000000001,236.89624000000003,77.15593999999999,18.692570000000046,345.1700000000001
2025-04-09 14:00:00+00:00,long_dry,final_eval,0.0,0.0,0.0,999,14,2,4,2025-14,15,2,4,16,2,4,17,2,4,20,2,4,52.56079999999997,119.97140000000002,79.33910000000003,272.2668000000001,52.56079999999997,119.97140000000002,79.33910000000003,272.2668000000001
2025-04-09 15:00:00+00:00,long_dry,final_eval,0.0,0.0,0.0,999,15,2,4,2025-14,16,2,4,17,2,4,18,2,4,21,2,4,51.50165000000004,67.37300000000005,-30.157300000000077,750.3795,51.50165000000004,67.37300000000005,30.157300000000077,750.3795
2025-04-09 16:00:00+00:00,long_dry,final_eval,0.0,0.0,0.0,999,16,2,4,2025-14,17,2,4,18,2,4,19,2,4,22,2,4,11.577940000000012,-14.851199999999949,315.5160000000001,442.51839999999993,11.577940000000012,14.851199999999949,315.5160000000001,442.51839999999993
2025-04-09 17:00:00+00:00,long_dry,final_eval,0.0,0.0,0.0,999,17,2,4,2025-14,18,2,4,19,2,4,20,2,4,23,2,4,-213.52610000000004,15.087399999999889,149.69409999999993,352.7354,213.52610000000004,15.087399999999889,149.69409999999993,352.7354
2025-04-09 18:00:00+00:00,long_dry,final_eval,0.0,0.0,0.0,999,18,2,4,2025-14,19,2,4,20,2,4,21,2,4,0,3,4,101.8952999999999,125.84609999999998,741.5808,121.62316999999996,101.8952999999999,125.84609999999998,741.5808,121.62316999999996
2025-04-09 19:00:00+00:00,long_dry,final_eval,0.0,0.0,0.0,999,19,2,4,2025-14,20,2,4,21,2,4,22,2,4,1,3,4,-23.15859999999998,535.3662999999999,413.85660000000007,-54.1191,23.15859999999998,535.3662999999999,413.85660000000007,54.1191
2025-04-09 20:00:00+00:00,long_dry,final_eval,0.0,0.0,0.0,999,20,2,4,2025-14,21,2,4,22,2,4,23,2,4,2,3,4,638.4473,274.0488,156.12120000000004,-92.38589999999999,638.4473,274.0488,156.12120000000004,92.38589999999999
2025-04-09 21:00:00+00:00,long_dry,final_eval,0.0,0.0,0.0,999,21,2,4,2025-14,22,2,4,23,2,4,0,3,4,3,3,4,301.71530000000007,88.09989999999993,-100.096,-146.6621,301.71530000000007,88.09989999999993,100.096,146.6621
2025-04-09 22:00:00+00:00,long_dry,final_eval,0.0,0.0,0.0,999,22,2,4,2025-14,23,2,4,0,3,4,1,3,4,4,3,4,277.0248999999999,-14.00500000000011,-43.33699999999999,-54.223540000000014,277.0248999999999,14.00500000000011,43.33699999999999,54.223540000000014
2025-04-09 23:00:00+00:00,long_dry,final_eval,0.0,0.0,0.0,999,23,2,4,2025-14,0,3,4,1,3,4,2,3,4,5,3,4,-16.69470000000001,-37.13779999999997,-96.82799999999997,-61.793279999999996,16.69470000000001,37.13779999999997,96.82799999999997,61.793279999999996
2025-04-10 00:00:00+00:00,long_dry,final_eval,0.0,0.0,0.0,999,0,3,4,2025-14,1,3,4,2,3,4,3,3,4,6,3,4,-3.057860000000005,-33.77719999999999,-47.486699999999985,-46.153778,3.057860000000005,33.77719999999999,47.486699999999985,46.153778
2025-04-10 01:00:00+00:00,long_dry,final_eval,0.0,0.0,0.0,999,1,3,4,2025-14,2,3,4,3,3,4,4,3,4,7,3,4,-96.93133999999998,-86.68103000000002,-30.556690000000003,-18.727413,96.93133999999998,86.68103000000002,30.556690000000003,18.727413
2025-04-10 02:00:00+00:00,long_dry,final_eval,0.0,0.0,0.0,999,2,3,4,2025-14,3,3,4,4,3,4,5,3,4,8,3,4,-43.36995999999999,-11.57956999999999,-23.896469999999994,6.956474,43.36995999999999,11.57956999999999,23.896469999999994,6.956474
2025-04-10 03:00:00+00:00,long_dry,final_eval,0.0,0.0,0.0,999,3,3,4,2025-14,4,3,4,5,3,4,6,3,4,9,3,4,9.299170000000004,-2.5941279999999978,-24.243479999999998,-1.464570000000009,9.299170000000004,2.5941279999999978,24.243479999999998,1.464570000000009
2025-04-10 04:00:00+00:00,long_dry,final_eval,0.0,0.0,0.0,999,4,3,4,2025-14,5,3,4,6,3,4,7,3,4,10,3,4,-5.3332440000000005,-24.928257000000002,-11.655937000000002,-15.283659999999998,5.3332440000000005,24.928257000000002,11.655937000000002,15.283659999999998
2025-04-10 05:00:00+00:00,long_dry,final_eval,0.0,0.0,0.0,999,5,3,4,2025-14,6,3,4,7,3,4,8,3,4,11,3,4,-23.819405000000003,-9.945501,15.375853999999997,156.91724,23.819405000000003,9.945501,15.375853999999997,156.91724
2025-04-10 06:00:00+00:00,long_dry,final_eval,0.0,0.0,0.0,999,6,3,4,2025-14,7,3,4,8,3,4,9,3,4,12,3,4,-7.877565000000001,7.576045999999998,14.353480000000005,417.4055000000001,7.877565000000001,7.576045999999998,14.353480000000005,417.4055000000001
2025-04-10 07:00:00+00:00,long_dry,final_eval,0.0,0.0,0.0,999,7,3,4,2025-14,8,3,4,9,3,4,10,3,4,13,3,4,-1.4229350000000025,-2.8749699999999905,-62.77141999999998,80.34659999999997,1.4229350000000025,2.8749699999999905,62.77141999999998,80.34659999999997
2025-04-10 08:00:00+00:00,long_dry,final_eval,0.0,0.0,0.0,999,8,3,4,2025-14,9,3,4,10,3,4,11,3,4,14,3,4,-0.8862599999999929,29.261169999999993,84.90734999999995,-98.92505000000006,0.8862599999999929,29.261169999999993,84.90734999999995,98.92505000000006
2025-04-10 09:00:00+00:00,long_dry,final_eval,0.0,0.0,0.0,999,9,3,4,2025-14,10,3,4,11,3,4,12,3,4,15,3,4,0.9181199999999876,128.23490000000004,459.0800999999999,-223.7717,0.9181199999999876,128.23490000000004,459.0800999999999,223.7717
2025-04-10 10:00:00+00:00,long_dry,final_eval,0.0,0.0,0.0,999,10,3,4,2025-14,11,3,4,12,3,4,13,3,4,16,3,4,37.09050000000002,480.6652999999999,-126.85380000000009,-214.7917,37.09050000000002,480.6652999999999,126.85380000000009,214.7917
2025-04-10 11:00:00+00:00,long_dry,final_eval,0.0,0.0,0.0,999,11,3,4,2025-14,12,3,4,13,3,4,14,3,4,17,3,4,455.2845,-84.29320000000007,-283.83453,-71.231,455.2845,84.29320000000007,283.83453,71.231
2025-04-12 13:00:00+00:00,recovery,final_eval,0.0,6.6,40.300000000000004,1,13,5,4,2025-14,14,5,4,15,5,4,16,5,4,19,5,4,104.31309999999996,289.7523,421.54679999999996,536.34216,104.31309999999996,289.7523,421.54679999999996,536.34216
2025-04-14 06:00:00+00:00,long_dry,final_eval,0.0,0.0,0.0,999,6,0,4,2025-15,7,0,4,8,0,4,9,0,4,12,0,4,-7.324814,16.880848,64.83148,156.14200000000005,7.324814,16.880848,64.83148,156.14200000000005
2025-04-14 07:00:00+00:00,long_dry,final_eval,0.0,0.0,0.0,999,7,0,4,2025-15,8,0,4,9,0,4,10,0,4,13,0,4,17.109875000000002,66.112305,122.08663999999999,-66.31500000000005,17.109875000000002,66.112305,122.08663999999999,66.31500000000005
2025-04-14 08:00:00+00:00,long_dry,final_eval,0.0,0.0,0.0,999,8,0,4,2025-15,9,0,4,10,0,4,11,0,4,14,0,4,43.12984,85.42365000000001,-4.549560000000042,-22.11130000000003,43.12984,85.42365000000001,4.549560000000042,22.11130000000003
2025-04-14 09:00:00+00:00,long_dry,final_eval,0.0,0.0,0.0,999,9,0,4,2025-15,10,0,4,11,0,4,12,0,4,15,0,4,-88.35622999999998,-107.77166999999997,138.31040000000007,-143.27480000000003,88.35622999999998,107.77166999999997,138.31040000000007,143.27480000000003
2025-04-14 10:00:00+00:00,long_dry,final_eval,0.0,0.0,0.0,999,10,0,4,2025-15,11,0,4,12,0,4,13,0,4,16,0,4,-150.15830000000005,135.94640000000004,-132.65857000000005,98.00072999999998,150.15830000000005,135.94640000000004,132.65857000000005,98.00072999999998
2025-04-14 11:00:00+00:00,long_dry,final_eval,0.0,0.0,0.0,999,11,0,4,2025-15,12,0,4,13,0,4,14,0,4,17,0,4,59.0471,-243.09030000000007,-256.67487000000006,222.93190000000004,59.0471,243.09030000000007,256.67487000000006,222.93190000000004
2025-04-14 12:00:00+00:00,long_dry,final_eval,0.0,0.0,0.0,999,12,0,4,2025-15,13,0,4,14,0,4,15,0,4,18,0,4,-231.18579999999997,-175.86834999999996,-43.074160000000006,395.496,231.18579999999997,175.86834999999996,43.074160000000006,395.496
2025-04-14 13:00:00+00:00,long_dry,final_eval,0.0,0.0,0.0,999,13,0,4,2025-15,14,0,4,15,0,4,16,0,4,19,0,4,-134.13660000000004,-51.098139999999944,65.42819999999995,418.97399999999993,134.13660000000004,51.098139999999944,65.42819999999995,418.97399999999993
2025-04-14 14:00:00+00:00,long_dry,final_eval,0.0,0.0,0.0,999,14,0,4,2025-15,15,0,4,16,0,4,17,0,4,20,0,4,21.440000000000055,132.98315000000002,133.6295,475.41020000000003,21.440000000000055,132.98315000000002,133.6295,475.41020000000003
2025-04-14 15:00:00+00:00,long_dry,final_eval,0.0,0.0,0.0,999,15,0,4,2025-15,16,0,4,17,0,4,18,0,4,21,0,4,179.62896999999998,261.0833,301.2162000000001,904.9574,179.62896999999998,261.0833,301.2162000000001,904.9574
2025-04-14 16:00:00+00:00,long_dry,final_eval,0.0,0.0,0.0,999,16,0,4,2025-15,17,0,4,18,0,4,19,0,4,22,0,4,96.47160000000008,185.1253999999999,267.2053000000001,845.5685000000001,96.47160000000008,185.1253999999999,267.2053000000001,845.5685000000001
2025-04-14 17:00:00+00:00,long_dry,final_eval,0.0,0.0,0.0,999,17,0,4,2025-15,18,0,4,19,0,4,20,0,4,23,0,4,186.61899999999991,172.9579000000001,405.0073,550.2906,186.61899999999991,172.9579000000001,405.0073,550.2906
2025-04-14 18:00:00+00:00,long_dry,final_eval,0.0,0.0,0.0,999,18,0,4,2025-15,19,0,4,20,0,4,21,0,4,0,1,4,154.14550000000008,347.2505000000001,896.9321,351.741,154.14550000000008,347.2505000000001,896.9321,351.741
2025-04-14 19:00:00+00:00,long_dry,final_eval,0.0,0.0,0.0,999,19,0,4,2025-15,20,0,4,21,0,4,22,0,4,1,1,4,412.5626,874.9039,827.8589999999999,156.99570000000006,412.5626,874.9039,827.8589999999999,156.99570000000006
2025-04-14 20:00:00+00:00,long_dry,final_eval,0.0,0.0,0.0,999,20,0,4,2025-15,21,0,4,22,0,4,23,0,4,2,1,4,907.0953,693.2224000000001,527.2563,-274.04413,907.0953,693.2224000000001,527.2563,274.04413
2025-04-14 21:00:00+00:00,long_dry,final_eval,0.0,0.0,0.0,999,21,0,4,2025-15,22,0,4,23,0,4,0,1,4,3,1,4,668.7653,434.44039999999995,232.85564999999997,-148.93338,668.7653,434.44039999999995,232.85564999999997,148.93338
2025-04-14 22:00:00+00:00,long_dry,final_eval,0.0,0.0,0.0,999,22,0,4,2025-15,23,0,4,0,1,4,1,1,4,4,1,4,549.2014999999999,247.23090000000002,108.298,-51.12323000000001,549.2014999999999,247.23090000000002,108.298,51.12323000000001
2025-04-14 23:00:00+00:00,long_dry,final_eval,0.0,0.0,0.0,999,23,0,4,2025-15,0,1,4,1,1,4,2,1,4,5,1,4,208.16879999999992,62.5933,-354.6703,-36.203810000000004,208.16879999999992,62.5933,354.6703,36.203810000000004
2025-04-15 00:00:00+00:00,long_dry,final_eval,0.0,0.0,0.0,999,0,1,4,2025-15,1,1,4,2,1,4,3,1,4,6,1,4,7.971599999999967,-344.94806000000005,-134.67791999999997,-13.373824999999997,7.971599999999967,344.94806000000005,134.67791999999997,13.373824999999997
2025-04-15 01:00:00+00:00,long_dry,final_eval,0.0,0.0,0.0,999,1,1,4,2025-15,2,1,4,3,1,4,4,1,4,7,1,4,-371.2306,-156.35257000000001,-51.988820000000004,-19.752533,371.2306,156.35257000000001,51.988820000000004,19.752533
2025-04-15 06:00:00+00:00,recovery,final_eval,0.0,6.3,6.3,1,6,1,4,2025-15,7,1,4,8,1,4,9,1,4,12,1,4,-21.967333,10.837173,63.39807999999999,291.1799000000001,21.967333,10.837173,63.39807999999999,291.1799000000001
2025-04-15 07:00:00+00:00,recovery,final_eval,0.0,6.3,6.3,2,7,1,4,2025-15,8,1,4,9,1,4,10,1,4,13,1,4,15.95019,76.39258,96.36880000000002,10.479199999999992,15.95019,76.39258,96.36880000000002,10.479199999999992
2025-04-15 08:00:00+00:00,recovery,final_eval,0.0,6.3,6.3,3,8,1,4,2025-15,9,1,4,10,1,4,11,1,4,14,1,4,46.79701,44.17534999999998,-11.074160000000006,-29.111760000000004,46.79701,44.17534999999998,11.074160000000006,29.111760000000004
2025-04-15 14:00:00+00:00,recovery,final_eval,0.0,6.4,6.4,1,14,1,4,2025-15,15,1,4,16,1,4,17,1,4,20,1,4,53.83460000000002,254.15643,134.65099999999995,183.53150000000005,53.83460000000002,254.15643,134.65099999999995,183.53150000000005
2025-04-15 15:00:00+00:00,recovery,final_eval,0.0,5.5,6.4,2,15,1,4,2025-15,16,1,4,17,1,4,18,1,4,21,1,4,202.96795999999995,142.77589999999998,48.221700000000055,738.1525999999999,202.96795999999995,142.77589999999998,48.221700000000055,738.1525999999999
2025-04-16 23:00:00+00:00,long_dry,final_eval,0.0,0.0,0.0,999,23,2,4,2025-15,0,3,4,1,3,4,2,3,4,5,3,4,92.79209999999989,34.19775000000004,27.744699999999966,-21.624210000000005,92.79209999999989,34.19775000000004,27.744699999999966,21.624210000000005
2025-04-17 00:00:00+00:00,long_dry,final_eval,0.0,0.0,0.0,999,0,3,4,2025-15,1,3,4,2,3,4,3,3,4,6,3,4,32.43475000000001,64.33870000000002,5.983339999999998,-29.390113999999997,32.43475000000001,64.33870000000002,5.983339999999998,29.390113999999997
2025-04-17 01:00:00+00:00,long_dry,final_eval,0.0,0.0,0.0,999,1,3,4,2025-15,2,3,4,3,3,4,4,3,4,7,3,4,11.094500000000039,-25.83044000000001,-2.9373500000000092,-11.559863999999997,11.094500000000039,25.83044000000001,2.9373500000000092,11.559863999999997
2025-04-17 02:00:00+00:00,long_dry,final_eval,0.0,0.0,0.0,999,2,3,4,2025-15,3,3,4,4,3,4,5,3,4,8,3,4,-98.82265999999998,-35.08099999999999,4.313286000000005,7.145805000000003,98.82265999999998,35.08099999999999,4.313286000000005,7.145805000000003
2025-04-17 03:00:00+00:00,long_dry,final_eval,0.0,0.0,0.0,999,3,3,4,2025-15,4,3,4,5,3,4,6,3,4,9,3,4,-7.944400000000002,9.471760000000003,-26.07676,33.900566,7.944400000000002,9.471760000000003,26.07676,33.900566
2025-04-17 04:00:00+00:00,long_dry,final_eval,0.0,0.0,0.0,999,4,3,4,2025-15,5,3,4,6,3,4,7,3,4,10,3,4,11.62688,-18.68005,-7.024639999999998,43.769349999999974,11.62688,18.68005,7.024639999999998,43.769349999999974
2025-04-17 05:00:00+00:00,long_dry,final_eval,0.0,0.0,0.0,999,5,3,4,2025-15,6,3,4,7,3,4,8,3,4,11,3,4,-16.552574,-5.9561920000000015,12.548760000000001,109.71343999999999,16.552574,5.9561920000000015,12.548760000000001,109.71343999999999
2025-04-17 06:00:00+00:00,long_dry,final_eval,0.0,0.0,0.0,999,6,3,4,2025-15,7,3,4,8,3,4,9,3,4,12,3,4,-3.8453620000000015,7.872489999999999,52.83846,201.9167,3.8453620000000015,7.872489999999999,52.83846,201.9167
2025-04-17 07:00:00+00:00,long_dry,final_eval,0.0,0.0,0.0,999,7,3,4,2025-15,8,3,4,9,3,4,10,3,4,13,3,4,5.145670000000003,47.25749999999999,67.21017,-12.347660000000019,5.145670000000003,47.25749999999999,67.21017,12.347660000000019
2025-04-17 08:00:00+00:00,long_dry,final_eval,0.0,0.0,0.0,999,8,3,4,2025-15,9,3,4,10,3,4,11,3,4,14,3,4,33.968180000000004,52.540070000000014,13.214839999999981,-22.663999999999987,33.968180000000004,52.540070000000014,13.214839999999981,22.663999999999987
2025-04-17 09:00:00+00:00,long_dry,final_eval,0.0,0.0,0.0,999,9,3,4,2025-15,10,3,4,11,3,4,12,3,4,15,3,4,-128.69376,-115.87570000000005,189.3677,-79.35033999999996,128.69376,115.87570000000005,189.3677,79.35033999999996
2025-04-17 10:00:00+00:00,long_dry,final_eval,0.0,0.0,0.0,999,10,3,4,2025-15,11,3,4,12,3,4,13,3,4,16,3,4,-51.041259999999966,238.567,-98.82140000000004,149.27679999999998,51.041259999999966,238.567,98.82140000000004,149.27679999999998
2025-04-17 11:00:00+00:00,long_dry,final_eval,0.0,0.0,0.0,999,11,3,4,2025-15,12,3,4,13,3,4,14,3,4,17,3,4,184.2260000000001,-182.7228,-265.283,70.78549999999996,184.2260000000001,182.7228,265.283,70.78549999999996
2025-04-17 12:00:00+00:00,long_dry,final_eval,0.0,0.0,0.0,999,12,3,4,2025-15,13,3,4,14,3,4,15,3,4,18,3,4,-73.3777,-50.08734000000004,115.98974999999996,374.8641,73.3777,50.08734000000004,115.98974999999996,374.8641
2025-04-17 13:00:00+00:00,long_dry,final_eval,0.0,0.0,0.0,999,13,3,4,2025-15,14,3,4,15,3,4,16,3,4,19,3,4,-88.51530000000002,52.61126999999999,212.8447,487.6027999999999,88.51530000000002,52.61126999999999,212.8447,487.6027999999999
2025-04-17 14:00:00+00:00,long_dry,final_eval,0.0,0.0,0.0,999,14,3,4,2025-15,15,3,4,16,3,4,17,3,4,20,3,4,107.24120000000005,281.1852,105.51189999999997,431.2982999999999,107.24120000000005,281.1852,105.51189999999997,431.2982999999999
2025-04-17 15:00:00+00:00,long_dry,final_eval,0.0,0.0,0.0,999,15,3,4,2025-15,16,3,4,17,3,4,18,3,4,21,3,4,256.23413000000005,147.68773999999996,209.68499999999995,907.046,256.23413000000005,147.68773999999996,209.68499999999995,907.046
2025-04-17 16:00:00+00:00,long_dry,final_eval,0.0,0.0,0.0,999,16,3,4,2025-15,17,3,4,18,3,4,19,3,4,22,3,4,-59.00170000000003,38.77310000000011,228.04639999999995,851.4255,59.00170000000003,38.77310000000011,228.04639999999995,851.4255
2025-04-17 17:00:00+00:00,long_dry,final_eval,0.0,0.0,0.0,999,17,3,4,2025-15,18,3,4,19,3,4,20,3,4,23,3,4,228.0521000000001,342.3955000000001,467.19319999999993,648.6714999999999,228.0521000000001,342.3955000000001,467.19319999999993,648.6714999999999
2025-04-17 18:00:00+00:00,long_dry,final_eval,0.0,0.0,0.0,999,18,3,4,2025-15,19,3,4,20,3,4,21,3,4,0,4,4,43.32040000000006,121.42200000000003,849.7261000000001,271.07360000000006,43.32040000000006,121.42200000000003,849.7261000000001,271.07360000000006
2025-04-17 19:00:00+00:00,long_dry,final_eval,0.0,0.0,0.0,999,19,3,4,2025-15,20,3,4,21,3,4,22,3,4,1,4,4,124.85310000000004,720.0302999999999,630.0197000000001,138.84839999999997,124.85310000000004,720.0302999999999,630.0197000000001,138.84839999999997
2025-04-17 20:00:00+00:00,long_dry,final_eval,0.0,0.0,0.0,999,20,3,4,2025-15,21,3,4,22,3,4,23,3,4,2,4,4,815.3563999999999,506.1763000000001,398.9052999999999,139.42553999999996,815.3563999999999,506.1763000000001,398.9052999999999,139.42553999999996
2025-04-17 21:00:00+00:00,long_dry,final_eval,0.0,0.0,0.0,999,21,3,4,2025-15,22,3,4,23,3,4,0,4,4,3,4,4,427.53610000000003,247.0281,56.200399999999945,27.021000000000015,427.53610000000003,247.0281,56.200399999999945,27.021000000000015
2025-04-17 22:00:00+00:00,long_dry,final_eval,0.0,0.0,0.0,999,22,3,4,2025-15,23,3,4,0,4,4,1,4,4,4,4,4,451.09529999999995,118.21730000000002,81.76379999999995,-29.655640000000005,451.09529999999995,118.21730000000002,81.76379999999995,29.655640000000005
2025-04-17 23:00:00+00:00,long_dry,final_eval,0.0,0.0,0.0,999,23,3,4,2025-15,0,4,4,1,4,4,2,4,4,5,4,4,84.80439999999999,66.14469999999994,58.538599999999974,-23.312909999999988,84.80439999999999,66.14469999999994,58.538599999999974,23.312909999999988
2025-04-18 00:00:00+00:00,long_dry,final_eval,0.0,0.0,0.0,999,0,4,4,2025-15,1,4,4,2,4,4,3,4,4,6,4,4,53.66240000000005,92.28375000000005,62.37792999999999,-0.8828699999999969,53.66240000000005,92.28375000000005,62.37792999999999,0.8828699999999969
2025-04-18 01:00:00+00:00,long_dry,final_eval,0.0,0.0,0.0,999,1,4,4,2025-15,2,4,4,3,4,4,4,4,4,7,4,4,74.63919999999996,30.784730000000025,-15.89367999999999,-19.232944000000003,74.63919999999996,30.784730000000025,15.89367999999999,19.232944000000003
2025-04-18 02:00:00+00:00,long_dry,final_eval,0.0,0.0,0.0,999,2,4,4,2025-15,3,4,4,4,4,4,5,4,4,8,4,4,-65.41830000000004,-46.56594999999999,-1.606970000000004,5.551197000000002,65.41830000000004,46.56594999999999,1.606970000000004,5.551197000000002
2025-04-18 03:00:00+00:00,long_dry,final_eval,0.0,0.0,0.0,999,3,4,4,2025-15,4,4,4,5,4,4,6,4,4,9,4,4,-27.823820000000012,8.504869999999997,1.2603759999999937,-22.69460000000001,27.823820000000012,8.504869999999997,1.2603759999999937,22.69460000000001
2025-04-18 04:00:00+00:00,long_dry,final_eval,0.0,0.0,0.0,999,4,4,4,2025-15,5,4,4,6,4,4,7,4,4,10,4,4,15.008979999999994,23.822853000000002,-4.157119999999999,110.72107,15.008979999999994,23.822853000000002,4.157119999999999,110.72107
2025-04-18 05:00:00+00:00,long_dry,final_eval,0.0,0.0,0.0,999,5,4,4,2025-15,6,4,4,7,4,4,8,4,4,11,4,4,21.389004,-7.47166,15.023319999999998,-109.33219999999994,21.389004,7.47166,15.023319999999998,109.33219999999994
2025-04-18 06:00:00+00:00,long_dry,final_eval,0.0,0.0,0.0,999,6,4,4,2025-15,7,4,4,8,4,4,9,4,4,12,4,4,-5.155155000000001,11.199272,8.721999999999994,-153.5702000000001,5.155155000000001,11.199272,8.721999999999994,153.5702000000001
2025-04-18 07:00:00+00:00,long_dry,final_eval,0.0,0.0,0.0,999,7,4,4,2025-15,8,4,4,9,4,4,10,4,4,13,4,4,14.316338000000002,17.31827,80.3132,-144.683,14.316338000000002,17.31827,80.3132,144.683
2025-04-18 08:00:00+00:00,long_dry,final_eval,0.0,0.0,0.0,999,8,4,4,2025-15,9,4,4,10,4,4,11,4,4,14,4,4,-4.550409999999999,48.42673000000002,-172.2708,143.00789999999995,4.550409999999999,48.42673000000002,172.2708,143.00789999999995
2025-04-18 09:00:00+00:00,long_dry,final_eval,0.0,0.0,0.0,999,9,4,4,2025-15,10,4,4,11,4,4,12,4,4,15,4,4,16.15233999999998,-77.51025000000004,-17.715200000000095,120.72630000000004,16.15233999999998,77.51025000000004,17.715200000000095,120.72630000000004
2025-04-18 10:00:00+00:00,long_dry,final_eval,0.0,0.0,0.0,999,10,4,4,2025-15,11,4,4,12,4,4,13,4,4,16,4,4,-173.75336000000004,0.7744000000000142,-141.17139999999995,174.3364999999999,173.75336000000004,0.7744000000000142,141.17139999999995,174.3364999999999
2025-04-18 11:00:00+00:00,long_dry,final_eval,0.0,0.0,0.0,999,11,4,4,2025-15,12,4,4,13,4,4,14,4,4,17,4,4,36.99409999999989,-183.6953000000001,-120.3246999999999,331.5345,36.99409999999989,183.6953000000001,120.3246999999999,331.5345
2025-04-18 12:00:00+00:00,long_dry,final_eval,0.0,0.0,0.0,999,12,4,4,2025-15,13,4,4,14,4,4,15,4,4,18,4,4,-200.2877000000001,-95.97790000000009,97.62930000000006,508.03700000000003,200.2877000000001,95.97790000000009,97.62930000000006,508.03700000000003
2025-04-18 13:00:00+00:00,long_dry,final_eval,0.0,0.0,0.0,999,13,4,4,2025-15,14,4,4,15,4,4,16,4,4,19,4,4,89.38196000000005,218.53125,343.08169999999996,698.7041999999999,89.38196000000005,218.53125,343.08169999999996,698.7041999999999
2025-04-18 14:00:00+00:00,long_dry,final_eval,0.0,0.0,0.0,999,14,4,4,2025-15,15,4,4,16,4,4,17,4,4,20,4,4,-35.45970000000011,62.621799999999894,137.0168000000001,741.3657000000001,35.45970000000011,62.621799999999894,137.0168000000001,741.3657000000001
2025-04-18 15:00:00+00:00,long_dry,final_eval,0.0,0.0,0.0,999,15,4,4,2025-15,16,4,4,17,4,4,18,4,4,21,4,4,188.4937,285.46530000000007,329.59030000000007,796.9606000000001,188.4937,285.46530000000007,329.59030000000007,796.9606000000001
2025-04-18 16:00:00+00:00,long_dry,final_eval,0.0,0.0,0.0,999,16,4,4,2025-15,17,4,4,18,4,4,19,4,4,22,4,4,190.81050000000005,304.2493999999999,503.8330000000001,818.9694999999999,190.81050000000005,304.2493999999999,503.8330000000001,818.9694999999999
2025-04-18 17:00:00+00:00,long_dry,final_eval,0.0,0.0,0.0,999,17,4,4,2025-15,18,4,4,19,4,4,20,4,4,23,4,4,232.8574000000001,285.6117999999999,540.9934000000001,567.8562,232.8574000000001,285.6117999999999,540.9934000000001,567.8562
2025-04-18 18:00:00+00:00,long_dry,final_eval,0.0,0.0,0.0,999,18,4,4,2025-15,19,4,4,20,4,4,21,4,4,0,5,4,231.5552,337.07089999999994,613.6256000000001,365.894,231.5552,337.07089999999994,613.6256000000001,365.894
2025-04-18 19:00:00+00:00,long_dry,final_eval,0.0,0.0,0.0,999,19,4,4,2025-15,20,4,4,21,4,4,22,4,4,1,5,4,411.2687000000001,517.1602,588.9570000000001,99.94366000000002,411.2687000000001,517.1602,588.9570000000001,99.94366000000002
2025-04-18 20:00:00+00:00,long_dry,final_eval,0.0,0.0,0.0,999,20,4,4,2025-15,21,4,4,22,4,4,23,4,4,2,5,4,550.3804,461.93399999999997,380.36349999999993,141.01886000000002,550.3804,461.93399999999997,380.36349999999993,141.01886000000002
2025-04-18 21:00:00+00:00,long_dry,final_eval,0.0,0.0,0.0,999,21,4,4,2025-15,22,4,4,23,4,4,0,5,4,3,5,4,488.4055000000001,289.43229999999994,129.46659999999997,185.34173999999996,488.4055000000001,289.43229999999994,129.46659999999997,185.34173999999996
2025-04-18 22:00:00+00:00,long_dry,final_eval,0.0,0.0,0.0,999,22,4,4,2025-15,23,4,4,0,5,4,1,5,4,4,5,4,507.5211999999999,262.8073999999999,67.1699000000001,224.05933,507.5211999999999,262.8073999999999,67.1699000000001,224.05933
2025-04-18 23:00:00+00:00,long_dry,final_eval,0.0,0.0,0.0,999,23,4,4,2025-15,0,5,4,1,5,4,2,5,4,5,5,4,265.2319,110.26746000000003,54.42349999999999,173.02968,265.2319,110.26746000000003,54.42349999999999,173.02968
2025-04-19 00:00:00+00:00,long_dry,final_eval,0.0,0.0,0.0,999,0,5,4,2025-15,1,5,4,2,5,4,3,5,4,6,5,4,61.00770000000011,87.84490000000005,97.88445999999999,39.5223,61.00770000000011,87.84490000000005,97.88445999999999,39.5223
2025-04-19 01:00:00+00:00,long_dry,final_eval,0.0,0.0,0.0,999,1,5,4,2025-15,2,5,4,3,5,4,4,5,4,7,5,4,113.90769999999998,103.84406000000001,135.6479,19.195170000000005,113.90769999999998,103.84406000000001,135.6479,19.195170000000005
2025-04-19 02:00:00+00:00,long_dry,final_eval,0.0,0.0,0.0,999,2,5,4,2025-15,3,5,4,4,5,4,5,5,4,8,5,4,-0.8594000000000506,62.62689999999998,102.86700000000002,-9.870735000000003,0.8594000000000506,62.62689999999998,102.86700000000002,9.870735000000003
2025-04-19 03:00:00+00:00,long_dry,final_eval,0.0,0.0,0.0,999,3,5,4,2025-15,4,5,4,5,5,4,6,5,4,9,5,4,-37.965599999999995,64.32983000000002,31.64795000000001,-41.640510000000006,37.965599999999995,64.32983000000002,31.64795000000001,41.640510000000006
2025-04-19 04:00:00+00:00,long_dry,final_eval,0.0,0.0,0.0,999,4,5,4,2025-15,5,5,4,6,5,4,7,5,4,10,5,4,90.29807,-13.607400000000013,-4.946960000000004,-4.717770000000002,90.29807,13.607400000000013,4.946960000000004,4.717770000000002
2025-04-19 05:00:00+00:00,long_dry,final_eval,0.0,0.0,0.0,999,5,5,4,2025-15,6,5,4,7,5,4,8,5,4,11,5,4,-36.31569999999999,-24.94095999999999,-52.46464,-38.19889999999998,36.31569999999999,24.94095999999999,52.46464,38.19889999999998
2025-04-19 06:00:00+00:00,long_dry,final_eval,0.0,0.0,0.0,999,6,5,4,2025-15,7,5,4,8,5,4,9,5,4,12,5,4,38.20676,-7.781309999999998,-7.315380000000005,-92.2287,38.20676,7.781309999999998,7.315380000000005,92.2287
2025-04-19 07:00:00+00:00,long_dry,final_eval,0.0,0.0,0.0,999,7,5,4,2025-15,8,5,4,9,5,4,10,5,4,13,5,4,-8.730139999999999,-12.731093999999999,7.644869999999997,-29.163700000000063,8.730139999999999,12.731093999999999,7.644869999999997,29.163700000000063
2025-04-19 08:00:00+00:00,long_dry,final_eval,0.0,0.0,0.0,999,8,5,4,2025-15,9,5,4,10,5,4,11,5,4,14,5,4,-14.085205000000002,18.532549999999986,-83.17034999999998,217.7204999999999,14.085205000000002,18.532549999999986,83.17034999999998,217.7204999999999
2025-04-19 09:00:00+00:00,long_dry,final_eval,0.0,0.0,0.0,999,9,5,4,2025-15,10,5,4,11,5,4,12,5,4,15,5,4,23.523439999999994,-118.56700000000001,-210.19196,429.7176999999999,23.523439999999994,118.56700000000001,210.19196,429.7176999999999
2025-04-19 10:00:00+00:00,long_dry,final_eval,0.0,0.0,0.0,999,10,5,4,2025-15,11,5,4,12,5,4,13,5,4,16,5,4,-146.95391999999998,-247.82799999999997,69.40390000000002,448.1847,146.95391999999998,247.82799999999997,69.40390000000002,448.1847
2025-04-19 11:00:00+00:00,long_dry,final_eval,0.0,0.0,0.0,999,11,5,4,2025-15,12,5,4,13,5,4,14,5,4,17,5,4,-209.2346,97.7301,297.1223,493.7406000000001,209.2346,97.7301,297.1223,493.7406000000001
2025-04-19 12:00:00+00:00,long_dry,final_eval,0.0,0.0,0.0,999,12,5,4,2025-15,13,5,4,14,5,4,15,5,4,18,5,4,126.5693,275.106,463.7910999999999,560.3549,126.5693,275.106,463.7910999999999,560.3549
2025-04-19 13:00:00+00:00,long_dry,final_eval,0.0,0.0,0.0,999,13,5,4,2025-15,14,5,4,15,5,4,16,5,4,19,5,4,105.21019999999999,297.79459999999995,373.0287000000001,572.6357,105.21019999999999,297.79459999999995,373.0287000000001,572.6357
2025-04-19 14:00:00+00:00,long_dry,final_eval,0.0,0.0,0.0,999,14,5,4,2025-15,15,5,4,16,5,4,17,5,4,20,5,4,116.98080000000004,154.46260000000007,293.8651,452.14779999999996,116.98080000000004,154.46260000000007,293.8651,452.14779999999996
2025-04-19 15:00:00+00:00,long_dry,final_eval,0.0,0.0,0.0,999,15,5,4,2025-15,16,5,4,17,5,4,18,5,4,21,5,4,192.34130000000005,282.9338,430.0875000000001,518.7695000000001,192.34130000000005,282.9338,430.0875000000001,518.7695000000001
2025-04-19 16:00:00+00:00,long_dry,final_eval,0.0,0.0,0.0,999,16,5,4,2025-15,17,5,4,18,5,4,19,5,4,22,5,4,374.38159999999993,458.55330000000004,501.04600000000005,241.22180000000003,374.38159999999993,458.55330000000004,501.04600000000005,241.22180000000003
2025-04-19 17:00:00+00:00,long_dry,final_eval,0.0,0.0,0.0,999,17,5,4,2025-15,18,5,4,19,5,4,20,5,4,23,5,4,469.39699999999993,403.2297000000001,288.7325000000001,312.7648999999999,469.39699999999993,403.2297000000001,288.7325000000001,312.7648999999999
2025-04-19 18:00:00+00:00,long_dry,final_eval,0.0,0.0,0.0,999,18,5,4,2025-15,19,5,4,20,5,4,21,5,4,0,6,4,359.7702999999999,112.20260000000007,223.87519999999995,241.02999999999997,359.7702999999999,112.20260000000007,223.87519999999995,241.02999999999997
2025-04-19 19:00:00+00:00,long_dry,final_eval,0.0,0.0,0.0,999,19,5,4,2025-15,20,5,4,21,5,4,22,5,4,1,6,4,278.7095999999999,331.16100000000006,153.5399,52.92859999999996,278.7095999999999,331.16100000000006,153.5399,52.92859999999996
2025-04-19 20:00:00+00:00,long_dry,final_eval,0.0,0.0,0.0,999,20,5,4,2025-15,21,5,4,22,5,4,23,5,4,2,6,4,477.8451,267.5479,300.02,128.71954000000005,477.8451,267.5479,300.02,128.71954000000005
2025-04-19 21:00:00+00:00,long_dry,final_eval,0.0,0.0,0.0,999,21,5,4,2025-15,22,5,4,23,5,4,0,6,4,3,6,4,206.5657000000001,238.34300000000007,64.71440000000007,200.93169999999998,206.5657000000001,238.34300000000007,64.71440000000007,200.93169999999998
2025-04-19 22:00:00+00:00,long_dry,final_eval,0.0,0.0,0.0,999,22,5,4,2025-15,23,5,4,0,6,4,1,6,4,4,6,4,391.9121,289.7578000000001,141.65099999999995,186.2701,391.9121,289.7578000000001,141.65099999999995,186.2701
2025-04-19 23:00:00+00:00,long_dry,final_eval,0.0,0.0,0.0,999,23,5,4,2025-15,0,6,4,1,6,4,2,6,4,5,6,4,185.4366,113.10350000000005,65.20636000000002,135.25935,185.4366,113.10350000000005,65.20636000000002,135.25935
2025-04-20 00:00:00+00:00,long_dry,final_eval,0.0,0.0,0.0,999,0,6,4,2025-16,1,6,4,2,6,4,3,6,4,6,6,4,83.05200000000002,116.05340000000001,181.90020000000004,74.50686999999999,83.05200000000002,116.05340000000001,181.90020000000004,74.50686999999999
2025-04-20 01:00:00+00:00,long_dry,final_eval,0.0,0.0,0.0,999,1,6,4,2025-16,2,6,4,3,6,4,4,6,4,7,6,4,144.72680000000003,194.62212999999997,118.91037,3.91122,144.72680000000003,194.62212999999997,118.91037,3.91122
2025-04-20 02:00:00+00:00,long_dry,final_eval,0.0,0.0,0.0,999,2,6,4,2025-16,3,6,4,4,6,4,5,6,4,8,6,4,73.00170000000003,42.20925999999997,73.13427999999999,6.690820000000002,73.00170000000003,42.20925999999997,73.13427999999999,6.690820000000002
2025-04-20 03:00:00+00:00,long_dry,final_eval,0.0,0.0,0.0,999,3,6,4,2025-16,4,6,4,5,6,4,6,6,4,9,6,4,-55.70989999999995,33.67908,73.68485999999999,15.078239999999994,55.70989999999995,33.67908,73.68485999999999,15.078239999999994
2025-04-20 04:00:00+00:00,long_dry,final_eval,0.0,0.0,0.0,999,4,6,4,2025-16,5,6,4,6,6,4,7,6,4,10,6,4,66.79336999999998,31.50728000000001,-13.78161,26.58330000000001,66.79336999999998,31.50728000000001,13.78161,26.58330000000001
2025-04-20 05:00:00+00:00,long_dry,final_eval,0.0,0.0,0.0,999,5,6,4,2025-16,6,6,4,7,6,4,8,6,4,11,6,4,19.493419999999986,-21.80279999999999,-19.358850000000004,-15.048369999999977,19.493419999999986,21.80279999999999,19.358850000000004,15.048369999999977
2025-04-20 06:00:00+00:00,long_dry,final_eval,0.0,0.0,0.0,999,6,6,4,2025-16,7,6,4,8,6,4,9,6,4,12,6,4,7.316024999999996,2.7035139999999984,36.260310000000004,43.838750000000005,7.316024999999996,2.7035139999999984,36.260310000000004,43.838750000000005
2025-04-20 07:00:00+00:00,long_dry,final_eval,0.0,0.0,0.0,999,7,6,4,2025-16,8,6,4,9,6,4,10,6,4,13,6,4,12.179653000000002,37.60765000000001,30.75605999999999,-173.0601999999999,12.179653000000002,37.60765000000001,30.75605999999999,173.0601999999999
2025-04-20 08:00:00+00:00,long_dry,final_eval,0.0,0.0,0.0,999,8,6,4,2025-16,9,6,4,10,6,4,11,6,4,14,6,4,29.947174000000004,28.30779000000001,-110.33706999999998,114.53780000000006,29.947174000000004,28.30779000000001,110.33706999999998,114.53780000000006
2025-04-20 09:00:00+00:00,long_dry,final_eval,0.0,0.0,0.0,999,9,6,4,2025-16,10,6,4,11,6,4,12,6,4,15,6,4,-99.15816999999998,-271.9637,-344.70354999999995,195.70630000000006,99.15816999999998,271.9637,344.70354999999995,195.70630000000006
2025-04-20 10:00:00+00:00,long_dry,final_eval,0.0,0.0,0.0,999,10,6,4,2025-16,11,6,4,12,6,4,13,6,4,16,6,4,-174.46564,-218.39559999999994,-88.60442999999998,234.1181999999999,174.46564,218.39559999999994,88.60442999999998,234.1181999999999
2025-04-20 11:00:00+00:00,long_dry,final_eval,0.0,0.0,0.0,999,11,6,4,2025-16,12,6,4,13,6,4,14,6,4,17,6,4,-189.36030000000005,-66.06664999999998,202.10660000000007,261.3396,189.36030000000005,66.06664999999998,202.10660000000007,261.3396
2025-04-20 12:00:00+00:00,long_dry,final_eval,0.0,0.0,0.0,999,12,6,4,2025-16,13,6,4,14,6,4,15,6,4,18,6,4,-29.063840000000027,189.66419999999994,305.1249,346.8412000000001,29.063840000000027,189.66419999999994,305.1249,346.8412000000001
2025-04-20 13:00:00+00:00,long_dry,final_eval,0.0,0.0,0.0,999,13,6,4,2025-16,14,6,4,15,6,4,16,6,4,19,6,4,99.96090000000004,126.25620000000004,126.70679999999993,262.69229999999993,99.96090000000004,126.25620000000004,126.70679999999993,262.69229999999993
2025-04-20 14:00:00+00:00,long_dry,final_eval,0.0,0.0,0.0,999,14,6,4,2025-16,15,6,4,16,6,4,17,6,4,20,6,4,30.424299999999903,29.48160000000007,80.22510000000011,379.0510999999999,30.424299999999903,29.48160000000007,80.22510000000011,379.0510999999999
2025-04-20 15:00:00+00:00,long_dry,final_eval,0.0,0.0,0.0,999,15,6,4,2025-16,16,6,4,17,6,4,18,6,4,21,6,4,75.97510000000011,102.98129999999992,229.16200000000003,358.2195999999999,75.97510000000011,102.98129999999992,229.16200000000003,358.2195999999999
2025-04-20 16:00:00+00:00,long_dry,final_eval,0.0,0.0,0.0,999,16,6,4,2025-16,17,6,4,18,6,4,19,6,4,22,6,4,224.23399999999992,348.40650000000005,342.95810000000006,142.78469999999993,224.23399999999992,348.40650000000005,342.95810000000006,142.78469999999993
2025-04-20 17:00:00+00:00,long_dry,final_eval,0.0,0.0,0.0,999,17,6,4,2025-16,18,6,4,19,6,4,20,6,4,23,6,4,290.1232,245.52189999999996,324.4849999999999,96.01029999999992,290.1232,245.52189999999996,324.4849999999999,96.01029999999992
2025-04-20 18:00:00+00:00,long_dry,final_eval,0.0,0.0,0.0,999,18,6,4,2025-16,19,6,4,20,6,4,21,6,4,0,0,4,116.31179999999995,96.9967999999999,104.72949999999992,95.71839999999997,116.31179999999995,96.9967999999999,104.72949999999992,95.71839999999997
2025-04-20 19:00:00+00:00,long_dry,final_eval,0.0,0.0,0.0,999,19,6,4,2025-16,20,6,4,21,6,4,22,6,4,1,0,4,261.1436000000001,218.15949999999998,58.94170000000008,-157.76196000000004,261.1436000000001,218.15949999999998,58.94170000000008,157.76196000000004
2025-04-20 20:00:00+00:00,long_dry,final_eval,0.0,0.0,0.0,999,20,6,4,2025-16,21,6,4,22,6,4,23,6,4,2,0,4,177.58799999999997,-40.05770000000007,-85.45810000000006,-196.08960000000002,177.58799999999997,40.05770000000007,85.45810000000006,196.08960000000002
2025-04-20 21:00:00+00:00,long_dry,final_eval,0.0,0.0,0.0,999,21,6,4,2025-16,22,6,4,23,6,4,0,0,4,3,0,4,62.527000000000044,36.705999999999904,-84.3918000000001,-109.09555,62.527000000000044,36.705999999999904,84.3918000000001,109.09555
2025-04-20 22:00:00+00:00,long_dry,final_eval,0.0,0.0,0.0,999,22,6,4,2025-16,23,6,4,0,0,4,1,0,4,4,0,4,121.59619999999995,86.54909999999995,-73.64290000000005,-60.58434,121.59619999999995,86.54909999999995,73.64290000000005,60.58434
2025-04-20 23:00:00+00:00,long_dry,final_eval,0.0,0.0,0.0,999,23,6,4,2025-16,0,0,4,1,0,4,2,0,4,5,0,4,-12.004200000000083,-112.18780000000004,-95.95276000000001,-17.95124,12.004200000000083,112.18780000000004,95.95276000000001,17.95124
2025-04-21 00:00:00+00:00,long_dry,final_eval,0.0,0.0,0.0,999,0,0,4,2025-16,1,0,4,2,0,4,3,0,4,6,0,4,-124.22400000000005,-70.20640000000003,12.408419999999978,-11.461993999999997,124.22400000000005,70.20640000000003,12.408419999999978,11.461993999999997
2025-04-21 01:00:00+00:00,long_dry,final_eval,0.0,0.0,0.0,999,1,0,4,2025-16,2,0,4,3,0,4,4,0,4,7,0,4,-87.24145999999996,-3.7312600000000202,-28.909179999999992,11.923977,87.24145999999996,3.7312600000000202,28.909179999999992,11.923977
2025-04-21 02:00:00+00:00,long_dry,final_eval,0.0,0.0,0.0,999,2,0,4,2025-16,3,0,4,4,0,4,5,0,4,8,0,4,4.401059999999973,-32.53647000000001,3.072490000000002,20.265484,4.401059999999973,32.53647000000001,3.072490000000002,20.265484
2025-04-21 03:00:00+00:00,long_dry,final_eval,0.0,0.0,0.0,999,3,0,4,2025-16,4,0,4,5,0,4,6,0,4,9,0,4,-39.71454,6.877589999999998,-2.715485000000001,28.657520000000005,39.71454,6.877589999999998,2.715485000000001,28.657520000000005
2025-04-21 04:00:00+00:00,long_dry,final_eval,0.0,0.0,0.0,999,4,0,4,2025-16,5,0,4,6,0,4,7,0,4,10,0,4,35.214725,13.284570000000002,19.696274000000003,38.286130000000014,35.214725,13.284570000000002,19.696274000000003,38.286130000000014
2025-04-21 05:00:00+00:00,long_dry,final_eval,0.0,0.0,0.0,999,5,0,4,2025-16,6,0,4,7,0,4,8,0,4,11,0,4,10.585704999999997,20.977386000000003,26.016537,119.41876000000002,10.585704999999997,20.977386000000003,26.016537,119.41876000000002
2025-04-21 06:00:00+00:00,long_dry,final_eval,0.0,0.0,0.0,999,6,0,4,2025-16,7,0,4,8,0,4,9,0,4,12,0,4,18.743496,18.694298000000003,55.921524000000005,217.4070999999999,18.743496,18.694298000000003,55.921524000000005,217.4070999999999
2025-04-21 07:00:00+00:00,long_dry,final_eval,0.0,0.0,0.0,999,7,0,4,2025-16,8,0,4,9,0,4,10,0,4,13,0,4,12.50045,51.163470000000004,140.60766999999998,-157.98535000000004,12.50045,51.163470000000004,140.60766999999998,157.98535000000004
2025-04-21 08:00:00+00:00,long_dry,final_eval,0.0,0.0,0.0,999,8,0,4,2025-16,9,0,4,10,0,4,11,0,4,14,0,4,36.526439999999994,114.71375,45.572599999999966,-179.86487,36.526439999999994,114.71375,45.572599999999966,179.86487
2025-04-21 09:00:00+00:00,long_dry,final_eval,0.0,0.0,0.0,999,9,0,4,2025-16,10,0,4,11,0,4,12,0,4,15,0,4,-46.81957999999997,-38.69849999999997,210.90010000000007,-280.32196,46.81957999999997,38.69849999999997,210.90010000000007,280.32196
2025-04-21 10:00:00+00:00,long_dry,final_eval,0.0,0.0,0.0,999,10,0,4,2025-16,11,0,4,12,0,4,13,0,4,16,0,4,-114.86110000000008,201.03539999999998,-268.6072999999999,-90.35549999999989,114.86110000000008,201.03539999999998,268.6072999999999,90.35549999999989
2025-04-21 11:00:00+00:00,long_dry,final_eval,0.0,0.0,0.0,999,11,0,4,2025-16,12,0,4,13,0,4,14,0,4,17,0,4,196.18579999999997,-326.1377,-438.9127000000001,-8.567600000000084,196.18579999999997,326.1377,438.9127000000001,8.567600000000084
2025-04-21 12:00:00+00:00,long_dry,final_eval,0.0,0.0,0.0,999,12,0,4,2025-16,13,0,4,14,0,4,15,0,4,18,0,4,-381.9912999999999,-397.16693,-199.221,7.597299999999905,381.9912999999999,397.16693,199.221,7.597299999999905
2025-04-21 13:00:00+00:00,long_dry,final_eval,0.0,0.0,0.0,999,13,0,4,2025-16,14,0,4,15,0,4,16,0,4,19,0,4,-338.54376,-272.91534,-162.0598,262.4081000000001,338.54376,272.91534,162.0598,262.4081000000001
2025-04-21 14:00:00+00:00,long_dry,final_eval,0.0,0.0,0.0,999,14,0,4,2025-16,15,0,4,16,0,4,17,0,4,20,0,4,39.49023,151.7119,101.54034000000001,229.1228000000001,39.49023,151.7119,101.54034000000001,229.1228000000001
2025-04-21 15:00:00+00:00,long_dry,final_eval,0.0,0.0,0.0,999,15,0,4,2025-16,16,0,4,17,0,4,18,0,4,21,0,4,95.50210000000004,103.5317,-62.53490000000011,703.2402,95.50210000000004,103.5317,62.53490000000011,703.2402
2025-04-21 16:00:00+00:00,long_dry,final_eval,0.0,0.0,0.0,999,16,0,4,2025-16,17,0,4,18,0,4,19,0,4,22,0,4,7.166999999999916,-114.64820000000009,214.8218999999999,723.2499,7.166999999999916,114.64820000000009,214.8218999999999,723.2499
2025-04-21 17:00:00+00:00,long_dry,final_eval,0.0,0.0,0.0,999,17,0,4,2025-16,18,0,4,19,0,4,20,0,4,23,0,4,-161.6494,98.89139999999998,219.24710000000005,539.0121999999999,161.6494,98.89139999999998,219.24710000000005,539.0121999999999
2025-04-21 18:00:00+00:00,long_dry,final_eval,0.0,0.0,0.0,999,18,0,4,2025-16,19,0,4,20,0,4,21,0,4,0,1,4,244.37889999999993,310.16740000000004,897.4641999999999,337.87,244.37889999999993,310.16740000000004,897.4641999999999,337.87
2025-04-21 19:00:00+00:00,long_dry,final_eval,0.0,0.0,0.0,999,19,0,4,2025-16,20,0,4,21,0,4,22,0,4,1,1,4,95.28999999999996,698.9386999999999,702.7991,86.80309999999997,95.28999999999996,698.9386999999999,702.7991,86.80309999999997
2025-04-21 20:00:00+00:00,long_dry,final_eval,0.0,0.0,0.0,999,20,0,4,2025-16,21,0,4,22,0,4,23,0,4,2,1,4,785.4077,557.0481,453.69759999999997,81.47107000000005,785.4077,557.0481,453.69759999999997,81.47107000000005
2025-04-21 21:00:00+00:00,long_dry,final_eval,0.0,0.0,0.0,999,21,0,4,2025-16,22,0,4,23,0,4,0,1,4,3,1,4,544.3295,369.23299999999995,149.87110000000007,-71.97467,544.3295,369.23299999999995,149.87110000000007,71.97467
2025-04-21 22:00:00+00:00,long_dry,final_eval,0.0,0.0,0.0,999,22,0,4,2025-16,23,0,4,0,1,4,1,1,4,4,1,4,537.7388000000001,212.41190000000006,51.57489999999996,-40.91883999999999,537.7388000000001,212.41190000000006,51.57489999999996,40.91883999999999
2025-04-21 23:00:00+00:00,long_dry,final_eval,0.0,0.0,0.0,999,23,0,4,2025-16,0,1,4,1,1,4,2,1,4,5,1,4,131.02600000000007,-17.147460000000024,-1.5162000000000262,-31.68065,131.02600000000007,17.147460000000024,1.5162000000000262,31.68065
2025-04-22 00:00:00+00:00,long_dry,final_eval,0.0,0.0,0.0,999,0,1,4,2025-16,1,1,4,2,1,4,3,1,4,6,1,4,-11.41859999999997,47.11030000000005,-24.575620000000015,-6.306829999999998,11.41859999999997,47.11030000000005,24.575620000000015,6.306829999999998
2025-04-22 01:00:00+00:00,long_dry,final_eval,0.0,0.0,0.0,999,1,1,4,2025-16,2,1,4,3,1,4,4,1,4,7,1,4,26.43089999999995,-48.155399999999986,-34.16757000000001,-9.701267000000001,26.43089999999995,48.155399999999986,34.16757000000001,9.701267000000001
2025-04-22 02:00:00+00:00,long_dry,final_eval,0.0,0.0,0.0,999,2,1,4,2025-16,3,1,4,4,1,4,5,1,4,8,1,4,-146.12580000000003,-66.76329999999999,-16.068870000000004,9.792155999999999,146.12580000000003,66.76329999999999,16.068870000000004,9.792155999999999
2025-04-22 03:00:00+00:00,long_dry,final_eval,0.0,0.0,0.0,999,3,1,4,2025-16,4,1,4,5,1,4,6,1,4,9,1,4,-17.667939999999987,1.7981999999999942,0.6571039999999968,54.974360000000004,17.667939999999987,1.7981999999999942,0.6571039999999968,54.974360000000004
2025-04-22 04:00:00+00:00,long_dry,final_eval,0.0,0.0,0.0,999,4,1,4,2025-16,5,1,4,6,1,4,7,1,4,10,1,4,13.85255,7.170684999999999,-8.038893000000002,142.88858,13.85255,7.170684999999999,8.038893000000002,142.88858
2025-04-22 05:00:00+00:00,long_dry,final_eval,0.0,0.0,0.0,999,5,1,4,2025-16,6,1,4,7,1,4,8,1,4,11,1,4,6.239049999999999,-7.107869999999998,18.52547,466.4275,6.239049999999999,7.107869999999998,18.52547,466.4275
2025-04-22 06:00:00+00:00,long_dry,final_eval,0.0,0.0,0.0,999,6,1,4,2025-16,7,1,4,8,1,4,9,1,4,12,1,4,-9.987555999999998,7.903660000000002,66.182556,686.9025999999999,9.987555999999998,7.903660000000002,66.182556,686.9025999999999
2025-04-22 07:00:00+00:00,long_dry,final_eval,0.0,0.0,0.0,999,7,1,4,2025-16,8,1,4,9,1,4,10,1,4,13,1,4,10.064143999999999,74.00094,228.889,22.942600000000084,10.064143999999999,74.00094,228.889,22.942600000000084
2025-04-22 08:00:00+00:00,long_dry,final_eval,0.0,0.0,0.0,999,8,1,4,2025-16,9,1,4,10,1,4,11,1,4,14,1,4,51.19497999999999,193.09629999999999,388.78729999999996,-52.58100000000002,51.19497999999999,193.09629999999999,388.78729999999996,52.58100000000002
2025-04-22 09:00:00+00:00,long_dry,final_eval,0.0,0.0,0.0,999,9,1,4,2025-16,10,1,4,11,1,4,12,1,4,15,1,4,23.424440000000004,288.06793000000005,752.9454000000001,-220.32760000000007,23.424440000000004,288.06793000000005,752.9454000000001,220.32760000000007
2025-04-22 10:00:00+00:00,long_dry,final_eval,0.0,0.0,0.0,999,10,1,4,2025-16,11,1,4,12,1,4,13,1,4,16,1,4,235.65380000000005,721.2701,-73.91270000000009,18.648100000000113,235.65380000000005,721.2701,73.91270000000009,18.648100000000113
2025-04-22 11:00:00+00:00,long_dry,final_eval,0.0,0.0,0.0,999,11,1,4,2025-16,12,1,4,13,1,4,14,1,4,17,1,4,680.2723000000001,-20.559299999999894,-226.49069999999995,61.20410000000004,680.2723000000001,20.559299999999894,226.49069999999995,61.20410000000004
2025-04-22 12:00:00+00:00,long_dry,final_eval,0.0,0.0,0.0,999,12,1,4,2025-16,13,1,4,14,1,4,15,1,4,18,1,4,-195.78320000000008,-238.46123999999998,-96.79236000000003,50.48389999999995,195.78320000000008,238.46123999999998,96.79236000000003,50.48389999999995
2025-04-22 13:00:00+00:00,long_dry,final_eval,0.0,0.0,0.0,999,13,1,4,2025-16,14,1,4,15,1,4,16,1,4,19,1,4,-195.67255,-121.08574999999996,24.804399999999987,475.4664,195.67255,121.08574999999996,24.804399999999987,475.4664
2025-04-22 14:00:00+00:00,long_dry,final_eval,0.0,0.0,0.0,999,14,1,4,2025-16,15,1,4,16,1,4,17,1,4,20,1,4,32.683040000000005,191.94574,44.03520000000003,498.8424,32.683040000000005,191.94574,44.03520000000003,498.8424
2025-04-22 15:00:00+00:00,long_dry,final_eval,0.0,0.0,0.0,999,15,1,4,2025-16,16,1,4,17,1,4,18,1,4,21,1,4,161.28734999999995,58.836239999999975,-76.77500000000009,1339.2812,161.28734999999995,58.836239999999975,76.77500000000009,1339.2812
2025-04-22 16:00:00+00:00,long_dry,final_eval,0.0,0.0,0.0,999,16,1,4,2025-16,17,1,4,18,1,4,19,1,4,22,1,4,-91.28999999999996,-155.03019999999992,335.9697000000001,878.9209000000001,91.28999999999996,155.03019999999992,335.9697000000001,878.9209000000001
2025-04-22 17:00:00+00:00,long_dry,final_eval,0.0,0.0,0.0,999,17,1,4,2025-16,18,1,4,19,1,4,20,1,4,23,1,4,-103.59719999999993,278.93640000000005,511.66329999999994,606.3204000000001,103.59719999999993,278.93640000000005,511.66329999999994,606.3204000000001
2025-04-22 18:00:00+00:00,long_dry,final_eval,0.0,0.0,0.0,999,18,1,4,2025-16,19,1,4,20,1,4,21,1,4,0,2,4,301.0289,471.69579999999996,1338.9388,441.3809000000001,301.0289,471.69579999999996,1338.9388,441.3809000000001
2025-04-22 19:00:00+00:00,long_dry,final_eval,0.0,0.0,0.0,999,19,1,4,2025-16,20,1,4,21,1,4,22,1,4,1,2,4,213.4586999999999,1125.6826,849.7769000000001,319.58759999999995,213.4586999999999,1125.6826,849.7769000000001,319.58759999999995
2025-04-22 20:00:00+00:00,long_dry,final_eval,0.0,0.0,0.0,999,20,1,4,2025-16,21,1,4,22,1,4,23,1,4,2,2,4,1142.3652,663.5261,456.7338,122.13525000000004,1142.3652,663.5261,456.7338,122.13525000000004
2025-04-22 21:00:00+00:00,long_dry,final_eval,0.0,0.0,0.0,999,21,1,4,2025-16,22,1,4,23,1,4,0,2,4,3,2,4,639.7418,324.15470000000005,248.30970000000002,-39.32940000000002,639.7418,324.15470000000005,248.30970000000002,39.32940000000002
2025-04-22 22:00:00+00:00,long_dry,final_eval,0.0,0.0,0.0,999,22,1,4,2025-16,23,1,4,0,2,4,1,2,4,4,2,4,523.1052,321.7523000000001,292.01514,-11.989869999999996,523.1052,321.7523000000001,292.01514,11.989869999999996
2025-04-22 23:00:00+00:00,long_dry,final_eval,0.0,0.0,0.0,999,23,1,4,2025-16,0,2,4,1,2,4,2,2,4,5,2,4,329.1702,305.1893,100.11383000000001,-43.74696,329.1702,305.1893,100.11383000000001,43.74696
2025-04-23 00:00:00+00:00,long_dry,final_eval,0.0,0.0,0.0,999,0,2,4,2025-16,1,2,4,2,2,4,3,2,4,6,2,4,225.67236000000003,102.87694999999997,22.00533999999999,-23.920338,225.67236000000003,102.87694999999997,22.00533999999999,23.920338
2025-04-23 01:00:00+00:00,long_dry,final_eval,0.0,0.0,0.0,999,1,2,4,2025-16,2,2,4,3,2,4,4,2,4,7,2,4,64.41156000000001,-9.278840000000002,-2.831860000000006,-12.645203000000002,64.41156000000001,9.278840000000002,2.831860000000006,12.645203000000002
2025-04-23 02:00:00+00:00,long_dry,final_eval,0.0,0.0,0.0,999,2,2,4,2025-16,3,2,4,4,2,4,5,2,4,8,2,4,-115.49072000000001,-37.88077000000001,-26.107370000000003,4.452663000000001,115.49072000000001,37.88077000000001,26.107370000000003,4.452663000000001
2025-04-23 03:00:00+00:00,long_dry,final_eval,0.0,0.0,0.0,999,3,2,4,2025-16,4,2,4,5,2,4,6,2,4,9,2,4,-7.3194699999999955,-19.016980000000004,-23.354349999999997,34.843770000000006,7.3194699999999955,19.016980000000004,23.354349999999997,34.843770000000006
2025-04-23 04:00:00+00:00,long_dry,final_eval,0.0,0.0,0.0,999,4,2,4,2025-16,5,2,4,6,2,4,7,2,4,10,2,4,-13.40898,-13.298760000000001,-10.972645,158.17352,13.40898,13.298760000000001,10.972645,158.17352
2025-04-23 05:00:00+00:00,long_dry,final_eval,0.0,0.0,0.0,999,5,2,4,2025-16,6,2,4,7,2,4,8,2,4,11,2,4,-7.247419999999998,-7.687584000000001,13.374360000000003,462.58374000000003,7.247419999999998,7.687584000000001,13.374360000000003,462.58374000000003
2025-04-23 06:00:00+00:00,long_dry,final_eval,0.0,0.0,0.0,999,6,2,4,2025-16,7,2,4,8,2,4,9,2,4,12,2,4,-7.244854,3.155822999999998,48.94416,579.268,7.244854,3.155822999999998,48.94416,579.268
2025-04-23 07:00:00+00:00,long_dry,final_eval,0.0,0.0,0.0,999,7,2,4,2025-16,8,2,4,9,2,4,10,2,4,13,2,4,6.576458000000002,68.78978,201.59840000000003,-44.73049999999989,6.576458000000002,68.78978,201.59840000000003,44.73049999999989
2025-04-23 08:00:00+00:00,long_dry,final_eval,0.0,0.0,0.0,999,8,2,4,2025-16,9,2,4,10,2,4,11,2,4,14,2,4,41.11143000000001,151.43246,396.35114,-62.08609999999999,41.11143000000001,151.43246,396.35114,62.08609999999999
2025-04-23 09:00:00+00:00,long_dry,final_eval,0.0,0.0,0.0,999,9,2,4,2025-16,10,2,4,11,2,4,12,2,4,15,2,4,-16.154800000000023,289.55690000000004,667.8342,-160.8795,16.154800000000023,289.55690000000004,667.8342,160.8795
2025-04-23 10:00:00+00:00,long_dry,final_eval,0.0,0.0,0.0,999,10,2,4,2025-16,11,2,4,12,2,4,13,2,4,16,2,4,291.5962999999999,689.1057000000001,-85.90030000000002,-144.42290000000003,291.5962999999999,689.1057000000001,85.90030000000002,144.42290000000003
2025-04-23 11:00:00+00:00,long_dry,final_eval,0.0,0.0,0.0,999,11,2,4,2025-16,12,2,4,13,2,4,14,2,4,17,2,4,638.5668000000001,-15.157699999999977,-236.42830000000004,127.66370000000006,638.5668000000001,15.157699999999977,236.42830000000004,127.66370000000006
2025-04-23 12:00:00+00:00,long_dry,final_eval,0.0,0.0,0.0,999,12,2,4,2025-16,13,2,4,14,2,4,15,2,4,18,2,4,-87.5130999999999,-130.52859999999998,32.24036000000001,136.42000000000007,87.5130999999999,130.52859999999998,32.24036000000001,136.42000000000007
2025-04-23 13:00:00+00:00,long_dry,final_eval,0.0,0.0,0.0,999,13,2,4,2025-16,14,2,4,15,2,4,16,2,4,19,2,4,-137.2133,-18.912349999999947,-47.143800000000056,410.3452,137.2133,18.912349999999947,47.143800000000056,410.3452
2025-04-23 14:00:00+00:00,long_dry,final_eval,0.0,0.0,0.0,999,14,2,4,2025-16,15,2,4,16,2,4,17,2,4,20,2,4,87.3981,96.13940000000002,146.56960000000004,371.53880000000004,87.3981,96.13940000000002,146.56960000000004,371.53880000000004
2025-04-23 15:00:00+00:00,long_dry,final_eval,0.0,0.0,0.0,999,15,2,4,2025-16,16,2,4,17,2,4,18,2,4,21,2,4,36.058959999999956,153.36799999999994,-13.72700000000009,1042.8047,36.058959999999956,153.36799999999994,13.72700000000009,1042.8047
2025-04-23 16:00:00+00:00,long_dry,final_eval,0.0,0.0,0.0,999,16,2,4,2025-16,17,2,4,18,2,4,19,2,4,22,2,4,222.27313000000004,119.99980000000005,415.1863000000001,864.8323,222.27313000000004,119.99980000000005,415.1863000000001,864.8323
2025-04-23 17:00:00+00:00,long_dry,final_eval,0.0,0.0,0.0,999,17,2,4,2025-16,18,2,4,19,2,4,20,2,4,23,2,4,-231.53340000000003,20.169000000000096,311.5662,562.0401999999999,231.53340000000003,20.169000000000096,311.5662,562.0401999999999
2025-04-23 18:00:00+00:00,long_dry,final_eval,0.0,0.0,0.0,999,18,2,4,2025-16,19,2,4,20,2,4,21,2,4,0,3,4,143.71949999999993,327.2560000000001,1119.275,433.7228,143.71949999999993,327.2560000000001,1119.275,433.7228
2025-04-23 19:00:00+00:00,long_dry,final_eval,0.0,0.0,0.0,999,19,2,4,2025-16,20,2,4,21,2,4,22,2,4,1,3,4,147.0349000000001,906.9524000000001,839.711,215.77562999999998,147.0349000000001,906.9524000000001,839.711,215.77562999999998
2025-04-23 20:00:00+00:00,long_dry,final_eval,0.0,0.0,0.0,999,20,2,4,2025-16,21,2,4,22,2,4,23,2,4,2,3,4,990.1858,691.1882,390.4556,91.65329999999994,990.1858,691.1882,390.4556,91.65329999999994
2025-04-23 21:00:00+00:00,long_dry,final_eval,0.0,0.0,0.0,999,21,2,4,2025-16,22,2,4,23,2,4,0,3,4,3,3,4,703.635,306.2682,236.3900000000001,-56.892240000000015,703.635,306.2682,236.3900000000001,56.892240000000015
2025-04-23 22:00:00+00:00,long_dry,final_eval,0.0,0.0,0.0,999,22,2,4,2025-16,23,2,4,0,3,4,1,3,4,4,3,4,503.6722,325.0839000000001,243.30224999999996,-43.84235000000001,503.6722,325.0839000000001,243.30224999999996,43.84235000000001
2025-04-23 23:00:00+00:00,long_dry,final_eval,0.0,0.0,0.0,999,23,2,4,2025-16,0,3,4,1,3,4,2,3,4,5,3,4,320.0027,241.52859999999998,101.36584000000005,-61.62174999999999,320.0027,241.52859999999998,101.36584000000005,61.62174999999999
2025-04-24 00:00:00+00:00,long_dry,final_eval,0.0,0.0,0.0,999,0,3,4,2025-16,1,3,4,2,3,4,3,3,4,6,3,4,198.6046,129.44653000000005,36.745150000000024,-32.17519,198.6046,129.44653000000005,36.745150000000024,32.17519
2025-04-24 01:00:00+00:00,long_dry,final_eval,0.0,0.0,0.0,999,1,3,4,2025-16,2,3,4,3,3,4,4,3,4,7,3,4,80.17065000000002,0.9218999999999937,-13.148650000000004,-28.800311999999998,80.17065000000002,0.9218999999999937,13.148650000000004,28.800311999999998
2025-04-24 02:00:00+00:00,long_dry,final_eval,0.0,0.0,0.0,999,2,3,4,2025-16,3,3,4,4,3,4,5,3,4,8,3,4,-92.30792000000002,-40.20418000000001,-20.534139999999994,-1.8748799999999974,92.30792000000002,40.20418000000001,20.534139999999994,1.8748799999999974
2025-04-24 03:00:00+00:00,long_dry,final_eval,0.0,0.0,0.0,999,3,3,4,2025-16,4,3,4,5,3,4,6,3,4,9,3,4,-46.059889999999996,-28.067345000000003,-27.000977,35.38616999999999,46.059889999999996,28.067345000000003,27.000977,35.38616999999999
2025-04-24 04:00:00+00:00,long_dry,final_eval,0.0,0.0,0.0,999,4,3,4,2025-16,5,3,4,6,3,4,7,3,4,10,3,4,-9.280379999999994,-10.830306999999998,-18.132626000000002,156.61739999999998,9.280379999999994,10.830306999999998,18.132626000000002,156.61739999999998
2025-04-24 05:00:00+00:00,long_dry,final_eval,0.0,0.0,0.0,999,5,3,4,2025-16,6,3,4,7,3,4,8,3,4,11,3,4,-3.691375999999998,-14.482852999999999,12.796013000000002,349.41229999999996,3.691375999999998,14.482852999999999,12.796013000000002,349.41229999999996
2025-04-24 06:00:00+00:00,long_dry,final_eval,0.0,0.0,0.0,999,6,3,4,2025-16,7,3,4,8,3,4,9,3,4,12,3,4,-14.196573,3.2810249999999996,50.880979999999994,482.0941,14.196573,3.2810249999999996,50.880979999999994,482.0941
2025-04-24 07:00:00+00:00,long_dry,final_eval,0.0,0.0,0.0,999,7,3,4,2025-16,8,3,4,9,3,4,10,3,4,13,3,4,6.534374,65.25002,197.2654,16.696899999999914,6.534374,65.25002,197.2654,16.696899999999914
2025-04-24 08:00:00+00:00,long_dry,final_eval,0.0,0.0,0.0,999,8,3,4,2025-16,9,3,4,10,3,4,11,3,4,14,3,4,37.38212999999999,144.27184999999997,266.25665000000004,-32.63900000000001,37.38212999999999,144.27184999999997,266.25665000000004,32.63900000000001
2025-04-24 09:00:00+00:00,long_dry,final_eval,0.0,0.0,0.0,999,9,3,4,2025-16,10,3,4,11,3,4,12,3,4,15,3,4,-18.154800000000023,168.55690000000004,552.8342,-160.8795,18.154800000000023,168.55690000000004,552.8342,160.8795
2025-04-24 10:00:00+00:00,long_dry,final_eval,0.0,0.0,0.0,999,10,3,4,2025-16,11,3,4,12,3,4,13,3,4,16,3,4,165.42470000000003,565.6875,-48.4224999999999,-50.41689999999994,165.42470000000003,565.6875,48.4224999999999,50.41689999999994
2025-04-24 11:00:00+00:00,long_dry,final_eval,0.0,0.0,0.0,999,11,3,4,2025-16,12,3,4,13,3,4,14,3,4,17,3,4,555.9906000000001,27.983600000000024,-228.92020000000002,32.784400000000005,555.9906000000001,27.983600000000024,228.92020000000002,32.784400000000005
2025-04-24 12:00:00+00:00,long_dry,final_eval,0.0,0.0,0.0,999,12,3,4,2025-16,13,3,4,14,3,4,15,3,4,18,3,4,-54.199499999999944,-122.46259999999995,17.54376000000002,177.30770000000007,54.199499999999944,122.46259999999995,17.54376000000002,177.30770000000007
2025-04-24 13:00:00+00:00,long_dry,final_eval,0.0,0.0,0.0,999,13,3,4,2025-16,14,3,4,15,3,4,16,3,4,19,3,4,-107.87379999999996,-11.435100000000034,50.26340000000005,401.58140000000003,107.87379999999996,11.435100000000034,50.26340000000005,401.58140000000003
2025-04-24 14:00:00+00:00,long_dry,final_eval,0.0,0.0,0.0,999,14,3,4,2025-16,15,3,4,16,3,4,17,3,4,20,3,4,90.96605999999997,196.08050000000003,77.93849999999998,583.4509,90.96605999999997,196.08050000000003,77.93849999999998,583.4509
2025-04-24 15:00:00+00:00,long_dry,final_eval,0.0,0.0,0.0,999,15,3,4,2025-16,16,3,4,17,3,4,18,3,4,21,3,4,152.14635999999996,90.17869999999994,42.88830000000007,1219.9849,152.14635999999996,90.17869999999994,42.88830000000007,1219.9849
2025-04-24 16:00:00+00:00,long_dry,final_eval,0.0,0.0,0.0,999,16,3,4,2025-16,17,3,4,18,3,4,19,3,4,22,3,4,35.67290000000003,72.49379999999996,333.9978000000001,886.4414999999999,35.67290000000003,72.49379999999996,333.9978000000001,886.4414999999999
2025-04-24 17:00:00+00:00,long_dry,final_eval,0.0,0.0,0.0,999,17,3,4,2025-16,18,3,4,19,3,4,20,3,4,23,3,4,-9.22180000000003,177.20479999999998,590.2932000000001,704.153,9.22180000000003,177.20479999999998,590.2932000000001,704.153
2025-04-24 18:00:00+00:00,long_dry,final_eval,0.0,0.0,0.0,999,18,3,4,2025-16,19,3,4,20,3,4,21,3,4,0,4,4,39.88280000000009,402.2482,1177.1913,468.49980000000005,39.88280000000009,402.2482,1177.1913,468.49980000000005
2025-04-24 19:00:00+00:00,long_dry,final_eval,0.0,0.0,0.0,999,19,3,4,2025-16,20,3,4,21,3,4,22,3,4,1,4,4,356.0349000000001,1058.9524000000001,908.711,235.77562999999998,356.0349000000001,1058.9524000000001,908.711,235.77562999999998
2025-04-24 20:00:00+00:00,long_dry,final_eval,0.0,0.0,0.0,999,20,3,4,2025-16,21,3,4,22,3,4,23,3,4,2,4,4,1067.4243000000001,720.0193999999999,542.9001000000001,107.97046,1067.4243000000001,720.0193999999999,542.9001000000001,107.97046
2025-04-24 21:00:00+00:00,long_dry,final_eval,0.0,0.0,0.0,999,21,3,4,2025-16,22,3,4,23,3,4,0,4,4,3,4,4,722.6687999999999,429.2405000000001,293.50839999999994,48.08974999999998,722.6687999999999,429.2405000000001,293.50839999999994,48.08974999999998
2025-04-24 22:00:00+00:00,long_dry,final_eval,0.0,0.0,0.0,999,22,3,4,2025-16,23,3,4,0,4,4,1,4,4,4,4,4,662.9132999999999,374.0178000000001,223.82280000000003,14.11778000000001,662.9132999999999,374.0178000000001,223.82280000000003,14.11778000000001
2025-04-24 23:00:00+00:00,long_dry,final_eval,0.0,0.0,0.0,999,23,3,4,2025-16,0,4,4,1,4,4,2,4,4,5,4,4,401.3909000000001,263.7052,94.42840000000001,-26.867770000000007,401.3909000000001,263.7052,94.42840000000001,26.867770000000007
2025-04-25 00:00:00+00:00,long_dry,final_eval,0.0,0.0,0.0,999,0,4,4,2025-16,1,4,4,2,4,4,3,4,4,6,4,4,188.33230000000003,98.20703000000003,94.87277,-22.769130000000004,188.33230000000003,98.20703000000003,94.87277,22.769130000000004
2025-04-25 01:00:00+00:00,long_dry,final_eval,0.0,0.0,0.0,999,1,4,4,2025-16,2,4,4,3,4,4,4,4,4,7,4,4,60.43820000000005,53.22403000000003,29.215149999999994,-35.657482,60.43820000000005,53.22403000000003,29.215149999999994,35.657482
2025-04-25 02:00:00+00:00,long_dry,final_eval,0.0,0.0,0.0,999,2,4,4,2025-16,3,4,4,4,4,4,5,4,4,8,4,4,-30.28107,7.831700000000012,-1.5402899999999988,-4.783264000000003,30.28107,7.831700000000012,1.5402899999999988,4.783264000000003
2025-04-25 03:00:00+00:00,long_dry,final_eval,0.0,0.0,0.0,999,3,4,4,2025-16,4,4,4,5,4,4,6,4,4,9,4,4,7.504099999999994,-4.557850000000002,-22.021060000000006,29.00596999999999,7.504099999999994,4.557850000000002,22.021060000000006,29.00596999999999
2025-04-25 04:00:00+00:00,long_dry,final_eval,0.0,0.0,0.0,999,4,4,4,2025-16,5,4,4,6,4,4,7,4,4,10,4,4,-9.562420000000003,-6.660209999999999,-24.484688,245.5855,9.562420000000003,6.660209999999999,24.484688,245.5855
2025-04-25 05:00:00+00:00,long_dry,final_eval,0.0,0.0,0.0,999,5,4,4,2025-16,6,4,4,7,4,4,8,4,4,11,4,4,4.059288000000002,-19.474055999999997,7.318300000000001,189.51649999999995,4.059288000000002,19.474055999999997,7.318300000000001,189.51649999999995
2025-04-25 06:00:00+00:00,long_dry,final_eval,0.0,0.0,0.0,999,6,4,4,2025-16,7,4,4,8,4,4,9,4,4,12,4,4,-15.672885999999998,5.387954999999998,62.599320000000006,237.13339999999994,15.672885999999998,5.387954999999998,62.599320000000006,237.13339999999994
2025-04-25 07:00:00+00:00,long_dry,final_eval,0.0,0.0,0.0,999,7,4,4,2025-16,8,4,4,9,4,4,10,4,4,13,4,4,7.166924000000002,68.019905,191.95288,-70.16319999999996,7.166924000000002,68.019905,191.95288,70.16319999999996
2025-04-25 08:00:00+00:00,long_dry,final_eval,0.0,0.0,0.0,999,8,4,4,2025-16,9,4,4,10,4,4,11,4,4,14,4,4,51.125113999999996,176.76172000000003,135.51099999999997,-24.545529999999985,51.125113999999996,176.76172000000003,135.51099999999997,24.545529999999985
2025-04-25 09:00:00+00:00,long_dry,final_eval,0.0,0.0,0.0,999,9,4,4,2025-16,10,4,4,11,4,4,12,4,4,15,4,4,-17.711360000000013,-7.154300000000035,315.4181000000001,-94.0311999999999,17.711360000000013,7.154300000000035,315.4181000000001,94.0311999999999
2025-04-25 10:00:00+00:00,long_dry,final_eval,0.0,0.0,0.0,999,10,4,4,2025-16,11,4,4,12,4,4,13,4,4,16,4,4,-8.77419999999995,325.11300000000006,-134.54680000000008,-148.3152,8.77419999999995,325.11300000000006,134.54680000000008,148.3152
2025-04-25 11:00:00+00:00,long_dry,final_eval,0.0,0.0,0.0,999,11,4,4,2025-16,12,4,4,13,4,4,14,4,4,17,4,4,298.5552,-145.4007999999999,-234.56050000000005,-42.0299,298.5552,145.4007999999999,234.56050000000005,42.0299
2025-04-25 12:00:00+00:00,long_dry,final_eval,0.0,0.0,0.0,999,12,4,4,2025-16,13,4,4,14,4,4,15,4,4,18,4,4,-153.27829999999994,-141.70389999999998,-21.080099999999902,169.5440000000001,153.27829999999994,141.70389999999998,21.080099999999902,169.5440000000001
2025-04-25 13:00:00+00:00,long_dry,final_eval,0.0,0.0,0.0,999,13,4,4,2025-16,14,4,4,15,4,4,16,4,4,19,4,4,-43.642600000000016,68.62300000000005,61.822400000000016,425.44139999999993,43.642600000000016,68.62300000000005,61.822400000000016,425.44139999999993
2025-04-25 14:00:00+00:00,long_dry,final_eval,0.0,0.0,0.0,999,14,4,4,2025-16,15,4,4,16,4,4,17,4,4,20,4,4,111.05610000000001,124.72185999999999,79.21090000000004,300.9634000000001,111.05610000000001,124.72185999999999,79.21090000000004,300.9634000000001
2025-04-25 15:00:00+00:00,long_dry,final_eval,0.0,0.0,0.0,999,15,4,4,2025-16,16,4,4,17,4,4,18,4,4,21,4,4,110.81050000000005,139.93849999999998,154.90730000000008,420.7503999999999,110.81050000000005,139.93849999999998,154.90730000000008,420.7503999999999
2025-04-25 16:00:00+00:00,long_dry,final_eval,0.0,0.0,0.0,999,16,4,4,2025-16,17,4,4,18,4,4,19,4,4,22,4,4,119.40930000000003,164.98849999999993,280.0245,338.6018999999999,119.40930000000003,164.98849999999993,280.0245,338.6018999999999
2025-04-25 17:00:00+00:00,long_dry,final_eval,0.0,0.0,0.0,999,17,4,4,2025-16,18,4,4,19,4,4,20,4,4,23,4,4,-49.621000000000095,60.748800000000074,224.63020000000006,34.14200000000005,49.621000000000095,60.748800000000074,224.63020000000006,34.14200000000005
2025-04-25 18:00:00+00:00,long_dry,final_eval,0.0,0.0,0.0,999,18,4,4,2025-16,19,4,4,20,4,4,21,4,4,0,5,4,0.9816000000000713,67.3755000000001,492.92910000000006,-93.77269999999999,0.9816000000000713,67.3755000000001,492.92910000000006,93.77269999999999
2025-04-26 07:00:00+00:00,recovery,final_eval,0.0,5.599999999999999,5.599999999999999,1,7,5,4,2025-16,8,5,4,9,5,4,10,5,4,13,5,4,7.151209999999999,11.551720000000003,-2.0474900000000105,-290.4523999999999,7.151209999999999,11.551720000000003,2.0474900000000105,290.4523999999999
2025-04-26 08:00:00+00:00,recovery,final_eval,0.0,5.499999999999999,5.599999999999999,2,8,5,4,2025-16,9,5,4,10,5,4,11,5,4,14,5,4,-0.5989600000000053,-25.28773000000001,-151.96384,9.168499999999995,0.5989600000000053,25.28773000000001,151.96384,9.168499999999995
2025-04-26 09:00:00+00:00,recovery,final_eval,0.0,5.3999999999999995,5.599999999999999,3,9,5,4,2025-16,10,5,4,11,5,4,12,5,4,15,5,4,-42.49341000000001,-166.54852,-367.3912,-252.73700000000008,42.49341000000001,166.54852,367.3912,252.73700000000008
2025-04-26 22:00:00+00:00,recovery,final_eval,0.0,9.8,15.200000000000001,1,22,5,4,2025-16,23,5,4,0,6,4,1,6,4,4,6,4,384.11429999999996,141.08220000000006,-127.59625000000005,116.72913,384.11429999999996,141.08220000000006,127.59625000000005,116.72913
2025-04-26 23:00:00+00:00,recovery,final_eval,0.0,9.8,15.200000000000001,2,23,5,4,2025-16,0,6,4,1,6,4,2,6,4,5,6,4,64.3632,-186.6006,-184.84230000000002,110.08440999999999,64.3632,186.6006,184.84230000000002,110.08440999999999
2025-04-27 00:00:00+00:00,recovery,final_eval,0.0,9.8,14.700000000000001,3,0,6,4,2025-17,1,6,4,2,6,4,3,6,4,6,6,4,-68.42849999999999,-6.597049999999967,-14.270449999999983,69.48567,68.42849999999999,6.597049999999967,14.270449999999983,69.48567
2025-04-27 22:00:00+00:00,long_dry,final_eval,0.0,0.0,0.0,999,22,6,4,2025-17,23,6,4,0,0,4,1,0,4,4,0,4,181.7922000000001,68.654,-10.253850000000057,-44.886059999999986,181.7922000000001,68.654,10.253850000000057,44.886059999999986
2025-04-27 23:00:00+00:00,long_dry,final_eval,0.0,0.0,0.0,999,23,6,4,2025-17,0,0,4,1,0,4,2,0,4,5,0,4,14.53430000000003,-28.057429999999954,3.710270000000037,-42.368256,14.53430000000003,28.057429999999954,3.710270000000037,42.368256
2025-04-28 00:00:00+00:00,long_dry,final_eval,0.0,0.0,0.0,999,0,0,4,2025-17,1,0,4,2,0,4,3,0,4,6,0,4,-39.96180000000004,26.738159999999993,-14.200469999999996,-14.663032999999999,39.96180000000004,26.738159999999993,14.200469999999996,14.663032999999999
2025-04-28 01:00:00+00:00,long_dry,final_eval,0.0,0.0,0.0,999,1,0,4,2025-17,2,0,4,3,0,4,4,0,4,7,0,4,-4.066599999999994,-40.18628000000001,-30.61977999999999,-14.206145999999997,4.066599999999994,40.18628000000001,30.61977999999999,14.206145999999997
2025-04-28 02:00:00+00:00,long_dry,final_eval,0.0,0.0,0.0,999,2,0,4,2025-17,3,0,4,4,0,4,5,0,4,8,0,4,-136.00220000000002,-67.02797000000001,-28.925224,-9.706359999999997,136.00220000000002,67.02797000000001,28.925224,9.706359999999997
2025-04-28 03:00:00+00:00,long_dry,final_eval,0.0,0.0,0.0,999,3,0,4,2025-17,4,0,4,5,0,4,6,0,4,9,0,4,-14.121409999999997,-12.46038,-4.65531,17.865589999999997,14.121409999999997,12.46038,4.65531,17.865589999999997
2025-04-28 04:00:00+00:00,long_dry,final_eval,0.0,0.0,0.0,999,4,0,4,2025-17,5,0,4,6,0,4,7,0,4,10,0,4,3.651325,8.176063999999997,-6.932414999999999,71.87625000000003,3.651325,8.176063999999997,6.932414999999999,71.87625000000003
2025-04-28 05:00:00+00:00,long_dry,final_eval,0.0,0.0,0.0,999,5,0,4,2025-17,6,0,4,7,0,4,8,0,4,11,0,4,10.484104000000002,-4.24934,-2.2462000000000018,135.59580000000005,10.484104000000002,4.24934,2.2462000000000018,135.59580000000005
2025-04-28 06:00:00+00:00,long_dry,final_eval,0.0,0.0,0.0,999,6,0,4,2025-17,7,0,4,8,0,4,9,0,4,12,0,4,-7.05688,-11.841279999999998,33.551109999999994,55.34999999999991,7.05688,11.841279999999998,33.551109999999994,55.34999999999991
2025-04-28 07:00:00+00:00,long_dry,final_eval,0.0,0.0,0.0,999,7,0,4,2025-17,8,0,4,9,0,4,10,0,4,13,0,4,-9.015586999999996,44.666030000000006,171.45288,-258.1190999999999,9.015586999999996,44.666030000000006,171.45288,258.1190999999999
2025-04-28 08:00:00+00:00,long_dry,final_eval,0.0,0.0,0.0,999,8,0,4,2025-17,9,0,4,10,0,4,11,0,4,14,0,4,40.68591000000001,162.33596999999997,95.19824000000006,-180.60799999999995,40.68591000000001,162.33596999999997,95.19824000000006,180.60799999999995
2025-04-28 09:00:00+00:00,long_dry,final_eval,0.0,0.0,0.0,999,9,0,4,2025-17,10,0,4,11,0,4,12,0,4,15,0,4,-34.215149999999994,-39.73490000000004,103.03469999999993,-207.81729999999993,34.215149999999994,39.73490000000004,103.03469999999993,207.81729999999993
2025-04-28 10:00:00+00:00,long_dry,final_eval,0.0,0.0,0.0,999,10,0,4,2025-17,11,0,4,12,0,4,13,0,4,16,0,4,-83.2786000000001,105.42309999999998,-356.12390000000005,-36.96119999999996,83.2786000000001,105.42309999999998,356.12390000000005,36.96119999999996
2025-04-28 11:00:00+00:00,long_dry,final_eval,0.0,0.0,0.0,999,11,0,4,2025-17,12,0,4,13,0,4,14,0,4,17,0,4,89.52449999999999,-367.6908000000001,-391.7919999999999,7.653999999999996,89.52449999999999,367.6908000000001,391.7919999999999,7.653999999999996
2025-04-28 12:00:00+00:00,long_dry,final_eval,0.0,0.0,0.0,999,12,0,4,2025-17,13,0,4,14,0,4,15,0,4,18,0,4,-407.33410000000003,-336.65509999999995,-98.65419999999995,90.22739999999999,407.33410000000003,336.65509999999995,98.65419999999995,90.22739999999999
2025-04-28 13:00:00+00:00,long_dry,final_eval,0.0,0.0,0.0,999,13,0,4,2025-17,14,0,4,15,0,4,16,0,4,19,0,4,-202.8383,-42.98649999999998,79.00616000000002,473.8257000000001,202.8383,42.98649999999998,79.00616000000002,473.8257000000001
2025-04-28 14:00:00+00:00,long_dry,final_eval,0.0,0.0,0.0,999,14,0,4,2025-17,15,0,4,16,0,4,17,0,4,20,0,4,106.42615,251.51350000000002,144.83159999999998,452.2037,106.42615,251.51350000000002,144.83159999999998,452.2037
2025-04-28 15:00:00+00:00,long_dry,final_eval,0.0,0.0,0.0,999,15,0,4,2025-17,16,0,4,17,0,4,18,0,4,21,0,4,154.10709999999995,115.08600000000001,-2.7403999999999087,839.7783,154.10709999999995,115.08600000000001,2.7403999999999087,839.7783
2025-04-28 16:00:00+00:00,long_dry,final_eval,0.0,0.0,0.0,999,16,0,4,2025-17,17,0,4,18,0,4,19,0,4,22,0,4,-114.0331000000001,-204.7893999999999,261.99019999999996,823.6022,114.0331000000001,204.7893999999999,261.99019999999996,823.6022
2025-04-28 17:00:00+00:00,long_dry,final_eval,0.0,0.0,0.0,999,17,0,4,2025-17,18,0,4,19,0,4,20,0,4,23,0,4,-84.6074000000001,275.8125,424.0181,598.8894,84.6074000000001,275.8125,424.0181,598.8894
2025-04-28 18:00:00+00:00,long_dry,final_eval,0.0,0.0,0.0,999,18,0,4,2025-17,19,0,4,20,0,4,21,0,4,0,1,4,361.2578000000001,480.67599999999993,1011.3697999999999,558.1173,361.2578000000001,480.67599999999993,1011.3697999999999,558.1173
2025-04-28 19:00:00+00:00,long_dry,final_eval,0.0,0.0,0.0,999,19,0,4,2025-17,20,0,4,21,0,4,22,0,4,1,1,4,291.5781999999999,821.6416999999999,757.6178,72.89620000000002,291.5781999999999,821.6416999999999,757.6178,72.89620000000002
2025-04-28 20:00:00+00:00,long_dry,final_eval,0.0,0.0,0.0,999,20,0,4,2025-17,21,0,4,22,0,4,23,0,4,2,1,4,850.1719,570.1626000000001,519.8059000000001,-16.375850000000014,850.1719,570.1626000000001,519.8059000000001,16.375850000000014
2025-04-28 21:00:00+00:00,long_dry,final_eval,0.0,0.0,0.0,999,21,0,4,2025-17,22,0,4,23,0,4,0,1,4,3,1,4,546.0420999999999,404.51099999999997,324.5468000000001,-94.02120000000002,546.0420999999999,404.51099999999997,324.5468000000001,94.02120000000002
2025-04-28 22:00:00+00:00,long_dry,final_eval,0.0,0.0,0.0,999,22,0,4,2025-17,23,0,4,0,1,4,1,1,4,4,1,4,619.6709000000001,413.7693999999999,49.95150000000001,-32.66487000000001,619.6709000000001,413.7693999999999,49.95150000000001,32.66487000000001
2025-04-28 23:00:00+00:00,long_dry,final_eval,0.0,0.0,0.0,999,23,0,4,2025-17,0,1,4,1,1,4,2,1,4,5,1,4,328.32529999999997,-13.138100000000009,-78.19135000000006,-52.46826,328.32529999999997,13.138100000000009,78.19135000000006,52.46826
2025-04-29 00:00:00+00:00,long_dry,final_eval,0.0,0.0,0.0,999,0,1,4,2025-17,1,1,4,2,1,4,3,1,4,6,1,4,-61.152900000000045,-59.279660000000035,-50.080960000000005,-35.540627,61.152900000000045,59.279660000000035,50.080960000000005,35.540627
2025-04-29 01:00:00+00:00,long_dry,final_eval,0.0,0.0,0.0,999,1,1,4,2025-17,2,1,4,3,1,4,4,1,4,7,1,4,-65.21969999999999,-68.16323999999997,-29.727869999999996,-14.63411,65.21969999999999,68.16323999999997,29.727869999999996,14.63411
2025-04-29 02:00:00+00:00,long_dry,final_eval,0.0,0.0,0.0,999,2,1,4,2025-17,3,1,4,4,1,4,5,1,4,8,1,4,-45.06509999999997,-21.70626999999999,-24.592439999999996,8.68204,45.06509999999997,21.70626999999999,24.592439999999996,8.68204
2025-04-29 03:00:00+00:00,long_dry,final_eval,0.0,0.0,0.0,999,3,1,4,2025-17,4,1,4,5,1,4,6,1,4,9,1,4,-3.0580400000000054,-10.790053999999998,-22.747909999999997,49.441,3.0580400000000054,10.790053999999998,22.747909999999997,49.441
2025-04-29 04:00:00+00:00,long_dry,final_eval,0.0,0.0,0.0,999,4,1,4,2025-17,5,1,4,6,1,4,7,1,4,10,1,4,-0.5119929999999968,-15.781193000000002,-10.159869999999998,97.67061999999999,0.5119929999999968,15.781193000000002,10.159869999999998,97.67061999999999
2025-04-29 05:00:00+00:00,long_dry,final_eval,0.0,0.0,0.0,999,5,1,4,2025-17,6,1,4,7,1,4,8,1,4,11,1,4,-14.109769999999997,-7.656803,12.925392000000002,389.4846,14.109769999999997,7.656803,12.925392000000002,389.4846
2025-04-29 06:00:00+00:00,long_dry,final_eval,0.0,0.0,0.0,999,6,1,4,2025-17,7,1,4,8,1,4,9,1,4,12,1,4,-8.240448,3.230620000000002,61.33122,509.4064000000001,8.240448,3.230620000000002,61.33122,509.4064000000001
2025-04-29 07:00:00+00:00,long_dry,final_eval,0.0,0.0,0.0,999,7,1,4,2025-17,8,1,4,9,1,4,10,1,4,13,1,4,2.858704000000003,66.898285,177.15982000000002,-44.285499999999956,2.858704000000003,66.898285,177.15982000000002,44.285499999999956
2025-04-29 08:00:00+00:00,long_dry,final_eval,0.0,0.0,0.0,999,8,1,4,2025-17,9,1,4,10,1,4,11,1,4,14,1,4,51.14272,156.9552,310.9425,-63.19209999999998,51.14272,156.9552,310.9425,63.19209999999998
2025-04-29 09:00:00+00:00,long_dry,final_eval,0.0,0.0,0.0,999,9,1,4,2025-17,10,1,4,11,1,4,12,1,4,15,1,4,-5.077800000000025,220.30220000000008,577.9869000000001,-195.4613999999999,5.077800000000025,220.30220000000008,577.9869000000001,195.4613999999999
2025-04-29 10:00:00+00:00,long_dry,final_eval,0.0,0.0,0.0,999,10,1,4,2025-17,11,1,4,12,1,4,13,1,4,16,1,4,196.8816999999999,596.1786999999999,-154.39499999999998,-59.28649999999993,196.8816999999999,596.1786999999999,154.39499999999998,59.28649999999993
2025-04-29 11:00:00+00:00,long_dry,final_eval,0.0,0.0,0.0,999,11,1,4,2025-17,12,1,4,13,1,4,14,1,4,17,1,4,548.3412000000001,-77.08649999999989,-242.01697000000001,-16.21419999999989,548.3412000000001,77.08649999999989,242.01697000000001,16.21419999999989
2025-04-29 12:00:00+00:00,long_dry,final_eval,0.0,0.0,0.0,999,12,1,4,2025-17,13,1,4,14,1,4,15,1,4,18,1,4,-132.80089999999996,-107.31353999999999,41.69920000000002,181.7174,132.80089999999996,107.31353999999999,41.69920000000002,181.7174
2025-04-29 13:00:00+00:00,long_dry,final_eval,0.0,0.0,0.0,999,13,1,4,2025-17,14,1,4,15,1,4,16,1,4,19,1,4,-171.67255,-67.08574999999996,17.804399999999987,425.4664,171.67255,67.08574999999996,17.804399999999987,425.4664
2025-04-29 14:00:00+00:00,long_dry,final_eval,0.0,0.0,0.0,999,14,1,4,2025-17,15,1,4,16,1,4,17,1,4,20,1,4,33.08720000000005,148.76379999999995,-0.13439999999991414,460.73720000000003,33.08720000000005,148.76379999999995,0.13439999999991414,460.73720000000003
2025-04-29 15:00:00+00:00,long_dry,final_eval,0.0,0.0,0.0,999,15,1,4,2025-17,16,1,4,17,1,4,18,1,4,21,1,4,114.10315000000003,9.215099999999893,-15.067299999999932,1190.2698,114.10315000000003,9.215099999999893,15.067299999999932,1190.2698
2025-04-29 16:00:00+00:00,long_dry,final_eval,0.0,0.0,0.0,999,16,1,4,2025-17,17,1,4,18,1,4,19,1,4,22,1,4,-89.1525999999999,-44.68419999999992,289.7433000000001,928.8225,89.1525999999999,44.68419999999992,289.7433000000001,928.8225
2025-04-29 17:00:00+00:00,long_dry,final_eval,0.0,0.0,0.0,999,17,1,4,2025-17,18,1,4,19,1,4,20,1,4,23,1,4,-3.5730000000000928,238.42849999999999,487.6165000000001,641.5319999999999,3.5730000000000928,238.42849999999999,487.6165000000001,641.5319999999999
2025-04-29 18:00:00+00:00,long_dry,final_eval,0.0,0.0,0.0,999,18,1,4,2025-17,19,1,4,20,1,4,21,1,4,0,2,4,101.33439999999996,292.5947000000001,1190.3887,419.6099999999999,101.33439999999996,292.5947000000001,1190.3887,419.6099999999999
2025-04-29 19:00:00+00:00,long_dry,final_eval,0.0,0.0,0.0,999,19,1,4,2025-17,20,1,4,21,1,4,22,1,4,1,2,4,215.58259999999996,1048.0905,909.2587000000001,181.0851,215.58259999999996,1048.0905,909.2587000000001,181.0851
2025-04-29 20:00:00+00:00,long_dry,final_eval,0.0,0.0,0.0,999,20,1,4,2025-17,21,1,4,22,1,4,23,1,4,2,2,4,1070.5243,720.5331000000001,472.65869999999995,98.90030000000002,1070.5243,720.5331000000001,472.65869999999995,98.90030000000002
2025-04-29 21:00:00+00:00,long_dry,final_eval,0.0,0.0,0.0,999,21,1,4,2025-17,22,1,4,23,1,4,0,2,4,3,2,4,688.9242999999999,349.00350000000003,204.173,-17.40204,688.9242999999999,349.00350000000003,204.173,17.40204
2025-04-29 22:00:00+00:00,long_dry,final_eval,0.0,0.0,0.0,999,22,1,4,2025-17,23,1,4,0,2,4,1,2,4,4,2,4,557.1052,284.7523000000001,160.01513999999997,-3.9898699999999963,557.1052,284.7523000000001,160.01513999999997,3.9898699999999963
2025-04-29 23:00:00+00:00,long_dry,final_eval,0.0,0.0,0.0,999,23,1,4,2025-17,0,2,4,1,2,4,2,2,4,5,2,4,277.8778,150.86900000000003,73.0462,-21.87339,277.8778,150.86900000000003,73.0462,21.87339
2025-04-30 00:00:00+00:00,long_dry,final_eval,0.0,0.0,0.0,999,0,2,4,2025-17,1,2,4,2,2,4,3,2,4,6,2,4,111.2903,95.82839999999999,48.15917999999999,1.0268549999999976,111.2903,95.82839999999999,48.15917999999999,1.0268549999999976
2025-04-30 01:00:00+00:00,long_dry,final_eval,0.0,0.0,0.0,999,1,2,4,2025-17,2,2,4,3,2,4,4,2,4,7,2,4,70.84450000000004,24.833469999999977,8.084779999999995,-6.263312999999997,70.84450000000004,24.833469999999977,8.084779999999995,6.263312999999997
2025-04-30 02:00:00+00:00,long_dry,final_eval,0.0,0.0,0.0,999,2,2,4,2025-17,3,2,4,4,2,4,5,2,4,8,2,4,-90.15706999999998,-30.30283,2.9353559999999987,15.465136999999999,90.15706999999998,30.30283,2.9353559999999987,15.465136999999999
2025-04-30 03:00:00+00:00,long_dry,final_eval,0.0,0.0,0.0,999,3,2,4,2025-17,4,2,4,5,2,4,6,2,4,9,2,4,-41.915069999999986,-7.477180000000004,-3.3068799999999996,85.67600999999999,41.915069999999986,7.477180000000004,3.3068799999999996,85.67600999999999
2025-04-30 04:00:00+00:00,long_dry,final_eval,0.0,0.0,0.0,999,4,2,4,2025-17,5,2,4,6,2,4,7,2,4,10,2,4,4.015015000000005,11.792563999999999,-5.004100000000001,186.25894,4.015015000000005,11.792563999999999,5.004100000000001,186.25894
2025-04-30 05:00:00+00:00,long_dry,final_eval,0.0,0.0,0.0,999,5,2,4,2025-17,6,2,4,7,2,4,8,2,4,11,2,4,16.175728,-2.924347000000001,22.546639999999996,477.60767,16.175728,2.924347000000001,22.546639999999996,477.60767
2025-04-30 06:00:00+00:00,long_dry,final_eval,0.0,0.0,0.0,999,6,2,4,2025-17,7,2,4,8,2,4,9,2,4,12,2,4,-6.000354999999999,12.570610000000002,103.443855,629.4146000000001,6.000354999999999,12.570610000000002,103.443855,629.4146000000001
2025-04-30 07:00:00+00:00,long_dry,final_eval,0.0,0.0,0.0,999,7,2,4,2025-17,8,2,4,9,2,4,10,2,4,13,2,4,15.935944,117.7172,206.60070000000002,-1.6760999999999058,15.935944,117.7172,206.60070000000002,1.6760999999999058
2025-04-30 08:00:00+00:00,long_dry,final_eval,0.0,0.0,0.0,999,8,2,4,2025-17,9,2,4,10,2,4,11,2,4,14,2,4,92.42811,163.65723000000003,390.80817,-122.68395999999996,92.42811,163.65723000000003,390.80817,122.68395999999996
2025-04-30 09:00:00+00:00,long_dry,final_eval,0.0,0.0,0.0,999,9,2,4,2025-17,10,2,4,11,2,4,12,2,4,15,2,4,-70.93853999999999,232.43489999999997,701.5420999999999,-249.5628999999999,70.93853999999999,232.43489999999997,701.5420999999999,249.5628999999999
2025-04-30 10:00:00+00:00,long_dry,final_eval,0.0,0.0,0.0,999,10,2,4,2025-17,11,2,4,12,2,4,13,2,4,16,2,4,238.67270000000008,702.0056999999999,-22.937400000000025,-72.54250000000002,238.67270000000008,702.0056999999999,22.937400000000025,72.54250000000002
2025-04-30 11:00:00+00:00,long_dry,final_eval,0.0,0.0,0.0,999,11,2,4,2025-17,12,2,4,13,2,4,14,2,4,17,2,4,635.1742999999999,13.740500000000111,-292.6903,124.1105,635.1742999999999,13.740500000000111,292.6903,124.1105
2025-04-30 12:00:00+00:00,long_dry,final_eval,0.0,0.0,0.0,999,12,2,4,2025-17,13,2,4,14,2,4,15,2,4,18,2,4,-178.15859999999998,-393.6744000000001,-160.2645,17.85050000000001,178.15859999999998,393.6744000000001,160.2645,17.85050000000001
2025-04-30 13:00:00+00:00,long_dry,final_eval,0.0,0.0,0.0,999,13,2,4,2025-17,14,2,4,15,2,4,16,2,4,19,2,4,-235.21654999999998,-111.52620000000002,-33.955999999999904,321.0930000000001,235.21654999999998,111.52620000000002,33.955999999999904,321.0930000000001
2025-04-30 14:00:00+00:00,long_dry,final_eval,0.0,0.0,0.0,999,14,2,4,2025-17,15,2,4,16,2,4,17,2,4,20,2,4,91.42539999999997,188.47906,171.68810000000008,292.23620000000005,91.42539999999997,188.47906,171.68810000000008,292.23620000000005
2025-04-30 15:00:00+00:00,long_dry,final_eval,0.0,0.0,0.0,999,15,2,4,2025-17,16,2,4,17,2,4,18,2,4,21,2,4,116.125,166.37480000000005,-78.05240000000003,1052.1147,116.125,166.37480000000005,78.05240000000003,1052.1147
2025-04-30 16:00:00+00:00,long_dry,final_eval,0.0,0.0,0.0,999,16,2,4,2025-17,17,2,4,18,2,4,19,2,4,22,2,4,134.6416999999999,-31.560699999999997,306.33899999999994,860.5735999999999,134.6416999999999,31.560699999999997,306.33899999999994,860.5735999999999
2025-04-30 17:00:00+00:00,long_dry,final_eval,0.0,0.0,0.0,999,17,2,4,2025-17,18,2,4,19,2,4,20,2,4,23,2,4,-283.24980000000005,-19.28989999999999,232.74839999999995,668.0044,283.24980000000005,19.28989999999999,232.74839999999995,668.0044
2025-04-30 18:00:00+00:00,long_dry,final_eval,0.0,0.0,0.0,999,18,2,4,2025-17,19,2,4,20,2,4,21,2,4,0,3,5,279.09400000000005,418.1318000000001,1239.7883,548.3345999999999,279.09400000000005,418.1318000000001,1239.7883,548.3345999999999
2025-04-30 19:00:00+00:00,long_dry,final_eval,0.0,0.0,0.0,999,19,2,4,2025-17,20,2,4,21,2,4,22,2,4,1,3,5,72.67759999999998,922.3339999999998,884.5409999999999,137.60860000000002,72.67759999999998,922.3339999999998,884.5409999999999,137.60860000000002
2025-04-30 20:00:00+00:00,long_dry,final_eval,0.0,0.0,0.0,999,20,2,4,2025-17,21,2,4,22,2,4,23,2,4,2,3,5,992.1858,726.1882,493.4556,155.65329999999994,992.1858,726.1882,493.4556,155.65329999999994
2025-04-30 21:00:00+00:00,long_dry,final_eval,0.0,0.0,0.0,999,21,2,4,2025-17,22,2,4,23,2,4,0,3,5,3,3,5,738.635,409.2682,337.3900000000001,-14.892240000000015,738.635,409.2682,337.3900000000001,14.892240000000015
2025-04-30 22:00:00+00:00,long_dry,final_eval,0.0,0.0,0.0,999,22,2,4,2025-17,23,2,4,0,3,5,1,3,5,4,3,5,615.7255,427.3681999999999,160.81129999999996,4.3963799999999935,615.7255,427.3681999999999,160.81129999999996,4.3963799999999935
2025-04-30 23:00:00+00:00,long_dry,final_eval,0.0,0.0,0.0,999,23,2,4,2025-17,0,3,5,1,3,5,2,3,5,5,3,5,333.38159999999993,105.87180000000001,138.23119999999994,-37.39269999999999,333.38159999999993,105.87180000000001,138.23119999999994,37.39269999999999
2025-05-01 00:00:00+00:00,long_dry,final_eval,0.0,0.0,0.0,999,0,3,5,2025-17,1,3,5,2,3,5,3,3,5,6,3,5,94.08730000000003,183.52466000000004,75.78003000000001,-13.012150000000005,94.08730000000003,183.52466000000004,75.78003000000001,13.012150000000005
2025-05-01 01:00:00+00:00,long_dry,final_eval,0.0,0.0,0.0,999,1,3,5,2025-17,2,3,5,3,3,5,4,3,5,7,3,5,177.11443999999995,60.24975999999998,45.710620000000006,-8.793694000000002,177.11443999999995,60.24975999999998,45.710620000000006,8.793694000000002
2025-05-01 02:00:00+00:00,long_dry,final_eval,0.0,0.0,0.0,999,2,3,5,2025-17,3,3,5,4,3,5,5,3,5,8,3,5,-51.355380000000025,9.152569999999997,-1.3596299999999957,0.583041999999999,51.355380000000025,9.152569999999997,1.3596299999999957,0.583041999999999
2025-05-01 03:00:00+00:00,long_dry,final_eval,0.0,0.0,0.0,999,3,3,5,2025-17,4,3,5,5,3,5,6,3,5,9,3,5,2.8081999999999994,-8.459280000000007,-9.599567,84.74074999999999,2.8081999999999994,8.459280000000007,9.599567,84.74074999999999
2025-05-01 04:00:00+00:00,long_dry,final_eval,0.0,0.0,0.0,999,4,3,5,2025-17,5,3,5,6,3,5,7,3,5,10,3,5,-16.890349999999998,2.1170699999999982,-2.6739650000000026,234.32952999999998,16.890349999999998,2.1170699999999982,2.6739650000000026,234.32952999999998
2025-05-01 05:00:00+00:00,long_dry,final_eval,0.0,0.0,0.0,999,5,3,5,2025-17,6,3,5,7,3,5,8,3,5,11,3,5,10.253639999999997,1.9729499999999973,14.346245000000003,484.68005000000005,10.253639999999997,1.9729499999999973,14.346245000000003,484.68005000000005
2025-05-01 06:00:00+00:00,long_dry,final_eval,0.0,0.0,0.0,999,6,3,5,2025-17,7,3,5,8,3,5,9,3,5,12,3,5,-0.8809049999999985,5.546059999999997,109.3656,575.4318000000001,0.8809049999999985,5.546059999999997,109.3656,575.4318000000001
2025-05-01 07:00:00+00:00,long_dry,final_eval,0.0,0.0,0.0,999,7,3,5,2025-17,8,3,5,9,3,5,10,3,5,13,3,5,7.8940119999999965,117.83048,195.49423000000002,-74.66110000000003,7.8940119999999965,117.83048,195.49423000000002,74.66110000000003
2025-05-01 08:00:00+00:00,long_dry,final_eval,0.0,0.0,0.0,999,8,3,5,2025-17,9,3,5,10,3,5,11,3,5,14,3,5,100.18775,161.69482,408.3189,-68.02620000000002,100.18775,161.69482,408.3189,68.02620000000002
2025-05-01 09:00:00+00:00,long_dry,final_eval,0.0,0.0,0.0,999,9,3,5,2025-17,10,3,5,11,3,5,12,3,5,15,3,5,-77.6603,241.98939999999993,636.2357999999999,-264.2336,77.6603,241.98939999999993,636.2357999999999,264.2336
2025-05-01 10:00:00+00:00,long_dry,final_eval,0.0,0.0,0.0,999,10,3,5,2025-17,11,3,5,12,3,5,13,3,5,16,3,5,256.2415000000001,632.4097999999999,-90.65750000000003,-27.24000000000001,256.2415000000001,632.4097999999999,90.65750000000003,27.24000000000001
2025-05-01 11:00:00+00:00,long_dry,final_eval,0.0,0.0,0.0,999,11,3,5,2025-17,12,3,5,13,3,5,14,3,5,17,3,5,588.4132,-42.02119999999991,-235.61220000000003,51.52800000000002,588.4132,42.02119999999991,235.61220000000003,51.52800000000002
2025-05-01 12:00:00+00:00,long_dry,final_eval,0.0,0.0,0.0,999,12,3,5,2025-17,13,3,5,14,3,5,15,3,5,18,3,5,-199.9280000000001,-278.43190000000004,-152.65967,225.76980000000003,199.9280000000001,278.43190000000004,152.65967,225.76980000000003
2025-05-01 13:00:00+00:00,long_dry,final_eval,0.0,0.0,0.0,999,13,3,5,2025-17,14,3,5,15,3,5,16,3,5,19,3,5,-163.74365,-154.99554,-15.295699999999897,445.1367,163.74365,154.99554,15.295699999999897,445.1367
2025-05-01 14:00:00+00:00,long_dry,final_eval,0.0,0.0,0.0,999,14,3,5,2025-17,15,3,5,16,3,5,17,3,5,20,3,5,24.83825999999999,200.29724,85.42190000000005,559.3998999999999,24.83825999999999,200.29724,85.42190000000005,559.3998999999999
2025-05-01 15:00:00+00:00,long_dry,final_eval,0.0,0.0,0.0,999,15,3,5,2025-17,16,3,5,17,3,5,18,3,5,21,3,5,197.62,141.04089999999997,146.36059999999998,1230.7583,197.62,141.04089999999997,146.36059999999998,1230.7583
2025-05-01 16:00:00+00:00,long_dry,final_eval,0.0,0.0,0.0,999,16,3,5,2025-17,17,3,5,18,3,5,19,3,5,22,3,5,3.085800000000063,74.7675999999999,379.91689999999994,917.2198000000001,3.085800000000063,74.7675999999999,379.91689999999994,917.2198000000001
2025-05-01 17:00:00+00:00,long_dry,final_eval,0.0,0.0,0.0,999,17,3,5,2025-17,18,3,5,19,3,5,20,3,5,23,3,5,55.21340000000009,275.62059999999997,572.7977000000001,642.2197000000001,55.21340000000009,275.62059999999997,572.7977000000001,642.2197000000001
2025-05-01 18:00:00+00:00,long_dry,final_eval,0.0,0.0,0.0,999,18,3,5,2025-17,19,3,5,20,3,5,21,3,5,0,4,5,97.4031,339.45949999999993,1121.5012,460.1124,97.4031,339.45949999999993,1121.5012,460.1124
2025-05-01 19:00:00+00:00,long_dry,final_eval,0.0,0.0,0.0,999,19,3,5,2025-17,20,3,5,21,3,5,22,3,5,1,4,5,305.69499999999994,987.3616000000002,837.3715,201.57489999999996,305.69499999999994,987.3616000000002,837.3715,201.57489999999996
2025-05-02 22:00:00+00:00,long_dry,final_eval,0.0,0.0,0.0,999,22,4,5,2025-17,23,4,5,0,5,5,1,5,5,4,5,5,645.3049000000001,392.6270999999999,234.0721000000001,258.68738,645.3049000000001,392.6270999999999,234.0721000000001,258.68738
2025-05-02 23:00:00+00:00,long_dry,final_eval,0.0,0.0,0.0,999,23,4,5,2025-17,0,5,5,1,5,5,2,5,5,5,5,5,402.41959999999995,276.0801,318.42999999999995,140.40164,402.41959999999995,276.0801,318.42999999999995,140.40164
2025-05-03 00:00:00+00:00,long_dry,final_eval,0.0,0.0,0.0,999,0,5,5,2025-17,1,5,5,2,5,5,3,5,5,6,5,5,219.62799999999993,352.8645,250.15650000000005,51.05065999999999,219.62799999999993,352.8645,250.15650000000005,51.05065999999999
2025-05-03 01:00:00+00:00,long_dry,final_eval,0.0,0.0,0.0,999,1,5,5,2025-17,2,5,5,3,5,5,4,5,5,7,5,5,320.29830000000004,224.88165000000004,154.20807000000002,-18.978250000000003,320.29830000000004,224.88165000000004,154.20807000000002,18.978250000000003
2025-05-03 02:00:00+00:00,long_dry,final_eval,0.0,0.0,0.0,999,2,5,5,2025-17,3,5,5,4,5,5,5,5,5,8,5,5,94.11599999999999,60.3886,46.924649999999986,-10.121260000000007,94.11599999999999,60.3886,46.924649999999986,10.121260000000007
2025-05-03 03:00:00+00:00,long_dry,final_eval,0.0,0.0,0.0,999,3,5,5,2025-17,4,5,5,5,5,5,6,5,5,9,5,5,-15.534549999999967,27.584630000000004,41.25890000000001,-16.289389999999997,15.534549999999967,27.584630000000004,41.25890000000001,16.289389999999997
2025-05-03 04:00:00+00:00,long_dry,final_eval,0.0,0.0,0.0,999,4,5,5,2025-17,5,5,5,6,5,5,7,5,5,10,5,5,41.392060000000015,-8.541689999999988,-40.236019999999996,13.705829999999992,41.392060000000015,8.541689999999988,40.236019999999996,13.705829999999992
2025-05-03 05:00:00+00:00,long_dry,final_eval,0.0,0.0,0.0,999,5,5,5,2025-17,6,5,5,7,5,5,8,5,5,11,5,5,-12.835970000000003,-43.110749999999996,-29.958150000000003,87.68786999999998,12.835970000000003,43.110749999999996,29.958150000000003,87.68786999999998
2025-05-03 06:00:00+00:00,long_dry,final_eval,0.0,0.0,0.0,999,6,5,5,2025-17,7,5,5,8,5,5,9,5,5,12,5,5,1.3233900000000034,-0.41334499999999963,19.531800000000004,124.43150000000003,1.3233900000000034,0.41334499999999963,19.531800000000004,124.43150000000003
2025-05-03 07:00:00+00:00,long_dry,final_eval,0.0,0.0,0.0,999,7,5,5,2025-17,8,5,5,9,5,5,10,5,5,13,5,5,7.947569999999999,21.292739999999995,40.12818999999999,151.0232000000001,7.947569999999999,21.292739999999995,40.12818999999999,151.0232000000001
2025-05-03 08:00:00+00:00,long_dry,final_eval,0.0,0.0,0.0,999,8,5,5,2025-17,9,5,5,10,5,5,11,5,5,14,5,5,12.949119999999994,31.008819999999986,9.82632000000001,305.16419999999994,12.949119999999994,31.008819999999986,9.82632000000001,305.16419999999994
2025-05-03 09:00:00+00:00,long_dry,final_eval,0.0,0.0,0.0,999,9,5,5,2025-17,10,5,5,11,5,5,12,5,5,15,5,5,-14.6618,-52.907100000000014,-74.8999,462.6196,14.6618,52.907100000000014,74.8999,462.6196
2025-05-03 10:00:00+00:00,long_dry,final_eval,0.0,0.0,0.0,999,10,5,5,2025-17,11,5,5,12,5,5,13,5,5,16,5,5,-78.51279999999997,-84.34533999999996,256.385,579.6524999999999,78.51279999999997,84.34533999999996,256.385,579.6524999999999
2025-05-03 11:00:00+00:00,long_dry,final_eval,0.0,0.0,0.0,999,11,5,5,2025-17,12,5,5,13,5,5,14,5,5,17,5,5,-180.183,182.2971,376.7077999999999,693.4675,180.183,182.2971,376.7077999999999,693.4675
2025-05-03 12:00:00+00:00,long_dry,final_eval,0.0,0.0,0.0,999,12,5,5,2025-17,13,5,5,14,5,5,15,5,5,18,5,5,141.38490000000002,283.95039999999995,469.7445,670.4776999999999,141.38490000000002,283.95039999999995,469.7445,670.4776999999999
2025-05-03 13:00:00+00:00,long_dry,final_eval,0.0,0.0,0.0,999,13,5,5,2025-17,14,5,5,15,5,5,16,5,5,19,5,5,153.6018999999999,319.80269999999996,464.2560000000001,685.0078000000001,153.6018999999999,319.80269999999996,464.2560000000001,685.0078000000001
2025-05-03 14:00:00+00:00,long_dry,final_eval,0.0,0.0,0.0,999,14,5,5,2025-17,15,5,5,16,5,5,17,5,5,20,5,5,175.4928,299.0693000000001,477.80680000000007,538.7977000000001,175.4928,299.0693000000001,477.80680000000007,538.7977000000001
2025-05-03 15:00:00+00:00,long_dry,final_eval,0.0,0.0,0.0,999,15,5,5,2025-17,16,5,5,17,5,5,18,5,5,21,5,5,354.34130000000005,470.9338,566.0875000000001,460.7695000000001,354.34130000000005,470.9338,566.0875000000001,460.7695000000001
2025-05-03 16:00:00+00:00,long_dry,final_eval,0.0,0.0,0.0,999,16,5,5,2025-17,17,5,5,18,5,5,19,5,5,22,5,5,533.3413,558.9338,588.0875000000001,432.7695000000001,533.3413,558.9338,588.0875000000001,432.7695000000001
2025-05-03 17:00:00+00:00,long_dry,final_eval,0.0,0.0,0.0,999,17,5,5,2025-17,18,5,5,19,5,5,20,5,5,23,5,5,572.0742,478.77639999999997,348.41239999999993,160.42830000000004,572.0742,478.77639999999997,348.41239999999993,160.42830000000004
2025-05-03 18:00:00+00:00,long_dry,final_eval,0.0,0.0,0.0,999,18,5,5,2025-17,19,5,5,20,5,5,21,5,5,0,6,5,515.3813,308.0983000000001,266.48,218.62740000000008,515.3813,308.0983000000001,266.48,218.62740000000008
2025-05-03 19:00:00+00:00,long_dry,final_eval,0.0,0.0,0.0,999,19,5,5,2025-17,20,5,5,21,5,5,22,5,5,1,6,5,354.47360000000003,278.3722,372.70900000000006,92.6078,354.47360000000003,278.3722,372.70900000000006,92.6078
2025-05-03 20:00:00+00:00,long_dry,final_eval,0.0,0.0,0.0,999,20,5,5,2025-17,21,5,5,22,5,5,23,5,5,2,6,5,501.7396000000001,538.8136,218.47939999999994,126.5009,501.7396000000001,538.8136,218.47939999999994,126.5009
2025-05-04 02:00:00+00:00,recovery,final_eval,0.0,14.5,14.5,1,2,6,5,2025-18,3,6,5,4,6,5,5,6,5,8,6,5,-53.18399999999997,-343.16437,-101.72991999999999,-24.156104999999997,53.18399999999997,343.16437,101.72991999999999,24.156104999999997
2025-05-04 17:00:00+00:00,recovery,final_eval,0.0,10.6,26.2,1,17,6,5,2025-18,18,6,5,19,6,5,20,6,5,23,6,5,6.1400000000001,41.74039999999991,-84.7503999999999,-16.008499999999913,6.1400000000001,41.74039999999991,84.7503999999999,16.008499999999913
2025-05-04 22:00:00+00:00,recovery,final_eval,0.0,7.3999999999999995,25.7,1,22,6,5,2025-18,23,6,5,0,0,5,1,0,5,4,0,5,181.32079999999996,120.86035000000004,50.63585999999998,6.644779999999997,181.32079999999996,120.86035000000004,50.63585999999998,6.644779999999997
2025-05-04 23:00:00+00:00,recovery,final_eval,0.0,7.1,25.7,2,23,6,5,2025-18,0,0,5,1,0,5,2,0,5,5,0,5,34.52089999999998,32.52526999999998,41.01959999999997,-10.118369999999999,34.52089999999998,32.52526999999998,41.01959999999997,10.118369999999999
2025-05-05 00:00:00+00:00,recovery,final_eval,0.0,6.5,19.4,3,0,0,5,2025-18,1,0,5,2,0,5,3,0,5,6,0,5,36.04332999999997,73.12249999999995,48.405550000000005,-0.16672499999999957,36.04332999999997,73.12249999999995,48.405550000000005,0.16672499999999957
2025-05-05 21:00:00+00:00,recovery,final_eval,0.0,5.8999999999999995,5.999999999999999,1,21,0,5,2025-18,22,0,5,23,0,5,0,1,5,3,1,5,429.32950000000005,-564.767,-941.1288999999999,-169.97467,429.32950000000005,564.767,941.1288999999999,169.97467
2025-05-06 00:00:00+00:00,recovery,final_eval,0.0,9.2,9.2,1,0,1,5,2025-18,1,1,5,2,1,5,3,1,5,6,1,5,-2.6436499999999796,163.07338,79.60945,-10.724696999999999,2.6436499999999796,163.07338,79.60945,10.724696999999999
2025-05-06 07:00:00+00:00,recovery,final_eval,0.0,26.6,31.700000000000006,1,7,1,5,2025-18,8,1,5,9,1,5,10,1,5,13,1,5,10.533320000000003,80.864365,229.44366000000002,6.98914000000002,10.533320000000003,80.864365,229.44366000000002,6.98914000000002
2025-05-06 08:00:00+00:00,recovery,final_eval,0.0,25.900000000000002,31.700000000000006,2,8,1,5,2025-18,9,1,5,10,1,5,11,1,5,14,1,5,56.76992999999999,191.73904,404.79193,-56.76139999999998,56.76992999999999,191.73904,404.79193,56.76139999999998
2025-05-06 09:00:00+00:00,recovery,final_eval,0.0,25.8,31.700000000000006,3,9,1,5,2025-18,10,1,5,11,1,5,12,1,5,15,1,5,10.983460000000036,257.24580000000003,641.7026000000001,33.27013999999997,10.983460000000036,257.24580000000003,641.7026000000001,33.27013999999997
2025-05-07 06:00:00+00:00,recent_rain,final_eval,0.0,1.6,4.1000000000000005,4,6,2,5,2025-18,7,2,5,8,2,5,9,2,5,12,2,5,-6.9366720000000015,3.4276729999999986,65.7834,548.0582999999999,6.9366720000000015,3.4276729999999986,65.7834,548.0582999999999
2025-05-07 07:00:00+00:00,recent_rain,final_eval,0.0,1.4000000000000001,3.900000000000001,5,7,2,5,2025-18,8,2,5,9,2,5,10,2,5,13,2,5,5.965854999999998,74.87833,209.59160000000003,-32.406600000000026,5.965854999999998,74.87833,209.59160000000003,32.406600000000026
2025-05-08 03:00:00+00:00,long_dry,final_eval,0.0,0.0,0.0,999,3,3,5,2025-18,4,3,5,5,3,5,6,3,5,9,3,5,-0.8122299999999996,-6.348975999999993,-18.836150000000004,40.67961,0.8122299999999996,6.348975999999993,18.836150000000004,40.67961
2025-05-08 04:00:00+00:00,long_dry,final_eval,0.0,0.0,0.0,999,4,3,5,2025-18,5,3,5,6,3,5,7,3,5,10,3,5,-10.646736000000004,-6.882930000000002,-6.673965000000003,264.8038,10.646736000000004,6.882930000000002,6.673965000000003,264.8038
2025-05-08 05:00:00+00:00,long_dry,final_eval,0.0,0.0,0.0,999,5,3,5,2025-18,6,3,5,7,3,5,8,3,5,11,3,5,-0.8836360000000028,-2.7059819999999988,11.346245000000003,479.04114000000004,0.8836360000000028,2.7059819999999988,11.346245000000003,479.04114000000004
2025-05-08 06:00:00+00:00,long_dry,final_eval,0.0,0.0,0.0,999,6,3,5,2025-18,7,3,5,8,3,5,9,3,5,12,3,5,-3.7516200000000026,3.4297699999999978,67.28121,503.78340000000003,3.7516200000000026,3.4297699999999978,67.28121,503.78340000000003
2025-05-08 07:00:00+00:00,long_dry,final_eval,0.0,0.0,0.0,999,7,3,5,2025-18,8,3,5,9,3,5,10,3,5,13,3,5,4.39808,72.34615,228.9706,-79.52999999999997,4.39808,72.34615,228.9706,79.52999999999997
2025-05-08 08:00:00+00:00,long_dry,final_eval,0.0,0.0,0.0,999,8,3,5,2025-18,9,3,5,10,3,5,11,3,5,14,3,5,52.531136000000004,192.79367000000002,389.91754000000003,-47.26433999999995,52.531136000000004,192.79367000000002,389.91754000000003,47.26433999999995
2025-05-08 09:00:00+00:00,long_dry,final_eval,0.0,0.0,0.0,999,9,3,5,2025-18,10,3,5,11,3,5,12,3,5,15,3,5,19.732600000000048,281.9774,557.8620000000001,-216.89689999999996,19.732600000000048,281.9774,557.8620000000001,216.89689999999996
2025-05-08 10:00:00+00:00,long_dry,final_eval,0.0,0.0,0.0,999,10,3,5,2025-18,11,3,5,12,3,5,13,3,5,16,3,5,261.42470000000003,546.6875,-122.4224999999999,-73.41689999999994,261.42470000000003,546.6875,122.4224999999999,73.41689999999994
2025-05-08 11:00:00+00:00,long_dry,final_eval,0.0,0.0,0.0,999,11,3,5,2025-18,12,3,5,13,3,5,14,3,5,17,3,5,511.41319999999996,-59.02119999999991,-209.61220000000003,1.52800000000002,511.41319999999996,59.02119999999991,209.61220000000003,1.52800000000002
2025-05-08 12:00:00+00:00,long_dry,final_eval,0.0,0.0,0.0,999,12,3,5,2025-18,13,3,5,14,3,5,15,3,5,18,3,5,-155.93869999999993,-140.36676,-45.37869999999998,229.356,155.93869999999993,140.36676,45.37869999999998,229.356
2025-05-08 13:00:00+00:00,long_dry,final_eval,0.0,0.0,0.0,999,13,3,5,2025-18,14,3,5,15,3,5,16,3,5,19,3,5,-124.50049999999999,-104.2287,-27.153299999999945,344.3173999999999,124.50049999999999,104.2287,27.153299999999945,344.3173999999999
2025-05-08 14:00:00+00:00,long_dry,final_eval,0.0,0.0,0.0,999,14,3,5,2025-18,15,3,5,16,3,5,17,3,5,20,3,5,50.83825999999999,164.29724,35.42190000000005,-71.60010000000011,50.83825999999999,164.29724,35.42190000000005,71.60010000000011
2025-05-08 15:00:00+00:00,long_dry,final_eval,0.0,0.0,0.0,999,15,3,5,2025-18,16,3,5,17,3,5,18,3,5,21,3,5,142.19820000000004,70.54189999999994,116.96659999999997,281.7242000000001,142.19820000000004,70.54189999999994,116.96659999999997,281.7242000000001
2025-05-09 04:00:00+00:00,recovery,final_eval,0.0,6.299999999999999,6.299999999999999,1,4,4,5,2025-18,5,4,5,6,4,5,7,4,5,10,4,5,23.182816000000003,-18.466124999999998,-29.225189999999998,36.80576000000002,23.182816000000003,18.466124999999998,29.225189999999998,36.80576000000002
2025-05-09 08:00:00+00:00,recovery,final_eval,0.0,7.699999999999999,7.899999999999999,1,8,4,5,2025-18,9,4,5,10,4,5,11,4,5,14,4,5,18.195099999999996,-26.77292,-194.42319999999995,-221.6119,18.195099999999996,26.77292,194.42319999999995,221.6119
2025-05-09 17:00:00+00:00,recovery,final_eval,0.0,6.6,12.799999999999997,1,17,4,5,2025-18,18,4,5,19,4,5,20,4,5,23,4,5,224.37040000000002,664.3628000000001,432.3118999999999,533.5415,224.37040000000002,664.3628000000001,432.3118999999999,533.5415
2025-05-09 18:00:00+00:00,recovery,final_eval,0.0,5.3999999999999995,12.699999999999998,2,18,4,5,2025-18,19,4,5,20,4,5,21,4,5,0,5,5,331.3510000000001,74.96329999999989,489.89419999999996,273.87850000000003,331.3510000000001,74.96329999999989,489.89419999999996,273.87850000000003
2025-05-09 19:00:00+00:00,recovery,final_eval,0.0,5.1,12.699999999999998,3,19,4,5,2025-18,20,4,5,21,4,5,22,4,5,1,5,5,26.22270000000003,349.1014,487.12799999999993,169.26779999999997,26.22270000000003,349.1014,487.12799999999993,169.26779999999997
2025-05-10 17:00:00+00:00,long_dry,final_eval,0.0,0.0,0.0,999,17,5,5,2025-18,18,5,5,19,5,5,20,5,5,23,5,5,517.7363,669.9203,454.5479,465.5767000000001,517.7363,669.9203,454.5479,465.5767000000001
2025-05-10 18:00:00+00:00,long_dry,final_eval,0.0,0.0,0.0,999,18,5,5,2025-18,19,5,5,20,5,5,21,5,5,0,6,5,502.5247999999999,167.21360000000004,155.02639999999997,283.9187999999999,502.5247999999999,167.21360000000004,155.02639999999997,283.9187999999999
2025-05-10 19:00:00+00:00,long_dry,final_eval,0.0,0.0,0.0,999,19,5,5,2025-18,20,5,5,21,5,5,22,5,5,1,6,5,226.53109999999992,88.33230000000003,220.8397,144.3364999999999,226.53109999999992,88.33230000000003,220.8397,144.3364999999999
2025-05-10 20:00:00+00:00,long_dry,final_eval,0.0,0.0,0.0,999,20,5,5,2025-18,21,5,5,22,5,5,23,5,5,2,6,5,341.6467,395.7642000000001,406.53829999999994,211.93219999999997,341.6467,395.7642000000001,406.53829999999994,211.93219999999997
2025-05-10 21:00:00+00:00,long_dry,final_eval,0.0,0.0,0.0,999,21,5,5,2025-18,22,5,5,23,5,5,0,6,5,3,6,5,494.5693000000001,509.2775999999999,225.02819999999997,235.97375,494.5693000000001,509.2775999999999,225.02819999999997,235.97375
2025-05-10 22:00:00+00:00,long_dry,final_eval,0.0,0.0,0.0,999,22,5,5,2025-18,23,5,5,0,6,5,1,6,5,4,6,5,532.3045999999999,331.0887,248.69830000000002,197.81247000000002,532.3045999999999,331.0887,248.69830000000002,197.81247000000002
2025-05-10 23:00:00+00:00,long_dry,final_eval,0.0,0.0,0.0,999,23,5,5,2025-18,0,6,5,1,6,5,2,6,5,5,6,5,218.97199999999998,216.77166999999997,135.72140000000002,62.102869999999996,218.97199999999998,216.77166999999997,135.72140000000002,62.102869999999996
2025-05-11 00:00:00+00:00,long_dry,final_eval,0.0,0.0,0.0,999,0,6,5,2025-19,1,6,5,2,6,5,3,6,5,6,6,5,172.7831000000001,173.26764000000003,190.50793,58.53944000000001,172.7831000000001,173.26764000000003,190.50793,58.53944000000001
2025-05-11 01:00:00+00:00,long_dry,final_eval,0.0,0.0,0.0,999,1,6,5,2025-19,2,6,5,3,6,5,4,6,5,7,6,5,175.66223000000002,180.77980000000002,111.17865,-6.341930000000005,175.66223000000002,180.77980000000002,111.17865,6.341930000000005
2025-05-11 02:00:00+00:00,long_dry,final_eval,0.0,0.0,0.0,999,2,6,5,2025-19,3,6,5,4,6,5,5,6,5,8,6,5,71.63310000000001,40.073099999999954,-15.476069999999993,22.092185999999998,71.63310000000001,40.073099999999954,15.476069999999993,22.092185999999998
2025-05-11 03:00:00+00:00,long_dry,final_eval,0.0,0.0,0.0,999,3,6,5,2025-19,4,6,5,5,6,5,6,6,5,9,6,5,-42.05439999999999,-41.22140000000002,53.619640000000004,-32.21078,42.05439999999999,41.22140000000002,53.619640000000004,32.21078
2025-05-11 04:00:00+00:00,long_dry,final_eval,0.0,0.0,0.0,999,4,6,5,2025-19,5,6,5,6,6,5,7,6,5,10,6,5,-11.711700000000008,10.310699999999997,-22.091735999999997,-20.467829999999992,11.711700000000008,10.310699999999997,22.091735999999997,20.467829999999992
2025-05-11 05:00:00+00:00,long_dry,final_eval,0.0,0.0,0.0,999,5,6,5,2025-19,6,6,5,7,6,5,8,6,5,11,6,5,32.38225,2.8856899999999968,18.731030000000004,-29.435519999999997,32.38225,2.8856899999999968,18.731030000000004,29.435519999999997
2025-05-11 06:00:00+00:00,long_dry,final_eval,0.0,0.0,0.0,999,6,6,5,2025-19,7,6,5,8,6,5,9,6,5,12,6,5,8.088210000000004,20.15827,-10.176249999999996,-27.04314999999997,8.088210000000004,20.15827,10.176249999999996,27.04314999999997
2025-05-11 07:00:00+00:00,long_dry,final_eval,0.0,0.0,0.0,999,7,6,5,2025-19,8,6,5,9,6,5,10,6,5,13,6,5,32.120663,-3.6340100000000035,-5.299180000000007,-166.92740000000003,32.120663,3.6340100000000035,5.299180000000007,166.92740000000003
2025-05-11 08:00:00+00:00,long_dry,final_eval,0.0,0.0,0.0,999,8,6,5,2025-19,9,6,5,10,6,5,11,6,5,14,6,5,-35.35471,-36.63016999999999,-161.67104999999998,40.26060000000007,35.35471,36.63016999999999,161.67104999999998,40.26060000000007
2025-05-11 09:00:00+00:00,long_dry,final_eval,0.0,0.0,0.0,999,9,6,5,2025-19,10,6,5,11,6,5,12,6,5,15,6,5,34.06505999999999,-54.00261999999998,-164.91290000000004,159.36040000000003,34.06505999999999,54.00261999999998,164.91290000000004,159.36040000000003
2025-05-11 10:00:00+00:00,long_dry,final_eval,0.0,0.0,0.0,999,10,6,5,2025-19,11,6,5,12,6,5,13,6,5,16,6,5,-157.52408000000003,-265.95917,-85.55600000000004,309.4996000000001,157.52408000000003,265.95917,85.55600000000004,309.4996000000001
2025-05-11 11:00:00+00:00,long_dry,final_eval,0.0,0.0,0.0,999,11,6,5,2025-19,12,6,5,13,6,5,14,6,5,17,6,5,-238.33434999999997,-74.16819999999996,158.43129999999996,186.6581000000001,238.33434999999997,74.16819999999996,158.43129999999996,186.6581000000001
2025-05-11 12:00:00+00:00,long_dry,final_eval,0.0,0.0,0.0,999,12,6,5,2025-19,13,6,5,14,6,5,15,6,5,18,6,5,-7.370499999999993,185.53780000000006,265.26250000000005,271.3325,7.370499999999993,185.53780000000006,265.26250000000005,271.3325
2025-05-11 13:00:00+00:00,long_dry,final_eval,0.0,0.0,0.0,999,13,6,5,2025-19,14,6,5,15,6,5,16,6,5,19,6,5,55.01209999999992,111.94460000000004,266.2449999999999,235.84449999999993,55.01209999999992,111.94460000000004,266.2449999999999,235.84449999999993
2025-05-11 14:00:00+00:00,long_dry,final_eval,0.0,0.0,0.0,999,14,6,5,2025-19,15,6,5,16,6,5,17,6,5,20,6,5,-23.575700000000097,101.48160000000007,44.22510000000011,281.0510999999999,23.575700000000097,101.48160000000007,44.22510000000011,281.0510999999999
2025-05-11 15:00:00+00:00,long_dry,final_eval,0.0,0.0,0.0,999,15,6,5,2025-19,16,6,5,17,6,5,18,6,5,21,6,5,181.1425999999999,93.8925999999999,161.90229999999997,256.1714999999999,181.1425999999999,93.8925999999999,161.90229999999997,256.1714999999999
2025-05-11 16:00:00+00:00,long_dry,final_eval,0.0,0.0,0.0,999,16,6,5,2025-19,17,6,5,18,6,5,19,6,5,22,6,5,108.50510000000008,158.43370000000004,184.60529999999994,122.46029999999996,108.50510000000008,158.43370000000004,184.60529999999994,122.46029999999996
2025-05-11 17:00:00+00:00,long_dry,final_eval,0.0,0.0,0.0,999,17,6,5,2025-19,18,6,5,19,6,5,20,6,5,23,6,5,334.2002,317.6228000000001,351.0336,299.7228,334.2002,317.6228000000001,351.0336,299.7228
2025-05-11 18:00:00+00:00,long_dry,final_eval,0.0,0.0,0.0,999,18,6,5,2025-19,19,6,5,20,6,5,21,6,5,0,0,5,81.173,54.94319999999993,48.1554000000001,213.1757,81.173,54.94319999999993,48.1554000000001,213.1757
2025-05-11 19:00:00+00:00,long_dry,final_eval,0.0,0.0,0.0,999,19,6,5,2025-19,20,6,5,21,6,5,22,6,5,1,0,5,214.19209999999998,155.8925999999999,120.11850000000004,-95.84090000000003,214.19209999999998,155.8925999999999,120.11850000000004,95.84090000000003
2025-05-11 20:00:00+00:00,long_dry,final_eval,0.0,0.0,0.0,999,20,6,5,2025-19,21,6,5,22,6,5,23,6,5,2,0,5,76.7539999999999,3.101799999999912,67.01710000000003,-138.74120000000005,76.7539999999999,3.101799999999912,67.01710000000003,138.74120000000005
2025-05-11 21:00:00+00:00,long_dry,final_eval,0.0,0.0,0.0,999,21,6,5,2025-19,22,6,5,23,6,5,0,0,5,3,0,5,112.6228000000001,194.63840000000005,14.058199999999943,-86.41034000000002,112.6228000000001,194.63840000000005,14.058199999999943,86.41034000000002
2025-05-11 22:00:00+00:00,long_dry,final_eval,0.0,0.0,0.0,999,22,6,5,2025-19,23,6,5,0,0,5,1,0,5,4,0,5,261.10799999999995,167.18426999999997,-1.2978500000000395,-11.41910999999999,261.10799999999995,167.18426999999997,1.2978500000000395,11.41910999999999
2025-05-11 23:00:00+00:00,long_dry,final_eval,0.0,0.0,0.0,999,23,6,5,2025-19,0,0,5,1,0,5,2,0,5,5,0,5,53.24389999999994,-45.77030000000002,-37.586599999999976,-33.094505,53.24389999999994,45.77030000000002,37.586599999999976,33.094505
2025-05-12 00:00:00+00:00,long_dry,final_eval,0.0,0.0,0.0,999,0,0,5,2025-19,1,0,5,2,0,5,3,0,5,6,0,5,-78.51430000000005,-28.089500000000044,37.101380000000006,-14.734271999999997,78.51430000000005,28.089500000000044,37.101380000000006,14.734271999999997
2025-05-12 01:00:00+00:00,long_dry,final_eval,0.0,0.0,0.0,999,1,0,5,2025-19,2,0,5,3,0,5,4,0,5,7,0,5,-57.67409999999995,6.78973000000002,6.689099999999996,-5.0847359999999995,57.67409999999995,6.78973000000002,6.689099999999996,5.0847359999999995
2025-05-12 02:00:00+00:00,long_dry,final_eval,0.0,0.0,0.0,999,2,0,5,2025-19,3,0,5,4,0,5,5,0,5,8,0,5,4.446230000000014,5.629549999999995,-16.919846000000007,-2.115234000000001,4.446230000000014,5.629549999999995,16.919846000000007,2.115234000000001
2025-05-12 03:00:00+00:00,long_dry,final_eval,0.0,0.0,0.0,999,3,0,5,2025-19,4,0,5,5,0,5,6,0,5,9,0,5,-31.0069,-26.130619999999993,-15.589424000000001,23.57822999999999,31.0069,26.130619999999993,15.589424000000001,23.57822999999999
2025-05-12 04:00:00+00:00,long_dry,final_eval,0.0,0.0,0.0,999,4,0,5,2025-19,5,0,5,6,0,5,7,0,5,10,0,5,-14.427634999999995,0.128149999999998,2.820343000000001,176.56097,14.427634999999995,0.128149999999998,2.820343000000001,176.56097
2025-05-12 05:00:00+00:00,long_dry,final_eval,0.0,0.0,0.0,999,5,0,5,2025-19,6,0,5,7,0,5,8,0,5,11,0,5,9.228386,7.414290999999999,7.268909999999998,274.23130000000003,9.228386,7.414290999999999,7.268909999999998,274.23130000000003
2025-05-12 06:00:00+00:00,long_dry,final_eval,0.0,0.0,0.0,999,6,0,5,2025-19,7,0,5,8,0,5,9,0,5,12,0,5,3.333840000000002,-2.858265000000003,44.519270000000006,276.8108,3.333840000000002,2.858265000000003,44.519270000000006,276.8108
2025-05-12 07:00:00+00:00,long_dry,final_eval,0.0,0.0,0.0,999,7,0,5,2025-19,8,0,5,9,0,5,10,0,5,13,0,5,0.008270000000003108,53.836619999999996,186.56204000000002,-136.42460000000005,0.008270000000003108,53.836619999999996,186.56204000000002,136.42460000000005
2025-05-12 08:00:00+00:00,long_dry,final_eval,0.0,0.0,0.0,999,8,0,5,2025-19,9,0,5,10,0,5,11,0,5,14,0,5,50.9281,180.44036999999997,250.7305,-118.94000000000005,50.9281,180.44036999999997,250.7305,118.94000000000005
2025-05-12 09:00:00+00:00,long_dry,final_eval,0.0,0.0,0.0,999,9,0,5,2025-19,10,0,5,11,0,5,12,0,5,15,0,5,-30.70709999999997,100.23680000000002,311.39969999999994,-246.05820000000006,30.70709999999997,100.23680000000002,311.39969999999994,246.05820000000006
2025-05-12 10:00:00+00:00,long_dry,final_eval,0.0,0.0,0.0,999,10,0,5,2025-19,11,0,5,12,0,5,13,0,5,16,0,5,49.69470000000001,284.8490999999999,-196.8547000000001,1.365500000000111,49.69470000000001,284.8490999999999,196.8547000000001,1.365500000000111
2025-05-12 11:00:00+00:00,long_dry,final_eval,0.0,0.0,0.0,999,11,0,5,2025-19,12,0,5,13,0,5,14,0,5,17,0,5,261.7224000000001,-214.4629,-317.3637,115.7614000000001,261.7224000000001,214.4629,317.3637,115.7614000000001
2025-05-12 12:00:00+00:00,long_dry,final_eval,0.0,0.0,0.0,999,12,0,5,2025-19,13,0,5,14,0,5,15,0,5,18,0,5,-291.7789,-274.75744999999995,-147.78150000000005,25.18399999999997,291.7789,274.75744999999995,147.78150000000005,25.18399999999997
2025-05-12 13:00:00+00:00,long_dry,final_eval,0.0,0.0,0.0,999,13,0,5,2025-19,14,0,5,15,0,5,16,0,5,19,0,5,-244.88464,-206.24570000000006,-24.342499999999973,315.9839999999999,244.88464,206.24570000000006,24.342499999999973,315.9839999999999
2025-05-12 14:00:00+00:00,long_dry,final_eval,0.0,0.0,0.0,999,14,0,5,2025-19,15,0,5,16,0,5,17,0,5,20,0,5,-0.9815999999999576,195.27560000000005,160.39549999999997,297.4459999999999,0.9815999999999576,195.27560000000005,160.39549999999997,297.4459999999999
2025-05-12 15:00:00+00:00,long_dry,final_eval,0.0,0.0,0.0,999,15,0,5,2025-19,16,0,5,17,0,5,18,0,5,21,0,5,161.44500000000005,181.06757000000005,-80.9022,671.2401,161.44500000000005,181.06757000000005,80.9022,671.2401
2025-05-12 16:00:00+00:00,long_dry,final_eval,0.0,0.0,0.0,999,16,0,5,2025-19,17,0,5,18,0,5,19,0,5,22,0,5,9.99330000000009,-181.55130000000008,207.00379999999996,489.6832999999999,9.99330000000009,181.55130000000008,207.00379999999996,489.6832999999999
2025-05-12 17:00:00+00:00,long_dry,final_eval,0.0,0.0,0.0,999,17,0,5,2025-19,18,0,5,19,0,5,20,0,5,23,0,5,-187.7077999999999,107.50440000000003,295.5238999999999,352.8434,187.7077999999999,107.50440000000003,295.5238999999999,352.8434
2025-05-12 18:00:00+00:00,long_dry,final_eval,0.0,0.0,0.0,999,18,0,5,2025-19,19,0,5,20,0,5,21,0,5,0,1,5,367.21939999999995,515.4408000000001,946.4783,270.65200000000004,367.21939999999995,515.4408000000001,946.4783,270.65200000000004
2025-05-12 19:00:00+00:00,long_dry,final_eval,0.0,0.0,0.0,999,19,0,5,2025-19,20,0,5,21,0,5,22,0,5,1,1,5,160.14969999999994,595.2546,499.9728,31.38919999999996,160.14969999999994,595.2546,499.9728,31.38919999999996
2025-05-12 20:00:00+00:00,long_dry,final_eval,0.0,0.0,0.0,999,20,0,5,2025-19,21,0,5,22,0,5,23,0,5,2,1,5,593.6862000000001,295.80860000000007,229.46630000000005,-26.494929999999954,593.6862000000001,295.80860000000007,229.46630000000005,26.494929999999954
2025-05-12 21:00:00+00:00,long_dry,final_eval,0.0,0.0,0.0,999,21,0,5,2025-19,22,0,5,23,0,5,0,1,5,3,1,5,279.88210000000004,109.019,-28.717200000000048,-87.23610000000002,279.88210000000004,109.019,28.717200000000048,87.23610000000002
2025-05-14 13:00:00+00:00,recovery,final_eval,0.0,12.899999999999999,42.80000000000001,1,13,2,5,2025-19,14,2,5,15,2,5,16,2,5,19,2,5,82.38909999999998,215.73443999999995,325.88226,909.16016,82.38909999999998,215.73443999999995,325.88226,909.16016
2025-05-14 14:00:00+00:00,recovery,final_eval,0.0,9.6,37.60000000000001,2,14,2,5,2025-19,15,2,5,16,2,5,17,2,5,20,2,5,176.3057,315.0059,292.8405,834.1323,176.3057,315.0059,292.8405,834.1323
2025-05-15 14:00:00+00:00,recovery,final_eval,0.0,9.4,21.500000000000007,1,14,3,5,2025-19,15,3,5,16,3,5,17,3,5,20,3,5,143.42819999999995,153.65970000000004,83.44820000000004,495.5775000000001,143.42819999999995,153.65970000000004,83.44820000000004,495.5775000000001
2025-05-15 15:00:00+00:00,recovery,final_eval,0.0,6.4,21.500000000000007,2,15,3,5,2025-19,16,3,5,17,3,5,18,3,5,21,3,5,41.53489999999999,41.271600000000035,42.60660000000007,1102.0057,41.53489999999999,41.271600000000035,42.60660000000007,1102.0057
2025-05-16 21:00:00+00:00,recent_rain,final_eval,0.0,4.0,4.0,3,21,4,5,2025-19,22,4,5,23,4,5,0,5,5,3,5,5,-171.2113999999999,240.05259999999998,64.06799999999998,248.50080000000003,171.2113999999999,240.05259999999998,64.06799999999998,248.50080000000003
2025-05-17 01:00:00+00:00,recent_rain,final_eval,0.0,4.0,4.1,3,1,5,5,2025-19,2,5,5,3,5,5,4,5,5,7,5,5,126.58489999999995,138.88890000000004,142.642,3.6322700000000054,126.58489999999995,138.88890000000004,142.642,3.6322700000000054
2025-05-17 02:00:00+00:00,recent_rain,final_eval,0.0,1.6,4.1,4,2,5,5,2025-19,3,5,5,4,5,5,5,5,5,8,5,5,39.29150000000004,82.02890000000002,105.04491999999999,-7.9103000000000065,39.29150000000004,82.02890000000002,105.04491999999999,7.9103000000000065
2025-05-17 03:00:00+00:00,recent_rain,final_eval,0.0,1.5,4.1,5,3,5,5,2025-19,4,5,5,5,5,5,6,5,5,9,5,5,-15.757399999999961,68.61239999999998,75.73079999999999,15.309780000000003,15.757399999999961,68.61239999999998,75.73079999999999,15.309780000000003
2025-05-17 04:00:00+00:00,recent_rain,final_eval,0.0,1.5,4.1,6,4,5,5,2025-19,5,5,5,6,5,5,7,5,5,10,5,5,75.76526000000001,23.84871000000001,-16.298270000000002,43.35095000000001,75.76526000000001,23.84871000000001,16.298270000000002,43.35095000000001
2025-05-17 23:00:00+00:00,long_dry,final_eval,0.0,0.0,0.0,999,23,5,5,2025-19,0,6,5,1,6,5,2,6,5,5,6,5,274.3094000000001,342.84424,248.44353999999998,120.33324999999999,274.3094000000001,342.84424,248.44353999999998,120.33324999999999
2025-05-18 00:00:00+00:00,long_dry,final_eval,0.0,0.0,0.0,999,0,6,5,2025-20,1,6,5,2,6,5,3,6,5,6,6,5,297.7831000000001,289.26764000000003,254.50793,74.53944000000001,297.7831000000001,289.26764000000003,254.50793,74.53944000000001
2025-05-18 01:00:00+00:00,long_dry,final_eval,0.0,0.0,0.0,999,1,6,5,2025-20,2,6,5,3,6,5,4,6,5,7,6,5,260.8079,235.06830000000002,120.65814,15.60982,260.8079,235.06830000000002,120.65814,15.60982
2025-05-18 02:00:00+00:00,long_dry,final_eval,0.0,0.0,0.0,999,2,6,5,2025-20,3,6,5,4,6,5,5,6,5,8,6,5,126.80565999999999,45.86945000000003,42.021180000000015,1.2928849999999983,126.80565999999999,45.86945000000003,42.021180000000015,1.2928849999999983
2025-05-18 03:00:00+00:00,long_dry,final_eval,0.0,0.0,0.0,999,3,6,5,2025-20,4,6,5,5,6,5,6,6,5,9,6,5,-40.44683999999995,15.889949999999999,68.41278,-17.159459999999996,40.44683999999995,15.889949999999999,68.41278,17.159459999999996
2025-05-18 04:00:00+00:00,long_dry,final_eval,0.0,0.0,0.0,999,4,6,5,2025-20,5,6,5,6,6,5,7,6,5,10,6,5,50.319759999999974,27.580810000000014,-0.22030999999999779,8.547789999999992,50.319759999999974,27.580810000000014,0.22030999999999779,8.547789999999992
2025-05-18 05:00:00+00:00,long_dry,final_eval,0.0,0.0,0.0,999,5,6,5,2025-20,6,6,5,7,6,5,8,6,5,11,6,5,19.759780000000006,-4.017349999999993,-22.078925999999996,87.16750000000002,19.759780000000006,4.017349999999993,22.078925999999996,87.16750000000002
2025-05-18 06:00:00+00:00,long_dry,final_eval,0.0,0.0,0.0,999,6,6,5,2025-20,7,6,5,8,6,5,9,6,5,12,6,5,23.497339999999994,-2.5226439999999997,4.796530000000004,80.21759999999995,23.497339999999994,2.5226439999999997,4.796530000000004,80.21759999999995
2025-05-18 07:00:00+00:00,long_dry,final_eval,0.0,0.0,0.0,999,7,6,5,2025-20,8,6,5,9,6,5,10,6,5,13,6,5,6.917729999999999,6.270700000000005,14.384250000000009,-166.58899999999994,6.917729999999999,6.270700000000005,14.384250000000009,166.58899999999994
2025-05-18 08:00:00+00:00,long_dry,final_eval,0.0,0.0,0.0,999,8,6,5,2025-20,9,6,5,10,6,5,11,6,5,14,6,5,3.3008350000000064,22.856689999999986,23.792629999999974,253.34300000000007,3.3008350000000064,22.856689999999986,23.792629999999974,253.34300000000007
2025-05-18 09:00:00+00:00,long_dry,final_eval,0.0,0.0,0.0,999,9,6,5,2025-20,10,6,5,11,6,5,12,6,5,15,6,5,-10.551029999999997,-34.72165000000001,-169.02215999999999,202.7523000000001,10.551029999999997,34.72165000000001,169.02215999999999,202.7523000000001
2025-05-18 10:00:00+00:00,long_dry,final_eval,0.0,0.0,0.0,999,10,6,5,2025-20,11,6,5,12,6,5,13,6,5,16,6,5,-43.82727,-171.41369999999995,-75.13279999999997,395.6579999999999,43.82727,171.41369999999995,75.13279999999997,395.6579999999999
2025-05-18 11:00:00+00:00,long_dry,final_eval,0.0,0.0,0.0,999,11,6,5,2025-20,12,6,5,13,6,5,14,6,5,17,6,5,-331.8787,-176.15879999999993,247.02279999999996,397.7382,331.8787,176.15879999999993,247.02279999999996,397.7382
2025-05-18 12:00:00+00:00,long_dry,final_eval,0.0,0.0,0.0,999,12,6,5,2025-20,13,6,5,14,6,5,15,6,5,18,6,5,-58.18853999999999,263.9580000000001,288.67460000000005,272.37239999999997,58.18853999999999,263.9580000000001,288.67460000000005,272.37239999999997
2025-05-18 13:00:00+00:00,long_dry,final_eval,0.0,0.0,0.0,999,13,6,5,2025-20,14,6,5,15,6,5,16,6,5,19,6,5,194.96090000000004,126.25620000000004,260.70679999999993,336.69229999999993,194.96090000000004,126.25620000000004,260.70679999999993,336.69229999999993
2025-05-18 14:00:00+00:00,long_dry,final_eval,0.0,0.0,0.0,999,14,6,5,2025-20,15,6,5,16,6,5,17,6,5,20,6,5,2.511500000000069,166.7097000000001,222.91859999999997,314.40110000000004,2.511500000000069,166.7097000000001,222.91859999999997,314.40110000000004
2025-05-18 15:00:00+00:00,long_dry,final_eval,0.0,0.0,0.0,999,15,6,5,2025-20,16,6,5,17,6,5,18,6,5,21,6,5,273.4054000000001,340.3601000000001,269.67139999999995,532.7402,273.4054000000001,340.3601000000001,269.67139999999995,532.7402
2025-05-18 16:00:00+00:00,long_dry,final_eval,0.0,0.0,0.0,999,16,6,5,2025-20,17,6,5,18,6,5,19,6,5,22,6,5,273.5051000000001,171.43370000000004,315.60529999999994,360.46029999999996,273.5051000000001,171.43370000000004,315.60529999999994,360.46029999999996
2025-05-19 18:00:00+00:00,long_dry,final_eval,0.0,0.0,0.0,999,18,0,5,2025-20,19,0,5,20,0,5,21,0,5,0,1,5,333.7388000000001,458.0707,1031.9869,488.01390000000004,333.7388000000001,458.0707,1031.9869,488.01390000000004
2025-05-19 19:00:00+00:00,long_dry,final_eval,0.0,0.0,0.0,999,19,0,5,2025-20,20,0,5,21,0,5,22,0,5,1,1,5,157.17190000000005,753.0350000000001,684.2919999999999,144.12609999999995,157.17190000000005,753.0350000000001,684.2919999999999,144.12609999999995
2025-05-19 20:00:00+00:00,long_dry,final_eval,0.0,0.0,0.0,999,20,0,5,2025-20,21,0,5,22,0,5,23,0,5,2,1,5,807.8489,528.0365999999999,492.05590000000007,49.842700000000036,807.8489,528.0365999999999,492.05590000000007,49.842700000000036
2025-05-19 21:00:00+00:00,long_dry,final_eval,0.0,0.0,0.0,999,21,0,5,2025-20,22,0,5,23,0,5,0,1,5,3,1,5,450.3538000000001,333.22309999999993,242.34519999999998,-43.48205999999999,450.3538000000001,333.22309999999993,242.34519999999998,43.48205999999999
2025-05-19 22:00:00+00:00,long_dry,final_eval,0.0,0.0,0.0,999,22,0,5,2025-20,23,0,5,0,1,5,1,1,5,4,1,5,513.8677,305.07860000000005,108.75160000000005,-27.13336000000001,513.8677,305.07860000000005,108.75160000000005,27.13336000000001
2025-05-19 23:00:00+00:00,long_dry,final_eval,0.0,0.0,0.0,999,23,0,5,2025-20,0,1,5,1,1,5,2,1,5,5,1,5,252.6262999999999,65.9393,-25.902799999999957,-51.57461000000001,252.6262999999999,65.9393,25.902799999999957,51.57461000000001
2025-05-20 00:00:00+00:00,long_dry,final_eval,0.0,0.0,0.0,999,0,1,5,2025-20,1,1,5,2,1,5,3,1,5,6,1,5,32.18380000000002,-3.3783600000000433,6.374419999999986,-27.000377999999998,32.18380000000002,3.3783600000000433,6.374419999999986,27.000377999999998
2025-05-20 01:00:00+00:00,long_dry,final_eval,0.0,0.0,0.0,999,1,1,5,2025-20,2,1,5,3,1,5,4,1,5,7,1,5,-8.684750000000008,-10.78230000000002,-18.13382999999999,-3.199074000000003,8.684750000000008,10.78230000000002,18.13382999999999,3.199074000000003
2025-05-20 02:00:00+00:00,long_dry,final_eval,0.0,0.0,0.0,999,2,1,5,2025-20,3,1,5,4,1,5,5,1,5,8,1,5,-91.67525999999998,-42.53871000000001,-31.126490000000004,18.744923,91.67525999999998,42.53871000000001,31.126490000000004,18.744923
2025-05-20 03:00:00+00:00,long_dry,final_eval,0.0,0.0,0.0,999,3,1,5,2025-20,4,1,5,5,1,5,6,1,5,9,1,5,-20.80332999999999,-25.355329999999995,-22.949173000000002,34.67667,20.80332999999999,25.355329999999995,22.949173000000002,34.67667
2025-05-20 04:00:00+00:00,long_dry,final_eval,0.0,0.0,0.0,999,4,1,5,2025-20,5,1,5,6,1,5,7,1,5,10,1,5,-19.610794,-13.838214999999998,0.06006200000000206,129.44959999999998,19.610794,13.838214999999998,0.06006200000000206,129.44959999999998
2025-05-20 05:00:00+00:00,long_dry,final_eval,0.0,0.0,0.0,999,5,1,5,2025-20,6,1,5,7,1,5,8,1,5,11,1,5,-6.558307999999997,4.391089999999998,27.347160000000002,407.10535000000004,6.558307999999997,4.391089999999998,27.347160000000002,407.10535000000004
2025-05-20 06:00:00+00:00,long_dry,final_eval,0.0,0.0,0.0,999,6,1,5,2025-20,7,1,5,8,1,5,9,1,5,12,1,5,3.629328000000001,17.03819,48.08233,448.7008000000001,3.629328000000001,17.03819,48.08233,448.7008000000001
2025-05-20 07:00:00+00:00,long_dry,final_eval,0.0,0.0,0.0,999,7,1,5,2025-20,8,1,5,9,1,5,10,1,5,13,1,5,15.530476,49.763306,63.53253000000001,-31.045799999999986,15.530476,49.763306,63.53253000000001,31.045799999999986
2025-05-20 08:00:00+00:00,long_dry,final_eval,0.0,0.0,0.0,999,8,1,5,2025-20,9,1,5,10,1,5,11,1,5,14,1,5,39.566959999999995,139.48923000000002,336.40625,-117.02829999999994,39.566959999999995,139.48923000000002,336.40625,117.02829999999994
2025-05-20 09:00:00+00:00,long_dry,final_eval,0.0,0.0,0.0,999,9,1,5,2025-20,10,1,5,11,1,5,12,1,5,15,1,5,-10.791999999999973,274.42846999999995,561.6486,-291.2356,10.791999999999973,274.42846999999995,561.6486,291.2356
2025-05-20 10:00:00+00:00,long_dry,final_eval,0.0,0.0,0.0,999,10,1,5,2025-20,11,1,5,12,1,5,13,1,5,16,1,5,225.01559999999995,548.5374999999999,-208.79050000000007,-184.20389999999998,225.01559999999995,548.5374999999999,208.79050000000007,184.20389999999998
2025-05-20 11:00:00+00:00,long_dry,final_eval,0.0,0.0,0.0,999,11,1,5,2025-20,12,1,5,13,1,5,14,1,5,17,1,5,493.3412000000001,-123.08649999999989,-275.01697,8.785800000000108,493.3412000000001,123.08649999999989,275.01697,8.785800000000108
2025-05-20 12:00:00+00:00,long_dry,final_eval,0.0,0.0,0.0,999,12,1,5,2025-20,13,1,5,14,1,5,15,1,5,18,1,5,-224.88599999999997,-189.5267,-55.02170000000001,115.26620000000003,224.88599999999997,189.5267,55.02170000000001,115.26620000000003
2025-05-20 13:00:00+00:00,long_dry,final_eval,0.0,0.0,0.0,999,13,1,5,2025-20,14,1,5,15,1,5,16,1,5,19,1,5,-231.85693000000003,-183.20885999999996,-149.48160000000007,434.3035,231.85693000000003,183.20885999999996,149.48160000000007,434.3035
2025-05-20 14:00:00+00:00,long_dry,final_eval,0.0,0.0,0.0,999,14,1,5,2025-20,15,1,5,16,1,5,17,1,5,20,1,5,42.730350000000044,91.62603999999999,56.89930000000004,514.1351,42.730350000000044,91.62603999999999,56.89930000000004,514.1351
2025-05-20 15:00:00+00:00,long_dry,final_eval,0.0,0.0,0.0,999,15,1,5,2025-20,16,1,5,17,1,5,18,1,5,21,1,5,58.294700000000034,75.1857,-17.580400000000054,1065.7085,58.294700000000034,75.1857,17.580400000000054,1065.7085
2025-05-20 16:00:00+00:00,long_dry,final_eval,0.0,0.0,0.0,999,16,1,5,2025-20,17,1,5,18,1,5,19,1,5,22,1,5,48.706500000000005,6.563200000000052,405.37110000000007,710.1509000000001,48.706500000000005,6.563200000000052,405.37110000000007,710.1509000000001
2025-05-20 17:00:00+00:00,long_dry,final_eval,0.0,0.0,0.0,999,17,1,5,2025-20,18,1,5,19,1,5,20,1,5,23,1,5,-164.1748,163.86470000000008,438.8242,288.828,164.1748,163.86470000000008,438.8242,288.828
2025-05-20 18:00:00+00:00,long_dry,final_eval,0.0,0.0,0.0,999,18,1,5,2025-20,19,1,5,20,1,5,21,1,5,0,2,5,230.16110000000003,413.5289,1034.0608,374.14390000000003,230.16110000000003,413.5289,1034.0608,374.14390000000003
2025-05-20 19:00:00+00:00,long_dry,final_eval,0.0,0.0,0.0,999,19,1,5,2025-20,20,1,5,21,1,5,22,1,5,1,2,5,256.33400000000006,869.8009999999999,744.8694,206.26570000000004,256.33400000000006,869.8009999999999,744.8694,206.26570000000004
2025-05-20 20:00:00+00:00,long_dry,final_eval,0.0,0.0,0.0,999,20,1,5,2025-20,21,1,5,22,1,5,23,1,5,2,2,5,875.3652,562.5261,189.73379999999997,71.13525000000004,875.3652,562.5261,189.73379999999997,71.13525000000004
2025-05-20 21:00:00+00:00,long_dry,final_eval,0.0,0.0,0.0,999,21,1,5,2025-20,22,1,5,23,1,5,0,2,5,3,2,5,532.9242999999999,48.00350000000003,166.173,-91.40204,532.9242999999999,48.00350000000003,166.173,91.40204
2025-05-20 22:00:00+00:00,long_dry,final_eval,0.0,0.0,0.0,999,22,1,5,2025-20,23,1,5,0,2,5,1,2,5,4,2,5,249.788,241.7437,177.20734000000004,-31.76866000000001,249.788,241.7437,177.20734000000004,31.76866000000001
2025-05-20 23:00:00+00:00,long_dry,final_eval,0.0,0.0,0.0,999,23,1,5,2025-20,0,2,5,1,2,5,2,2,5,5,2,5,261.1464000000001,191.88574000000006,47.24243000000001,-56.15569000000001,261.1464000000001,191.88574000000006,47.24243000000001,56.15569000000001
2025-05-21 00:00:00+00:00,long_dry,final_eval,0.0,0.0,0.0,999,0,2,5,2025-20,1,2,5,2,2,5,3,2,5,6,2,5,132.59826999999996,57.90880000000004,-24.19598000000002,-30.804543000000002,132.59826999999996,57.90880000000004,24.19598000000002,30.804543000000002
2025-05-21 01:00:00+00:00,long_dry,final_eval,0.0,0.0,0.0,999,1,2,5,2025-20,2,2,5,3,2,5,4,2,5,7,2,5,37.01116999999999,-47.9384,-20.110469999999992,-12.463715,37.01116999999999,47.9384,20.110469999999992,12.463715
2025-05-21 02:00:00+00:00,long_dry,final_eval,0.0,0.0,0.0,999,2,2,5,2025-20,3,2,5,4,2,5,5,2,5,8,2,5,-146.37529999999998,-48.51820000000001,-28.300079999999994,14.494549999999997,146.37529999999998,48.51820000000001,28.300079999999994,14.494549999999997
2025-05-21 03:00:00+00:00,long_dry,final_eval,0.0,0.0,0.0,999,3,2,5,2025-20,4,2,5,5,2,5,6,2,5,9,2,5,-1.3332200000000114,-17.354969999999994,-25.539383,21.212079999999986,1.3332200000000114,17.354969999999994,25.539383,21.212079999999986
2025-05-21 10:00:00+00:00,recent_rain,final_eval,0.0,1.4000000000000001,1.4000000000000001,3,10,2,5,2025-20,11,2,5,12,2,5,13,2,5,16,2,5,-364.89545,-433.1586,-881.1361999999999,-481.4434000000001,364.89545,433.1586,881.1361999999999,481.4434000000001
2025-05-21 22:00:00+00:00,recovery,final_eval,0.0,7.4,8.8,1,22,2,5,2025-20,23,2,5,0,3,5,1,3,5,4,3,5,-512.5364,-716.7164,-413.9673,-67.45311000000001,512.5364,716.7164,413.9673,67.45311000000001
2025-05-21 23:00:00+00:00,recovery,final_eval,0.0,7.4,8.8,2,23,2,5,2025-20,0,3,5,1,3,5,2,3,5,5,3,5,-280.8958,-44.371219999999994,152.986,-42.14599,280.8958,44.371219999999994,152.986,42.14599
2025-05-22 04:00:00+00:00,recovery,final_eval,0.0,7.899999999999999,15.199999999999998,1,4,3,5,2025-20,5,3,5,6,3,5,7,3,5,10,3,5,-2.870910000000002,6.213720000000002,-5.074663000000001,5.5922199999999975,2.870910000000002,6.213720000000002,5.074663000000001,5.5922199999999975
2025-05-22 05:00:00+00:00,recovery,final_eval,0.0,6.899999999999999,15.099999999999998,2,5,3,5,2025-20,6,3,5,7,3,5,8,3,5,11,3,5,10.269725999999999,-1.372477,9.572405,-177.73206000000005,10.269725999999999,1.372477,9.572405,177.73206000000005
2025-05-22 08:00:00+00:00,recovery,final_eval,0.0,9.7,16.9,1,8,3,5,2025-20,9,3,5,10,3,5,11,3,5,14,3,5,54.763720000000006,37.20132000000001,-206.4873,-137.15466000000004,54.763720000000006,37.20132000000001,206.4873,137.15466000000004
2025-05-22 09:00:00+00:00,recovery,final_eval,0.0,9.6,16.9,2,9,3,5,2025-20,10,3,5,11,3,5,12,3,5,15,3,5,-164.99887,-390.9986,127.92409999999995,-122.85657000000003,164.99887,390.9986,127.92409999999995,122.85657000000003
2025-05-22 10:00:00+00:00,recovery,final_eval,0.0,9.5,16.9,3,10,3,5,2025-20,11,3,5,12,3,5,13,3,5,16,3,5,-300.7123,146.15480000000002,-96.58514000000002,-21.281799999999976,300.7123,146.15480000000002,96.58514000000002,21.281799999999976
2025-05-22 20:00:00+00:00,recovery,final_eval,0.0,9.2,18.9,1,20,3,5,2025-20,21,3,5,22,3,5,23,3,5,2,4,5,479.1011000000001,185.2440999999999,67.23119999999994,146.1472,479.1011000000001,185.2440999999999,67.23119999999994,146.1472
2025-05-22 23:00:00+00:00,recovery,final_eval,0.0,9.600000000000001,19.1,1,23,3,5,2025-20,0,4,5,1,4,5,2,4,5,5,4,5,130.9085,130.27526999999998,116.24310000000003,1.9970299999999952,130.9085,130.27526999999998,116.24310000000003,1.9970299999999952
2025-05-23 01:00:00+00:00,recovery,final_eval,0.0,9.700000000000001,15.799999999999999,1,1,4,5,2025-20,2,4,5,3,4,5,4,4,5,7,4,5,54.28679999999997,34.53960000000001,15.153719999999993,-26.137520000000002,54.28679999999997,34.53960000000001,15.153719999999993,26.137520000000002
2025-05-23 02:00:00+00:00,recovery,final_eval,0.0,9.3,14.6,2,2,4,5,2025-20,3,4,5,4,4,5,5,4,5,8,4,5,-81.41293000000002,-28.99893,2.9975000000000023,5.30303,81.41293000000002,28.99893,2.9975000000000023,5.30303
2025-05-23 03:00:00+00:00,recovery,final_eval,0.0,8.8,13.0,3,3,4,5,2025-20,4,4,5,5,4,5,6,4,5,9,4,5,-16.857280000000003,11.202479999999994,-0.05028000000000077,12.67947000000001,16.857280000000003,11.202479999999994,0.05028000000000077,12.67947000000001
2025-05-24 01:00:00+00:00,long_dry,final_eval,0.0,0.0,0.0,999,1,5,5,2025-20,2,5,5,3,5,5,4,5,5,7,5,5,34.66980000000001,32.575500000000034,-16.109500000000025,-1.0456800000000044,34.66980000000001,32.575500000000034,16.109500000000025,1.0456800000000044
2025-05-24 02:00:00+00:00,long_dry,final_eval,0.0,0.0,0.0,999,2,5,5,2025-20,3,5,5,4,5,5,5,5,5,8,5,5,-74.90674000000001,-90.29784999999998,-42.85097999999999,-10.239525,74.90674000000001,90.29784999999998,42.85097999999999,10.239525
2025-05-24 03:00:00+00:00,long_dry,final_eval,0.0,0.0,0.0,999,3,5,5,2025-20,4,5,5,5,5,5,6,5,5,9,5,5,-156.51117,-65.00130000000001,-2.317859999999996,-17.21821,156.51117,65.00130000000001,2.317859999999996,17.21821
2025-05-24 04:00:00+00:00,long_dry,final_eval,0.0,0.0,0.0,999,4,5,5,2025-20,5,5,5,6,5,5,7,5,5,10,5,5,-26.206540000000018,-19.96047999999999,-19.256919999999994,-46.35118,26.206540000000018,19.96047999999999,19.256919999999994,46.35118
2025-05-24 05:00:00+00:00,long_dry,final_eval,0.0,0.0,0.0,999,5,5,5,2025-20,6,5,5,7,5,5,8,5,5,11,5,5,-8.601490000000013,9.081789999999998,-5.515681999999998,-10.778869999999984,8.601490000000013,9.081789999999998,5.515681999999998,10.778869999999984
2025-05-24 06:00:00+00:00,long_dry,final_eval,0.0,0.0,0.0,999,6,5,5,2025-20,7,5,5,8,5,5,9,5,5,12,5,5,33.04221,0.33507000000000176,15.890259999999998,-385.1327,33.04221,0.33507000000000176,15.890259999999998,385.1327
2025-05-24 07:00:00+00:00,long_dry,final_eval,0.0,0.0,0.0,999,7,5,5,2025-20,8,5,5,9,5,5,10,5,5,13,5,5,1.5013700000000014,18.08878,-25.447810000000004,-228.12779999999998,1.5013700000000014,18.08878,25.447810000000004,228.12779999999998
2025-05-24 08:00:00+00:00,long_dry,final_eval,0.0,0.0,0.0,999,8,5,5,2025-20,9,5,5,10,5,5,11,5,5,14,5,5,10.863349999999997,-24.70769999999999,-68.38364000000001,-30.163800000000037,10.863349999999997,24.70769999999999,68.38364000000001,30.163800000000037
2025-05-24 09:00:00+00:00,long_dry,final_eval,0.0,0.0,0.0,999,9,5,5,2025-20,10,5,5,11,5,5,12,5,5,15,5,5,-85.79015999999999,-173.90734999999995,-310.76226999999994,172.69100000000003,85.79015999999999,173.90734999999995,310.76226999999994,172.69100000000003
2025-05-24 10:00:00+00:00,long_dry,final_eval,0.0,0.0,0.0,999,10,5,5,2025-20,11,5,5,12,5,5,13,5,5,16,5,5,-103.16525000000001,-212.74149999999997,-93.66689999999994,252.221,103.16525000000001,212.74149999999997,93.66689999999994,252.221
2025-05-24 11:00:00+00:00,long_dry,final_eval,0.0,0.0,0.0,999,11,5,5,2025-20,12,5,5,13,5,5,14,5,5,17,5,5,-241.94500000000005,-107.13869999999997,68.99649999999997,272.66599999999994,241.94500000000005,107.13869999999997,68.99649999999997,272.66599999999994
2025-05-24 12:00:00+00:00,long_dry,final_eval,0.0,0.0,0.0,999,12,5,5,2025-20,13,5,5,14,5,5,15,5,5,18,5,5,-16.931150000000002,81.73610000000008,266.62429999999995,350.9878000000001,16.931150000000002,81.73610000000008,266.62429999999995,350.9878000000001
2025-05-24 13:00:00+00:00,long_dry,final_eval,0.0,0.0,0.0,999,13,5,5,2025-20,14,5,5,15,5,5,16,5,5,19,5,5,-4.1638000000000375,94.28379999999993,163.84989999999993,341.51610000000005,4.1638000000000375,94.28379999999993,163.84989999999993,341.51610000000005
2025-05-24 14:00:00+00:00,long_dry,final_eval,0.0,0.0,0.0,999,14,5,5,2025-20,15,5,5,16,5,5,17,5,5,20,5,5,34.64480000000003,60.39300000000003,96.1887999999999,147.1975,34.64480000000003,60.39300000000003,96.1887999999999,147.1975
2025-05-24 15:00:00+00:00,long_dry,final_eval,0.0,0.0,0.0,999,15,5,5,2025-20,16,5,5,17,5,5,18,5,5,21,5,5,60.45859999999993,77.2686000000001,209.83040000000005,173.0809999999999,60.45859999999993,77.2686000000001,209.83040000000005,173.0809999999999
2025-05-24 16:00:00+00:00,long_dry,final_eval,0.0,0.0,0.0,999,16,5,5,2025-20,17,5,5,18,5,5,19,5,5,22,5,5,154.06619999999998,226.7695000000001,275.5642,234.88560000000007,154.06619999999998,226.7695000000001,275.5642,234.88560000000007
2025-05-24 17:00:00+00:00,long_dry,final_eval,0.0,0.0,0.0,999,17,5,5,2025-20,18,5,5,19,5,5,20,5,5,23,5,5,273.2457999999999,269.16499999999996,67.63149999999996,228.09220000000005,273.2457999999999,269.16499999999996,67.63149999999996,228.09220000000005
2025-05-24 18:00:00+00:00,long_dry,final_eval,0.0,0.0,0.0,999,18,5,5,2025-20,19,5,5,20,5,5,21,5,5,0,6,5,156.92239999999993,-160.10879999999997,-103.33950000000004,164.84140000000002,156.92239999999993,160.10879999999997,103.33950000000004,164.84140000000002
2025-05-24 19:00:00+00:00,long_dry,final_eval,0.0,0.0,0.0,999,19,5,5,2025-20,20,5,5,21,5,5,22,5,5,1,6,5,-6.690599999999904,-5.445899999999938,157.2717,-10.705999999999904,6.690599999999904,5.445899999999938,157.2717,10.705999999999904
2025-05-24 20:00:00+00:00,long_dry,final_eval,0.0,0.0,0.0,999,20,5,5,2025-20,21,5,5,22,5,5,23,5,5,2,6,5,198.81410000000005,311.9801,232.27929999999992,-44.634199999999964,198.81410000000005,311.9801,232.27929999999992,44.634199999999964
2025-05-24 21:00:00+00:00,long_dry,final_eval,0.0,0.0,0.0,999,21,5,5,2025-20,22,5,5,23,5,5,0,6,5,3,6,5,335.3994,262.2917,71.77160000000003,1.0940600000000131,335.3994,262.2917,71.77160000000003,1.0940600000000131
2025-05-24 22:00:00+00:00,long_dry,final_eval,0.0,0.0,0.0,999,22,5,5,2025-20,23,5,5,0,6,5,1,6,5,4,6,5,269.2167999999999,149.1171999999999,29.59299999999996,75.46298000000002,269.2167999999999,149.1171999999999,29.59299999999996,75.46298000000002
2025-05-24 23:00:00+00:00,long_dry,final_eval,0.0,0.0,0.0,999,23,5,5,2025-20,0,6,5,1,6,5,2,6,5,5,6,5,103.19000000000005,62.53800000000001,-81.27765,77.5188,103.19000000000005,62.53800000000001,81.27765,77.5188
2025-05-25 00:00:00+00:00,long_dry,final_eval,0.0,0.0,0.0,999,0,6,5,2025-21,1,6,5,2,6,5,3,6,5,6,6,5,27.935299999999984,-37.11130000000003,-4.524229999999989,10.430499999999995,27.935299999999984,37.11130000000003,4.524229999999989,10.430499999999995
2025-05-25 01:00:00+00:00,long_dry,final_eval,0.0,0.0,0.0,999,1,6,5,2025-21,2,6,5,3,6,5,4,6,5,7,6,5,-5.73126000000002,6.729400000000055,29.21463,-26.347219999999993,5.73126000000002,6.729400000000055,29.21463,26.347219999999993
2025-05-25 02:00:00+00:00,long_dry,final_eval,0.0,0.0,0.0,999,2,6,5,2025-21,3,6,5,4,6,5,5,6,5,8,6,5,-92.45543999999995,-29.622070000000008,20.332550000000026,-19.303055,92.45543999999995,29.622070000000008,20.332550000000026,19.303055
2025-05-25 03:00:00+00:00,long_dry,final_eval,0.0,0.0,0.0,999,3,6,5,2025-21,4,6,5,5,6,5,6,6,5,9,6,5,-57.426300000000026,13.472660000000019,20.852720000000005,-22.578379999999996,57.426300000000026,13.472660000000019,20.852720000000005,22.578379999999996
2025-05-25 04:00:00+00:00,long_dry,final_eval,0.0,0.0,0.0,999,4,6,5,2025-21,5,6,5,6,6,5,7,6,5,10,6,5,27.336760000000027,-7.235350000000011,-32.26823,-39.98482000000001,27.336760000000027,7.235350000000011,32.26823,39.98482000000001
2025-05-25 05:00:00+00:00,long_dry,final_eval,0.0,0.0,0.0,999,5,6,5,2025-21,6,6,5,7,6,5,8,6,5,11,6,5,-34.345110000000005,-34.81167000000001,-31.63472,-50.401549999999986,34.345110000000005,34.81167000000001,31.63472,50.401549999999986
2025-05-25 06:00:00+00:00,long_dry,final_eval,0.0,0.0,0.0,999,6,6,5,2025-21,7,6,5,8,6,5,9,6,5,12,6,5,3.782839999999993,-14.710655000000003,5.626260000000002,-172.51059999999995,3.782839999999993,14.710655000000003,5.626260000000002,172.51059999999995
2025-05-25 07:00:00+00:00,long_dry,final_eval,0.0,0.0,0.0,999,7,6,5,2025-21,8,6,5,9,6,5,10,6,5,13,6,5,-4.244343000000001,9.009026000000006,-28.932140000000004,-264.4094,4.244343000000001,9.009026000000006,28.932140000000004,264.4094
2025-05-25 08:00:00+00:00,long_dry,final_eval,0.0,0.0,0.0,999,8,6,5,2025-21,9,6,5,10,6,5,11,6,5,14,6,5,-1.6806200000000047,-38.65411,-161.4144,72.01340000000005,1.6806200000000047,38.65411,161.4144,72.01340000000005
2025-05-25 09:00:00+00:00,long_dry,final_eval,0.0,0.0,0.0,999,9,6,5,2025-21,10,6,5,11,6,5,12,6,5,15,6,5,-67.90814,-209.67798,-297.33214999999996,233.8469,67.90814,209.67798,297.33214999999996,233.8469
2025-05-25 10:00:00+00:00,long_dry,final_eval,0.0,0.0,0.0,999,10,6,5,2025-21,11,6,5,12,6,5,13,6,5,16,6,5,-155.89044,-191.49114999999995,-120.53399999999999,318.03880000000004,155.89044,191.49114999999995,120.53399999999999,318.03880000000004
2025-05-25 11:00:00+00:00,long_dry,final_eval,0.0,0.0,0.0,999,11,6,5,2025-21,12,6,5,13,6,5,14,6,5,17,6,5,-148.78405999999995,-117.10595999999998,148.76330000000007,295.6334999999999,148.78405999999995,117.10595999999998,148.76330000000007,295.6334999999999
2025-05-25 12:00:00+00:00,long_dry,final_eval,0.0,0.0,0.0,999,12,6,5,2025-21,13,6,5,14,6,5,15,6,5,18,6,5,-105.90290000000005,139.67720000000008,302.0032000000001,269.2147,105.90290000000005,139.67720000000008,302.0032000000001,269.2147
2025-05-25 13:00:00+00:00,long_dry,final_eval,0.0,0.0,0.0,999,13,6,5,2025-21,14,6,5,15,6,5,16,6,5,19,6,5,106.3798999999999,179.88869999999997,269.5222000000001,410.19540000000006,106.3798999999999,179.88869999999997,269.5222000000001,410.19540000000006
2025-05-25 14:00:00+00:00,long_dry,final_eval,0.0,0.0,0.0,999,14,6,5,2025-21,15,6,5,16,6,5,17,6,5,20,6,5,76.43419999999992,212.07580000000007,184.37200000000007,390.5992000000001,76.43419999999992,212.07580000000007,184.37200000000007,390.5992000000001
2025-05-25 15:00:00+00:00,long_dry,final_eval,0.0,0.0,0.0,999,15,6,5,2025-21,16,6,5,17,6,5,18,6,5,21,6,5,168.49900000000002,137.81960000000004,151.1724999999999,318.11439999999993,168.49900000000002,137.81960000000004,151.1724999999999,318.11439999999993
2025-05-25 16:00:00+00:00,long_dry,final_eval,0.0,0.0,0.0,999,16,6,5,2025-21,17,6,5,18,6,5,19,6,5,22,6,5,164.15560000000005,137.5784000000001,377.6766,262.76150000000007,164.15560000000005,137.5784000000001,377.6766,262.76150000000007
2025-05-25 17:00:00+00:00,long_dry,final_eval,0.0,0.0,0.0,999,17,6,5,2025-21,18,6,5,19,6,5,20,6,5,23,6,5,222.58799999999997,424.5719999999999,373.31230000000005,247.4606000000001,222.58799999999997,424.5719999999999,373.31230000000005,247.4606000000001
2025-05-25 18:00:00+00:00,long_dry,final_eval,0.0,0.0,0.0,999,18,6,5,2025-21,19,6,5,20,6,5,21,6,5,0,0,5,346.9685999999999,275.1753000000001,224.75829999999996,293.70885999999996,346.9685999999999,275.1753000000001,224.75829999999996,293.70885999999996
2025-05-25 19:00:00+00:00,long_dry,final_eval,0.0,0.0,0.0,999,19,6,5,2025-21,20,6,5,21,6,5,22,6,5,1,0,5,119.9348,-36.8882000000001,74.13709999999992,56.82389999999998,119.9348,36.8882000000001,74.13709999999992,56.82389999999998
2025-05-25 20:00:00+00:00,long_dry,final_eval,0.0,0.0,0.0,999,20,6,5,2025-21,21,6,5,22,6,5,23,6,5,2,0,5,177.5648000000001,230.53639999999996,176.56590000000006,107.51980000000003,177.5648000000001,230.53639999999996,176.56590000000006,107.51980000000003
2025-05-25 21:00:00+00:00,long_dry,final_eval,0.0,0.0,0.0,999,21,6,5,2025-21,22,6,5,23,6,5,0,0,5,3,0,5,147.75009999999997,126.80289999999991,40.22360000000003,76.86869999999999,147.75009999999997,126.80289999999991,40.22360000000003,76.86869999999999
2025-05-25 22:00:00+00:00,long_dry,final_eval,0.0,0.0,0.0,999,22,6,5,2025-21,23,6,5,0,0,5,1,0,5,4,0,5,237.0247999999999,214.68206999999995,177.86379999999997,128.1859,237.0247999999999,214.68206999999995,177.86379999999997,128.1859
2025-05-25 23:00:00+00:00,long_dry,final_eval,0.0,0.0,0.0,999,23,6,5,2025-21,0,0,5,1,0,5,2,0,5,5,0,5,100.24389999999994,129.22969999999998,118.41340000000002,93.905495,100.24389999999994,129.22969999999998,118.41340000000002,93.905495
2025-05-26 00:00:00+00:00,long_dry,final_eval,0.0,0.0,0.0,999,0,0,5,2025-21,1,0,5,2,0,5,3,0,5,6,0,5,52.010099999999966,114.55034999999998,179.98788000000002,56.075935,52.010099999999966,114.55034999999998,179.98788000000002,56.075935
2025-05-26 01:00:00+00:00,long_dry,final_eval,0.0,0.0,0.0,999,1,0,5,2025-21,2,0,5,3,0,5,4,0,5,7,0,5,92.08954000000006,149.17746,144.67262,28.311447,92.08954000000006,149.17746,144.67262,28.311447
2025-05-26 02:00:00+00:00,long_dry,final_eval,0.0,0.0,0.0,999,2,0,5,2025-21,3,0,5,4,0,5,5,0,5,8,0,5,20.834529999999972,98.07457,101.29674,11.175179999999997,20.834529999999972,98.07457,101.29674,11.175179999999997
2025-05-26 03:00:00+00:00,long_dry,final_eval,0.0,0.0,0.0,999,3,0,5,2025-21,4,0,5,5,0,5,6,0,5,9,0,5,51.820899999999995,72.95707999999999,45.557469999999995,-44.21888999999999,51.820899999999995,72.95707999999999,45.557469999999995,44.21888999999999
2025-05-26 04:00:00+00:00,long_dry,final_eval,0.0,0.0,0.0,999,4,0,5,2025-21,5,0,5,6,0,5,7,0,5,10,0,5,45.653670000000005,38.906876,16.086018000000003,-95.25676999999999,45.653670000000005,38.906876,16.086018000000003,95.25676999999999
2025-05-26 05:00:00+00:00,long_dry,final_eval,0.0,0.0,0.0,999,5,0,5,2025-21,6,0,5,7,0,5,8,0,5,11,0,5,27.880480000000006,21.9957,15.179180000000002,-227.0797,27.880480000000006,21.9957,15.179180000000002,227.0797
2025-05-26 06:00:00+00:00,long_dry,final_eval,0.0,0.0,0.0,999,6,0,5,2025-21,7,0,5,8,0,5,9,0,5,12,0,5,25.368996000000003,8.273249999999997,-9.044439999999994,-777.085,25.368996000000003,8.273249999999997,9.044439999999994,777.085
2025-05-26 07:00:00+00:00,long_dry,final_eval,0.0,0.0,0.0,999,7,0,5,2025-21,8,0,5,9,0,5,10,0,5,13,0,5,9.694000000000003,-8.224350000000001,-111.74628000000001,-300.2638999999999,9.694000000000003,8.224350000000001,111.74628000000001,300.2638999999999
2025-05-26 08:00:00+00:00,long_dry,final_eval,0.0,0.0,0.0,999,8,0,5,2025-21,9,0,5,10,0,5,11,0,5,14,0,5,-4.549189999999996,-101.09791999999999,-274.99725,-35.521600000000035,4.549189999999996,101.09791999999999,274.99725,35.521600000000035
2025-05-26 09:00:00+00:00,long_dry,final_eval,0.0,0.0,0.0,999,9,0,5,2025-21,10,0,5,11,0,5,12,0,5,15,0,5,-112.62286,-367.21924,-694.2397000000001,186.39124000000004,112.62286,367.21924,694.2397000000001,186.39124000000004
2025-05-26 10:00:00+00:00,long_dry,final_eval,0.0,0.0,0.0,999,10,0,5,2025-21,11,0,5,12,0,5,13,0,5,16,0,5,-160.20209999999997,-486.6775,-352.3973000000001,388.6617000000001,160.20209999999997,486.6775,352.3973000000001,388.6617000000001
2025-05-26 11:00:00+00:00,long_dry,final_eval,0.0,0.0,0.0,999,11,0,5,2025-21,12,0,5,13,0,5,14,0,5,17,0,5,-425.0567,-252.79989999999998,-81.04960000000005,500.16059999999993,425.0567,252.79989999999998,81.04960000000005,500.16059999999993
2025-05-26 12:00:00+00:00,long_dry,final_eval,0.0,0.0,0.0,999,12,0,5,2025-21,13,0,5,14,0,5,15,0,5,18,0,5,-97.19055000000003,-80.49790000000007,127.23569999999995,539.4854,97.19055000000003,80.49790000000007,127.23569999999995,539.4854
2025-05-26 13:00:00+00:00,long_dry,final_eval,0.0,0.0,0.0,999,13,0,5,2025-21,14,0,5,15,0,5,16,0,5,19,0,5,-131.43869999999993,-19.96569999999997,259.962,525.0413000000001,131.43869999999993,19.96569999999997,259.962,525.0413000000001
2025-05-26 14:00:00+00:00,long_dry,final_eval,0.0,0.0,0.0,999,14,0,5,2025-21,15,0,5,16,0,5,17,0,5,20,0,5,-15.823399999999992,180.9756,240.62850000000003,304.5526,15.823399999999992,180.9756,240.62850000000003,304.5526
2025-05-26 15:00:00+00:00,long_dry,final_eval,0.0,0.0,0.0,999,15,0,5,2025-21,16,0,5,17,0,5,18,0,5,21,0,5,224.21900000000005,286.69090000000006,253.54199999999992,414.61249999999995,224.21900000000005,286.69090000000006,253.54199999999992,414.61249999999995
2025-05-26 16:00:00+00:00,long_dry,final_eval,0.0,0.0,0.0,999,16,0,5,2025-21,17,0,5,18,0,5,19,0,5,22,0,5,293.1010000000001,288.5789,475.89560000000006,269.63750000000005,293.1010000000001,288.5789,475.89560000000006,269.63750000000005
2025-05-26 17:00:00+00:00,long_dry,final_eval,0.0,0.0,0.0,999,17,0,5,2025-21,18,0,5,19,0,5,20,0,5,23,0,5,232.8871999999999,267.0174999999999,167.19450000000006,170.6815999999999,232.8871999999999,267.0174999999999,167.19450000000006,170.6815999999999
2025-05-26 18:00:00+00:00,long_dry,final_eval,0.0,0.0,0.0,999,18,0,5,2025-21,19,0,5,20,0,5,21,0,5,0,1,5,310.1908000000001,102.2956999999999,147.0118,321.75149999999996,310.1908000000001,102.2956999999999,147.0118,321.75149999999996
2025-05-26 19:00:00+00:00,long_dry,final_eval,0.0,0.0,0.0,999,19,0,5,2025-21,20,0,5,21,0,5,22,0,5,1,1,5,2.7130999999999403,-46.40280000000007,-26.33960000000002,-20.29359999999997,2.7130999999999403,46.40280000000007,26.33960000000002,20.29359999999997
2025-05-26 20:00:00+00:00,long_dry,final_eval,0.0,0.0,0.0,999,20,0,5,2025-21,21,0,5,22,0,5,23,0,5,2,1,5,326.84400000000005,122.89149999999995,75.56130000000007,26.93870000000004,326.84400000000005,122.89149999999995,75.56130000000007,26.93870000000004
2025-05-26 21:00:00+00:00,long_dry,final_eval,0.0,0.0,0.0,999,21,0,5,2025-21,22,0,5,23,0,5,0,1,5,3,1,5,17.955200000000104,-53.73649999999998,27.1246000000001,-99.04219999999998,17.955200000000104,53.73649999999998,27.1246000000001,99.04219999999998
2025-05-26 22:00:00+00:00,long_dry,final_eval,0.0,0.0,0.0,999,22,0,5,2025-21,23,0,5,0,1,5,1,1,5,4,1,5,165.65159999999992,239.3501,17.647199999999998,-29.023179999999996,165.65159999999992,239.3501,17.647199999999998,29.023179999999996
2025-05-26 23:00:00+00:00,long_dry,final_eval,0.0,0.0,0.0,999,23,0,5,2025-21,0,1,5,1,1,5,2,1,5,5,1,5,205.78189999999995,6.717830000000049,-38.050500000000056,-32.314514,205.78189999999995,6.717830000000049,38.050500000000056,32.314514
2025-05-27 00:00:00+00:00,long_dry,final_eval,0.0,0.0,0.0,999,0,1,5,2025-21,1,1,5,2,1,5,3,1,5,6,1,5,-71.923,-38.28972999999996,-35.945130000000006,-6.815759999999997,71.923,38.28972999999996,35.945130000000006,6.815759999999997
2025-05-27 01:00:00+00:00,long_dry,final_eval,0.0,0.0,0.0,999,1,1,5,2025-21,2,1,5,3,1,5,4,1,5,7,1,5,-41.512500000000045,-47.40017999999998,7.2327999999999975,-13.729733000000003,41.512500000000045,47.40017999999998,7.2327999999999975,13.729733000000003
2025-05-27 02:00:00+00:00,long_dry,final_eval,0.0,0.0,0.0,999,2,1,5,2025-21,3,1,5,4,1,5,5,1,5,8,1,5,-34.36559999999997,13.398210000000006,-4.67962,0.7262150000000034,34.36559999999997,13.398210000000006,4.67962,0.7262150000000034
2025-05-27 03:00:00+00:00,long_dry,final_eval,0.0,0.0,0.0,999,3,1,5,2025-21,4,1,5,5,1,5,6,1,5,9,1,5,27.283919999999995,7.910049999999998,7.189391999999998,37.412476,27.283919999999995,7.910049999999998,7.189391999999998,37.412476
2025-05-27 04:00:00+00:00,long_dry,final_eval,0.0,0.0,0.0,999,4,1,5,2025-21,5,1,5,6,1,5,7,1,5,10,1,5,-4.849860000000007,7.658954999999999,-8.756915999999997,151.29199999999997,4.849860000000007,7.658954999999999,8.756915999999997,151.29199999999997
2025-05-27 05:00:00+00:00,long_dry,final_eval,0.0,0.0,0.0,999,5,1,5,2025-21,6,1,5,7,1,5,8,1,5,11,1,5,12.77001,-6.059235000000001,8.927998000000002,304.55255,12.77001,6.059235000000001,8.927998000000002,304.55255
2025-05-27 06:00:00+00:00,long_dry,final_eval,0.0,0.0,0.0,999,6,1,5,2025-21,7,1,5,8,1,5,9,1,5,12,1,5,-10.216324,-2.050246999999999,52.86071,411.53819999999996,10.216324,2.050246999999999,52.86071,411.53819999999996
2025-05-27 07:00:00+00:00,long_dry,final_eval,0.0,0.0,0.0,999,7,1,5,2025-21,8,1,5,9,1,5,10,1,5,13,1,5,1.0858899999999991,61.690124999999995,175.50313999999997,-60.85069999999996,1.0858899999999991,61.690124999999995,175.50313999999997,60.85069999999996
2025-05-27 08:00:00+00:00,long_dry,final_eval,0.0,0.0,0.0,999,8,1,5,2025-21,9,1,5,10,1,5,11,1,5,14,1,5,33.909580000000005,124.5675,209.27715999999998,-86.67534999999998,33.909580000000005,124.5675,209.27715999999998,86.67534999999998
2025-05-27 09:00:00+00:00,long_dry,final_eval,0.0,0.0,0.0,999,9,1,5,2025-21,10,1,5,11,1,5,12,1,5,15,1,5,-44.239439999999945,110.9801,461.14149999999995,-258.19050000000004,44.239439999999945,110.9801,461.14149999999995,258.19050000000004
2025-05-27 10:00:00+00:00,long_dry,final_eval,0.0,0.0,0.0,999,10,1,5,2025-21,11,1,5,12,1,5,13,1,5,16,1,5,78.69470000000001,427.8490999999999,-147.8547000000001,-167.6344999999999,78.69470000000001,427.8490999999999,147.8547000000001,167.6344999999999
2025-05-27 11:00:00+00:00,long_dry,final_eval,0.0,0.0,0.0,999,11,1,5,2025-21,12,1,5,13,1,5,14,1,5,17,1,5,404.7224000000001,-165.4629,-311.3637,-304.2385999999999,404.7224000000001,165.4629,311.3637,304.2385999999999
2025-05-27 12:00:00+00:00,long_dry,final_eval,0.0,0.0,0.0,999,12,1,5,2025-21,13,1,5,14,1,5,15,1,5,18,1,5,-274.25569999999993,-300.68399999999997,-187.4022,-332.32169999999996,274.25569999999993,300.68399999999997,187.4022,332.32169999999996
2025-05-27 13:00:00+00:00,long_dry,final_eval,0.0,0.0,0.0,999,13,1,5,2025-21,14,1,5,15,1,5,16,1,5,19,1,5,-220.00419999999997,-173.33452999999997,-138.31757000000005,-24.5942,220.00419999999997,173.33452999999997,138.31757000000005,24.5942
2025-05-27 14:00:00+00:00,long_dry,final_eval,0.0,0.0,0.0,999,14,1,5,2025-21,15,1,5,16,1,5,17,1,5,20,1,5,-16.981599999999958,26.275600000000054,-259.60450000000003,14.445999999999913,16.981599999999958,26.275600000000054,259.60450000000003,14.445999999999913
2025-05-27 15:00:00+00:00,long_dry,final_eval,0.0,0.0,0.0,999,15,1,5,2025-21,16,1,5,17,1,5,18,1,5,21,1,5,16.936199999999985,-226.188,-436.1029000000001,247.32169999999996,16.936199999999985,226.188,436.1029000000001,247.32169999999996
2025-05-27 16:00:00+00:00,long_dry,final_eval,0.0,0.0,0.0,999,16,1,5,2025-21,17,1,5,18,1,5,19,1,5,22,1,5,-215.03143,-354.3562999999999,-32.80040000000008,-9.826800000000048,215.03143,354.3562999999999,32.80040000000008,9.826800000000048
2025-05-28 00:00:00+00:00,recent_rain,final_eval,0.0,2.4,2.4,3,0,2,5,2025-21,1,2,5,2,2,5,3,2,5,6,2,5,-171.62964,-90.47519999999997,-88.76650000000001,-34.746437,171.62964,90.47519999999997,88.76650000000001,34.746437
2025-05-29 00:00:00+00:00,recovery,final_eval,0.0,22.1,37.6,1,0,3,5,2025-21,1,3,5,2,3,5,3,3,5,6,3,5,23.223299999999995,188.91165,138.18053,2.599589999999999,23.223299999999995,188.91165,138.18053,2.599589999999999
2025-05-29 01:00:00+00:00,recovery,final_eval,0.0,18.1,37.6,2,1,3,5,2025-21,2,3,5,3,3,5,4,3,5,7,3,5,86.71190000000001,75.29419999999999,36.27313000000001,-3.0841400000000014,86.71190000000001,75.29419999999999,36.27313000000001,3.0841400000000014
2025-05-29 02:00:00+00:00,recovery,final_eval,0.0,14.4,36.6,3,2,3,5,2025-21,3,3,5,4,3,5,5,3,5,8,3,5,14.667880000000025,8.483350000000002,-1.328125,16.298389999999998,14.667880000000025,8.483350000000002,1.328125,16.298389999999998
2025-05-30 10:00:00+00:00,recovery,final_eval,0.0,11.000000000000002,11.000000000000002,1,10,4,5,2025-21,11,4,5,12,4,5,13,4,5,16,4,5,-3.5384500000000116,427.8007,9.464999999999918,-47.524799999999914,3.5384500000000116,427.8007,9.464999999999918,47.524799999999914
2025-05-30 11:00:00+00:00,recovery,final_eval,0.0,11.000000000000002,11.000000000000002,2,11,4,5,2025-21,12,4,5,13,4,5,14,4,5,17,4,5,344.72350000000006,-68.22859999999991,-181.5954999999999,81.12799999999993,344.72350000000006,68.22859999999991,181.5954999999999,81.12799999999993
2025-05-30 12:00:00+00:00,recovery,final_eval,0.0,11.000000000000002,11.000000000000002,3,12,4,5,2025-21,13,4,5,14,4,5,15,4,5,18,4,5,-51.08840000000009,-56.594799999999964,58.75739999999996,233.4933000000001,51.08840000000009,56.594799999999964,58.75739999999996,233.4933000000001
2025-05-31 02:00:00+00:00,recovery,final_eval,0.0,15.399999999999999,25.599999999999998,1,2,5,5,2025-21,3,5,5,4,5,5,5,5,5,8,5,5,74.18110000000001,17.96724999999998,-72.82839999999999,-35.517489999999995,74.18110000000001,17.96724999999998,72.82839999999999,35.517489999999995
2025-05-31 03:00:00+00:00,recovery,final_eval,0.0,15.399999999999999,25.599999999999998,2,3,5,5,2025-21,4,5,5,5,5,5,6,5,5,9,5,5,-88.6105,-117.67584,-105.29535000000001,-28.732079999999996,88.6105,117.67584,105.29535000000001,28.732079999999996
2025-05-31 04:00:00+00:00,recovery,final_eval,0.0,15.399999999999999,25.599999999999998,3,4,5,5,2025-21,5,5,5,6,5,5,7,5,5,10,5,5,-57.45608999999999,-91.85985,-37.83595,-3.689760000000007,57.45608999999999,91.85985,37.83595,3.689760000000007
2025-05-31 10:00:00+00:00,recovery,final_eval,0.0,17.500000000000004,17.800000000000008,1,10,5,5,2025-21,11,5,5,12,5,5,13,5,5,16,5,5,-77.16820000000001,-131.37660000000005,104.89342999999997,151.70090000000005,77.16820000000001,131.37660000000005,104.89342999999997,151.70090000000005
2025-05-31 11:00:00+00:00,recovery,final_eval,0.0,17.400000000000002,17.800000000000008,2,11,5,5,2025-21,12,5,5,13,5,5,14,5,5,17,5,5,-200.91112999999996,83.50849999999991,400.51970000000006,-313.45029999999997,200.91112999999996,83.50849999999991,400.51970000000006,313.45029999999997
2025-05-31 12:00:00+00:00,recovery,final_eval,0.0,16.3,17.800000000000008,3,12,5,5,2025-21,13,5,5,14,5,5,15,5,5,18,5,5,101.86487,369.1305,505.88120000000004,-47.835000000000036,101.86487,369.1305,505.88120000000004,47.835000000000036
2025-06-01 02:00:00+00:00,recent_rain,final_eval,0.0,2.0,4.5,6,2,6,6,2025-22,3,6,6,4,6,6,5,6,6,8,6,6,-27.63250000000005,-0.47818000000000893,0.2410300000000234,-4.057760000000002,27.63250000000005,0.47818000000000893,0.2410300000000234,4.057760000000002
2025-06-01 03:00:00+00:00,recent_rain,final_eval,0.0,1.9,4.5,7,3,6,6,2025-22,4,6,6,5,6,6,6,6,6,9,6,6,-103.98699999999997,-34.74259999999998,56.25622999999999,-23.393196000000003,103.98699999999997,34.74259999999998,56.25622999999999,23.393196000000003
2025-06-01 04:00:00+00:00,recent_rain,final_eval,0.0,1.9,4.5,8,4,6,6,2025-22,5,6,6,6,6,6,7,6,6,10,6,6,-5.626129999999989,21.072190000000006,-12.645039999999995,-38.13995,5.626129999999989,21.072190000000006,12.645039999999995,38.13995
2025-06-01 05:00:00+00:00,recent_rain,final_eval,0.0,1.9,4.5,9,5,6,6,2025-22,6,6,6,7,6,6,8,6,6,11,6,6,21.760099999999994,4.097740000000002,-7.689179999999993,-51.67525999999998,21.760099999999994,4.097740000000002,7.689179999999993,51.67525999999998
2025-06-01 06:00:00+00:00,recent_rain,final_eval,0.0,1.9,4.5,10,6,6,6,2025-22,7,6,6,8,6,6,9,6,6,12,6,6,16.72856,-2.2614560000000026,1.8435439999999943,-39.88430000000005,16.72856,2.2614560000000026,1.8435439999999943,39.88430000000005
2025-06-01 21:00:00+00:00,long_dry,final_eval,0.0,0.0,0.0,999,21,6,6,2025-22,22,6,6,23,6,6,0,0,6,3,0,6,236.64560000000006,86.90599999999995,6.538999999999987,-37.69524999999999,236.64560000000006,86.90599999999995,6.538999999999987,37.69524999999999
2025-06-01 22:00:00+00:00,long_dry,final_eval,0.0,0.0,0.0,999,22,6,6,2025-22,23,6,6,0,0,6,1,0,6,4,0,6,31.24050000000011,67.47217,-56.95952999999997,-17.63506000000001,31.24050000000011,67.47217,56.95952999999997,17.63506000000001
2025-06-01 23:00:00+00:00,long_dry,final_eval,0.0,0.0,0.0,999,23,6,6,2025-22,0,0,6,1,0,6,2,0,6,5,0,6,-0.10069999999996071,-72.81555000000003,-14.25490000000002,2.6755600000000044,0.10069999999996071,72.81555000000003,14.25490000000002,2.6755600000000044
2025-06-02 00:00:00+00:00,long_dry,final_eval,0.0,0.0,0.0,999,0,0,6,2025-22,1,0,6,2,0,6,3,0,6,6,0,6,-90.81780000000003,3.6595499999999674,106.4993,-12.895020000000002,90.81780000000003,3.6595499999999674,106.4993,12.895020000000002
2025-06-02 01:00:00+00:00,long_dry,final_eval,0.0,0.0,0.0,999,1,0,6,2025-22,2,0,6,3,0,6,4,0,6,7,0,6,-10.620670000000018,89.3768,16.151459999999986,-9.44849,10.620670000000018,89.3768,16.151459999999986,9.44849
2025-06-02 02:00:00+00:00,long_dry,final_eval,0.0,0.0,0.0,999,2,0,6,2025-22,3,0,6,4,0,6,5,0,6,8,0,6,68.50497000000001,2.764479999999992,13.420630000000003,8.151707000000002,68.50497000000001,2.764479999999992,13.420630000000003,8.151707000000002
2025-06-02 03:00:00+00:00,long_dry,final_eval,0.0,0.0,0.0,999,3,0,6,2025-22,4,0,6,5,0,6,6,0,6,9,0,6,-40.198260000000005,0.462680000000006,-17.83021,29.852424999999997,40.198260000000005,0.462680000000006,17.83021,29.852424999999997
2025-06-02 04:00:00+00:00,long_dry,final_eval,0.0,0.0,0.0,999,4,0,6,2025-22,5,0,6,6,0,6,7,0,6,10,0,6,13.572365000000005,-1.871850000000002,-6.179656999999999,145.56097,13.572365000000005,1.871850000000002,6.179656999999999,145.56097
2025-06-02 05:00:00+00:00,long_dry,final_eval,0.0,0.0,0.0,999,5,0,6,2025-22,6,0,6,7,0,6,8,0,6,11,0,6,1.2611270000000019,-3.9279500000000027,13.119636999999997,222.39655000000005,1.2611270000000019,3.9279500000000027,13.119636999999997,222.39655000000005
2025-06-02 06:00:00+00:00,long_dry,final_eval,0.0,0.0,0.0,999,6,0,6,2025-22,7,0,6,8,0,6,9,0,6,12,0,6,-4.374079999999999,6.494804000000002,53.30911999999999,406.4477999999999,4.374079999999999,6.494804000000002,53.30911999999999,406.4477999999999
2025-06-02 07:00:00+00:00,long_dry,final_eval,0.0,0.0,0.0,999,7,0,6,2025-22,8,0,6,9,0,6,10,0,6,13,0,6,7.703052999999997,55.80312000000001,153.63803000000001,-133.07709999999997,7.703052999999997,55.80312000000001,153.63803000000001,133.07709999999997
2025-06-02 08:00:00+00:00,long_dry,final_eval,0.0,0.0,0.0,999,8,0,6,2025-22,9,0,6,10,0,6,11,0,6,14,0,6,35.231735,121.81454000000002,149.9167,-107.35500000000002,35.231735,121.81454000000002,149.9167,107.35500000000002
2025-06-02 09:00:00+00:00,long_dry,final_eval,0.0,0.0,0.0,999,9,0,6,2025-22,10,0,6,11,0,6,12,0,6,15,0,6,-61.70709999999997,33.23680000000002,396.39969999999994,-202.05820000000006,61.70709999999997,33.23680000000002,396.39969999999994,202.05820000000006
2025-06-02 10:00:00+00:00,long_dry,final_eval,0.0,0.0,0.0,999,10,0,6,2025-22,11,0,6,12,0,6,13,0,6,16,0,6,-17.30529999999999,369.8490999999999,-187.8547000000001,-3.634499999999889,17.30529999999999,369.8490999999999,187.8547000000001,3.634499999999889
2025-06-02 11:00:00+00:00,long_dry,final_eval,0.0,0.0,0.0,999,11,0,6,2025-22,12,0,6,13,0,6,14,0,6,17,0,6,326.4211,-245.8049000000001,-339.26649999999995,21.095299999999952,326.4211,245.8049000000001,339.26649999999995,21.095299999999952
2025-06-02 12:00:00+00:00,long_dry,final_eval,0.0,0.0,0.0,999,12,0,6,2025-22,13,0,6,14,0,6,15,0,6,18,0,6,-288.65059999999994,-259.4311,-111.62885000000006,105.5657000000001,288.65059999999994,259.4311,111.62885000000006,105.5657000000001
2025-06-02 13:00:00+00:00,long_dry,final_eval,0.0,0.0,0.0,999,13,0,6,2025-22,14,0,6,15,0,6,16,0,6,19,0,6,-229.04755,-155.33745999999996,-17.118199999999888,367.7847999999999,229.04755,155.33745999999996,17.118199999999888,367.7847999999999
2025-06-02 14:00:00+00:00,long_dry,final_eval,0.0,0.0,0.0,999,14,0,6,2025-22,15,0,6,16,0,6,17,0,6,20,0,6,39.730350000000044,184.62604,111.89930000000004,214.13509999999997,39.730350000000044,184.62604,111.89930000000004,214.13509999999997
2025-06-02 15:00:00+00:00,long_dry,final_eval,0.0,0.0,0.0,999,15,0,6,2025-22,16,0,6,17,0,6,18,0,6,21,0,6,151.29470000000003,130.1857,-5.580400000000054,841.7085,151.29470000000003,130.1857,5.580400000000054,841.7085
2025-06-02 16:00:00+00:00,long_dry,final_eval,0.0,0.0,0.0,999,16,0,6,2025-22,17,0,6,18,0,6,19,0,6,22,0,6,-42.84680000000003,-107.16750000000002,232.7759000000001,595.5673999999999,42.84680000000003,107.16750000000002,232.7759000000001,595.5673999999999
2025-06-02 17:00:00+00:00,long_dry,final_eval,0.0,0.0,0.0,999,17,0,6,2025-22,18,0,6,19,0,6,20,0,6,23,0,6,-68.95810000000006,201.9849999999999,235.7723000000001,480.1128000000001,68.95810000000006,201.9849999999999,235.7723000000001,480.1128000000001
2025-06-02 18:00:00+00:00,long_dry,final_eval,0.0,0.0,0.0,999,18,0,6,2025-22,19,0,6,20,0,6,21,0,6,0,1,6,263.1651999999999,260.6760999999999,953.8562,454.20730000000003,263.1651999999999,260.6760999999999,953.8562,454.20730000000003
2025-06-02 19:00:00+00:00,long_dry,final_eval,0.0,0.0,0.0,999,19,0,6,2025-22,20,0,6,21,0,6,22,0,6,1,1,6,92.09889999999996,783.7454,624.375,222.69037000000003,92.09889999999996,783.7454,624.375,222.69037000000003
2025-06-02 20:00:00+00:00,long_dry,final_eval,0.0,0.0,0.0,999,20,0,6,2025-22,21,0,6,22,0,6,23,0,6,2,1,6,816.8272999999999,439.88570000000004,385.6119000000001,32.18910000000005,816.8272999999999,439.88570000000004,385.6119000000001,32.18910000000005
2025-06-02 21:00:00+00:00,long_dry,final_eval,0.0,0.0,0.0,999,21,0,6,2025-22,22,0,6,23,0,6,0,1,6,3,1,6,399.88210000000004,266.019,227.28279999999995,-60.23610000000002,399.88210000000004,266.019,227.28279999999995,60.23610000000002
2025-06-02 22:00:00+00:00,long_dry,final_eval,0.0,0.0,0.0,999,22,0,6,2025-22,23,0,6,0,1,6,1,1,6,4,1,6,473.7394999999999,309.0703000000001,193.2631,-38.380480000000006,473.7394999999999,309.0703000000001,193.2631,38.380480000000006
2025-06-02 23:00:00+00:00,long_dry,final_eval,0.0,0.0,0.0,999,23,0,6,2025-22,0,1,6,1,1,6,2,1,6,5,1,6,217.8527999999999,118.91629999999998,-34.573549999999955,-30.112300000000005,217.8527999999999,118.91629999999998,34.573549999999955,30.112300000000005
2025-06-03 00:00:00+00:00,long_dry,final_eval,0.0,0.0,0.0,999,0,1,6,2025-22,1,1,6,2,1,6,3,1,6,6,1,6,99.70916999999997,-0.9076499999999896,-12.792179999999973,-22.597565000000003,99.70916999999997,0.9076499999999896,12.792179999999973,22.597565000000003
2025-06-03 01:00:00+00:00,long_dry,final_eval,0.0,0.0,0.0,999,1,1,6,2025-22,2,1,6,3,1,6,4,1,6,7,1,6,-36.64246000000003,-48.84818000000001,-43.569919999999996,-17.646552999999997,36.64246000000003,48.84818000000001,43.569919999999996,17.646552999999997
2025-06-03 02:00:00+00:00,long_dry,final_eval,0.0,0.0,0.0,999,2,1,6,2025-22,3,1,6,4,1,6,5,1,6,8,1,6,-94.19662,-53.574479999999994,-10.218339999999998,6.649104999999999,94.19662,53.574479999999994,10.218339999999998,6.649104999999999
2025-06-03 03:00:00+00:00,long_dry,final_eval,0.0,0.0,0.0,999,3,1,6,2025-22,4,1,6,5,1,6,6,1,6,9,1,6,-22.83869999999999,-1.3647899999999993,-19.537509999999997,74.32083,22.83869999999999,1.3647899999999993,19.537509999999997,74.32083
2025-06-03 04:00:00+00:00,long_dry,final_eval,0.0,0.0,0.0,999,4,1,6,2025-22,5,1,6,6,1,6,7,1,6,10,1,6,18.55019,-5.885444999999997,-11.593074999999999,135.25098000000003,18.55019,5.885444999999997,11.593074999999999,135.25098000000003
2025-06-03 05:00:00+00:00,long_dry,final_eval,0.0,0.0,0.0,999,5,1,6,2025-22,6,1,6,7,1,6,8,1,6,11,1,6,-5.9616200000000035,-9.628283,17.442307,371.03999999999996,5.9616200000000035,9.628283,17.442307,371.03999999999996
2025-06-03 06:00:00+00:00,long_dry,final_eval,0.0,0.0,0.0,999,6,1,6,2025-22,7,1,6,8,1,6,9,1,6,12,1,6,-9.705706,8.439976000000001,94.28215,668.6472000000001,9.705706,8.439976000000001,94.28215,668.6472000000001
2025-06-03 07:00:00+00:00,long_dry,final_eval,0.0,0.0,0.0,999,7,1,6,2025-22,8,1,6,9,1,6,10,1,6,13,1,6,8.668199999999999,98.50665,235.13670000000002,-5.370100000000093,8.668199999999999,98.50665,235.13670000000002,5.370100000000093
2025-06-03 08:00:00+00:00,long_dry,final_eval,0.0,0.0,0.0,999,8,1,6,2025-22,9,1,6,10,1,6,11,1,6,14,1,6,78.56696,204.48923000000002,293.40625,-121.02829999999994,78.56696,204.48923000000002,293.40625,121.02829999999994
2025-06-03 09:00:00+00:00,long_dry,final_eval,0.0,0.0,0.0,999,9,1,6,2025-22,10,1,6,11,1,6,12,1,6,15,1,6,28.05926999999997,184.34310000000005,722.2465,-216.9652000000001,28.05926999999997,184.34310000000005,722.2465,216.9652000000001
2025-06-03 10:00:00+00:00,long_dry,final_eval,0.0,0.0,0.0,999,10,1,6,2025-22,11,1,6,12,1,6,13,1,6,16,1,6,151.2849000000001,709.1162999999999,-86.77829999999994,14.12259999999992,151.2849000000001,709.1162999999999,86.77829999999994,14.12259999999992
2025-06-03 11:00:00+00:00,long_dry,final_eval,0.0,0.0,0.0,999,11,1,6,2025-22,12,1,6,13,1,6,14,1,6,17,1,6,660.3661999999999,-46.47790000000009,-312.3511000000001,29.097500000000082,660.3661999999999,46.47790000000009,312.3511000000001,29.097500000000082
2025-06-03 12:00:00+00:00,long_dry,final_eval,0.0,0.0,0.0,999,12,1,6,2025-22,13,1,6,14,1,6,15,1,6,18,1,6,-171.30240000000003,-294.69903999999997,-78.19885,154.65419999999995,171.30240000000003,294.69903999999997,78.19885,154.65419999999995
2025-06-03 13:00:00+00:00,long_dry,final_eval,0.0,0.0,0.0,999,13,1,6,2025-22,14,1,6,15,1,6,16,1,6,19,1,6,-212.64170000000001,-87.07510000000002,88.73440000000005,406.202,212.64170000000001,87.07510000000002,88.73440000000005,406.202
2025-06-03 14:00:00+00:00,long_dry,final_eval,0.0,0.0,0.0,999,14,1,6,2025-22,15,1,6,16,1,6,17,1,6,20,1,6,79.73035000000004,263.62604,88.89930000000004,495.13509999999997,79.73035000000004,263.62604,88.89930000000004,495.13509999999997
2025-06-03 15:00:00+00:00,long_dry,final_eval,0.0,0.0,0.0,999,15,1,6,2025-22,16,1,6,17,1,6,18,1,6,21,1,6,209.65954999999997,90.75930000000005,27.54189999999994,992.8348000000001,209.65954999999997,90.75930000000005,27.54189999999994,992.8348000000001
2025-06-03 16:00:00+00:00,long_dry,final_eval,0.0,0.0,0.0,999,16,1,6,2025-22,17,1,6,18,1,6,19,1,6,22,1,6,-47.289999999999964,-40.03019999999992,271.9697000000001,796.9209000000001,47.289999999999964,40.03019999999992,271.9697000000001,796.9209000000001
2025-06-03 17:00:00+00:00,long_dry,final_eval,0.0,0.0,0.0,999,17,1,6,2025-22,18,1,6,19,1,6,20,1,6,23,1,6,25.216100000000097,244.29420000000005,552.9757,480.7850000000001,25.216100000000097,244.29420000000005,552.9757,480.7850000000001
2025-06-03 18:00:00+00:00,long_dry,final_eval,0.0,0.0,0.0,999,18,1,6,2025-22,19,1,6,20,1,6,21,1,6,0,2,6,45.910499999999956,304.6542999999999,994.4889000000001,583.6884,45.910499999999956,304.6542999999999,994.4889000000001,583.6884
2025-06-03 19:00:00+00:00,long_dry,final_eval,0.0,0.0,0.0,999,19,1,6,2025-22,20,1,6,21,1,6,22,1,6,1,2,6,245.70679999999993,875.0963999999999,772.8788999999999,416.71747000000005,245.70679999999993,875.0963999999999,772.8788999999999,416.71747000000005
2025-06-03 20:00:00+00:00,long_dry,final_eval,0.0,0.0,0.0,999,20,1,6,2025-22,21,1,6,22,1,6,23,1,6,2,2,6,869.3652,581.5261,304.7338,220.13525000000004,869.3652,581.5261,304.7338,220.13525000000004
2025-06-03 21:00:00+00:00,long_dry,final_eval,0.0,0.0,0.0,999,21,1,6,2025-22,22,1,6,23,1,6,0,2,6,3,2,6,538.4467,152.93769999999995,355.86429999999996,-1.3797999999999888,538.4467,152.93769999999995,355.86429999999996,1.3797999999999888
2025-06-03 22:00:00+00:00,long_dry,final_eval,0.0,0.0,0.0,999,22,1,6,2025-22,23,1,6,0,2,6,1,2,6,4,2,6,364.788,439.7437,386.20734000000004,0.23133999999998878,364.788,439.7437,386.20734000000004,0.23133999999998878
2025-06-03 23:00:00+00:00,long_dry,final_eval,0.0,0.0,0.0,999,23,1,6,2025-22,0,2,6,1,2,6,2,2,6,5,2,6,459.1464000000001,400.88574000000006,196.24243,-25.155690000000007,459.1464000000001,400.88574000000006,196.24243,25.155690000000007
2025-06-04 00:00:00+00:00,long_dry,final_eval,0.0,0.0,0.0,999,0,2,6,2025-22,1,2,6,2,2,6,3,2,6,6,2,6,302.3665,190.96389999999997,63.10656999999998,-9.121048000000002,302.3665,190.96389999999997,63.10656999999998,9.121048000000002
2025-06-04 01:00:00+00:00,long_dry,final_eval,0.0,0.0,0.0,999,1,2,6,2025-22,2,2,6,3,2,6,4,2,6,7,2,6,127.60619999999994,24.885159999999985,5.161959999999993,7.365180000000002,127.60619999999994,24.885159999999985,5.161959999999993,7.365180000000002
2025-06-04 02:00:00+00:00,long_dry,final_eval,0.0,0.0,0.0,999,2,2,6,2025-22,3,2,6,4,2,6,5,2,6,8,2,6,-69.94655999999998,-25.473719999999986,-2.348079999999996,6.896459999999998,69.94655999999998,25.473719999999986,2.348079999999996,6.896459999999998
2025-06-04 03:00:00+00:00,long_dry,final_eval,0.0,0.0,0.0,999,3,2,6,2025-22,4,2,6,5,2,6,6,2,6,9,2,6,-36.66535999999999,-11.759960000000007,-15.146186999999998,67.99870000000001,36.66535999999999,11.759960000000007,15.146186999999998,67.99870000000001
2025-06-04 04:00:00+00:00,long_dry,final_eval,0.0,0.0,0.0,999,4,2,6,2025-22,5,2,6,6,2,6,7,2,6,10,2,6,0.11513999999999669,0.6622959999999978,12.537849999999999,257.1879,0.11513999999999669,0.6622959999999978,12.537849999999999,257.1879
2025-06-04 05:00:00+00:00,long_dry,final_eval,0.0,0.0,0.0,999,5,2,6,2025-22,6,2,6,7,2,6,8,2,6,11,2,6,5.253639999999997,14.972949999999997,16.346245000000003,450.68005000000005,5.253639999999997,14.972949999999997,16.346245000000003,450.68005000000005
2025-06-04 06:00:00+00:00,long_dry,final_eval,0.0,0.0,0.0,999,6,2,6,2025-22,7,2,6,8,2,6,9,2,6,12,2,6,12.119095000000002,7.546059999999997,91.3656,738.4318000000001,12.119095000000002,7.546059999999997,91.3656,738.4318000000001
2025-06-04 07:00:00+00:00,long_dry,final_eval,0.0,0.0,0.0,999,7,2,6,2025-22,8,2,6,9,2,6,10,2,6,13,2,6,2.582819999999998,87.822525,255.49686000000003,-18.263799999999947,2.582819999999998,87.822525,255.49686000000003,18.263799999999947
2025-06-04 08:00:00+00:00,long_dry,final_eval,0.0,0.0,0.0,999,8,2,6,2025-22,9,2,6,10,2,6,11,2,6,14,2,6,96.12411,269.59,410.90765,-70.99620000000004,96.12411,269.59,410.90765,70.99620000000004
2025-06-04 09:00:00+00:00,long_dry,final_eval,0.0,0.0,0.0,999,9,2,6,2025-22,10,2,6,11,2,6,12,2,6,15,2,6,57.898900000000026,251.54770000000008,802.1411,-256.19759999999997,57.898900000000026,251.54770000000008,802.1411,256.19759999999997
2025-06-04 10:00:00+00:00,long_dry,final_eval,0.0,0.0,0.0,999,10,2,6,2025-22,11,2,6,12,2,6,13,2,6,16,2,6,212.10449999999992,786.2218,-113.59960000000001,-78.11609999999996,212.10449999999992,786.2218,113.59960000000001,78.11609999999996
2025-06-04 11:00:00+00:00,long_dry,final_eval,0.0,0.0,0.0,999,11,2,6,2025-22,12,2,6,13,2,6,14,2,6,17,2,6,743.1742999999999,-58.25949999999989,-230.69029999999998,44.1105,743.1742999999999,58.25949999999989,230.69029999999998,44.1105
2025-06-04 12:00:00+00:00,long_dry,final_eval,0.0,0.0,0.0,999,12,2,6,2025-22,13,2,6,14,2,6,15,2,6,18,2,6,-244.3601000000001,-288.66409999999996,-158.40239999999994,62.13670000000002,244.3601000000001,288.66409999999996,158.40239999999994,62.13670000000002
2025-06-04 13:00:00+00:00,long_dry,final_eval,0.0,0.0,0.0,999,13,2,6,2025-22,14,2,6,15,2,6,16,2,6,19,2,6,-185.88070000000005,-217.1300000000001,-113.5918999999999,347.6368,185.88070000000005,217.1300000000001,113.5918999999999,347.6368
2025-06-04 14:00:00+00:00,long_dry,final_eval,0.0,0.0,0.0,999,14,2,6,2025-22,15,2,6,16,2,6,17,2,6,20,2,6,-0.9523000000000366,142.41223000000002,71.75520000000006,379.0485000000001,0.9523000000000366,142.41223000000002,71.75520000000006,379.0485000000001
2025-06-04 15:00:00+00:00,long_dry,final_eval,0.0,0.0,0.0,999,15,2,6,2025-22,16,2,6,17,2,6,18,2,6,21,2,6,157.42790000000002,127.30115,-14.957799999999907,1039.1558,157.42790000000002,127.30115,14.957799999999907,1039.1558
2025-06-04 16:00:00+00:00,long_dry,final_eval,0.0,0.0,0.0,999,16,2,6,2025-22,17,2,6,18,2,6,19,2,6,22,2,6,33.46199999999999,-39.200199999999995,331.03610000000003,816.1259,33.46199999999999,39.200199999999995,331.03610000000003,816.1259
2025-06-04 17:00:00+00:00,long_dry,final_eval,0.0,0.0,0.0,999,17,2,6,2025-22,18,2,6,19,2,6,20,2,6,23,2,6,-119.21299999999997,171.65030000000002,382.4614999999999,528.9529,119.21299999999997,171.65030000000002,382.4614999999999,528.9529
2025-06-04 18:00:00+00:00,long_dry,final_eval,0.0,0.0,0.0,999,18,2,6,2025-22,19,2,6,20,2,6,21,2,6,0,3,6,212.94370000000004,368.22890000000007,1006.1425999999999,499.56809999999996,212.94370000000004,368.22890000000007,1006.1425999999999,499.56809999999996
2025-06-04 19:00:00+00:00,long_dry,final_eval,0.0,0.0,0.0,999,19,2,6,2025-22,20,2,6,21,2,6,22,2,6,1,3,6,161.0349000000001,812.9524000000001,805.711,362.77563,161.0349000000001,812.9524000000001,805.711,362.77563
2025-06-04 20:00:00+00:00,long_dry,final_eval,0.0,0.0,0.0,999,20,2,6,2025-22,21,2,6,22,2,6,23,2,6,2,3,6,872.7861,655.8479,389.6074000000001,186.02892999999995,872.7861,655.8479,389.6074000000001,186.02892999999995
2025-06-04 21:00:00+00:00,long_dry,final_eval,0.0,0.0,0.0,999,21,2,6,2025-22,22,2,6,23,2,6,0,3,6,3,3,6,659.9128000000001,283.36879999999996,329.4584,1.7003799999999956,659.9128000000001,283.36879999999996,329.4584,1.7003799999999956
2025-06-04 22:00:00+00:00,long_dry,final_eval,0.0,0.0,0.0,999,22,2,6,2025-22,23,2,6,0,3,6,1,3,6,4,3,6,478.97170000000006,416.5174999999999,385.74694999999997,57.036069999999995,478.97170000000006,416.5174999999999,385.74694999999997,57.036069999999995
2025-06-04 23:00:00+00:00,long_dry,final_eval,0.0,0.0,0.0,999,23,2,6,2025-22,0,3,6,1,3,6,2,3,6,5,3,6,429.51430000000005,407.59784,206.6662,-30.876884000000004,429.51430000000005,407.59784,206.6662,30.876884000000004
2025-06-05 00:00:00+00:00,long_dry,final_eval,0.0,0.0,0.0,999,0,3,6,2025-22,1,3,6,2,3,6,3,3,6,6,3,6,326.07574,210.29449999999997,91.69063999999997,-8.866969999999995,326.07574,210.29449999999997,91.69063999999997,8.866969999999995
2025-06-05 01:00:00+00:00,long_dry,final_eval,0.0,0.0,0.0,999,1,3,6,2025-22,2,3,6,3,3,6,4,3,6,7,3,6,134.02094,47.73939999999999,73.59389999999999,-17.512500000000003,134.02094,47.73939999999999,73.59389999999999,17.512500000000003
2025-06-05 02:00:00+00:00,long_dry,final_eval,0.0,0.0,0.0,999,2,3,6,2025-22,3,3,6,4,3,6,5,3,6,8,3,6,-39.80579999999998,49.25049999999999,0.4482799999999969,15.525725999999999,39.80579999999998,49.25049999999999,0.4482799999999969,15.525725999999999
2025-06-05 03:00:00+00:00,long_dry,final_eval,0.0,0.0,0.0,999,3,3,6,2025-22,4,3,6,5,3,6,6,3,6,9,3,6,19.208789999999993,-19.213425,-6.29571,50.74074999999999,19.208789999999993,19.213425,6.29571,50.74074999999999
2025-06-05 04:00:00+00:00,long_dry,final_eval,0.0,0.0,0.0,999,4,3,6,2025-22,5,3,6,6,3,6,7,3,6,10,3,6,-32.060900000000004,0.9280600000000021,-11.956898000000002,292.94168,32.060900000000004,0.9280600000000021,11.956898000000002,292.94168
2025-06-05 05:00:00+00:00,long_dry,final_eval,0.0,0.0,0.0,999,5,3,6,2025-22,6,3,6,7,3,6,8,3,6,11,3,6,16.116363999999997,-2.7059819999999988,30.346245000000003,463.04114000000004,16.116363999999997,2.7059819999999988,30.346245000000003,463.04114000000004
2025-06-05 06:00:00+00:00,long_dry,final_eval,0.0,0.0,0.0,999,6,3,6,2025-22,7,3,6,8,3,6,9,3,6,12,3,6,-5.413499999999999,20.76844,72.160286,639.2726,5.413499999999999,20.76844,72.160286,639.2726
2025-06-05 07:00:00+00:00,long_dry,final_eval,0.0,0.0,0.0,999,7,3,6,2025-22,8,3,6,9,3,6,10,3,6,13,3,6,23.75911,85.29044,247.99524000000002,-36.47959999999989,23.75911,85.29044,247.99524000000002,36.47959999999989
2025-06-05 08:00:00+00:00,long_dry,final_eval,0.0,0.0,0.0,999,8,3,6,2025-22,9,3,6,10,3,6,11,3,6,14,3,6,53.477360000000004,189.94574,361.87244,-34.07543999999996,53.477360000000004,189.94574,361.87244,34.07543999999996
2025-06-05 09:00:00+00:00,long_dry,final_eval,0.0,0.0,0.0,999,9,3,6,2025-22,10,3,6,11,3,6,12,3,6,15,3,6,24.095699999999965,267.5978,731.7168999999999,-189.08030000000008,24.095699999999965,267.5978,731.7168999999999,189.08030000000008
2025-06-05 10:00:00+00:00,long_dry,final_eval,0.0,0.0,0.0,999,10,3,6,2025-22,11,3,6,12,3,6,13,3,6,16,3,6,237.9072000000001,737.2737999999999,-46.552200000000084,-29.550899999999956,237.9072000000001,737.2737999999999,46.552200000000084,29.550899999999956
2025-06-05 11:00:00+00:00,long_dry,final_eval,0.0,0.0,0.0,999,11,3,6,2025-22,12,3,6,13,3,6,14,3,6,17,3,6,670.4132,-15.021199999999908,-221.61220000000003,15.52800000000002,670.4132,15.021199999999908,221.61220000000003,15.52800000000002
2025-06-05 12:00:00+00:00,long_dry,final_eval,0.0,0.0,0.0,999,12,3,6,2025-22,13,3,6,14,3,6,15,3,6,18,3,6,-151.8336999999999,-242.06809999999996,-83.28830000000005,124.90249999999992,151.8336999999999,242.06809999999996,83.28830000000005,124.90249999999992
2025-06-05 13:00:00+00:00,long_dry,final_eval,0.0,0.0,0.0,999,13,3,6,2025-22,14,3,6,15,3,6,16,3,6,19,3,6,-140.64702999999997,-64.70525999999995,7.293599999999969,388.0398,140.64702999999997,64.70525999999995,7.293599999999969,388.0398
2025-06-05 14:00:00+00:00,long_dry,final_eval,0.0,0.0,0.0,999,14,3,6,2025-22,15,3,6,16,3,6,17,3,6,20,3,6,99.42169999999999,209.25969999999995,54.80160000000001,364.32400000000007,99.42169999999999,209.25969999999995,54.80160000000001,364.32400000000007
2025-06-05 15:00:00+00:00,long_dry,final_eval,0.0,0.0,0.0,999,15,3,6,2025-22,16,3,6,17,3,6,18,3,6,21,3,6,132.24559999999997,31.070999999999913,-13.0154,969.5178000000001,132.24559999999997,31.070999999999913,13.0154,969.5178000000001
2025-06-05 16:00:00+00:00,long_dry,final_eval,0.0,0.0,0.0,999,16,3,6,2025-22,17,3,6,18,3,6,19,3,6,22,3,6,-28.338899999999967,-8.130400000000009,318.1093000000001,812.1615999999999,28.338899999999967,8.130400000000009,318.1093000000001,812.1615999999999
2025-06-05 17:00:00+00:00,long_dry,final_eval,0.0,0.0,0.0,999,17,3,6,2025-22,18,3,6,19,3,6,20,3,6,23,3,6,21.028999999999996,248.5078000000001,415.01430000000005,374.0983000000001,21.028999999999996,248.5078000000001,415.01430000000005,374.0983000000001
2025-06-05 18:00:00+00:00,long_dry,final_eval,0.0,0.0,0.0,999,18,3,6,2025-22,19,3,6,20,3,6,21,3,6,0,4,6,73.88280000000009,190.2482,934.1913,607.4998,73.88280000000009,190.2482,934.1913,607.4998
2025-06-05 19:00:00+00:00,long_dry,final_eval,0.0,0.0,0.0,999,19,3,6,2025-22,20,3,6,21,3,6,22,3,6,1,4,6,144.0349000000001,815.9524000000001,750.711,393.77563,144.0349000000001,815.9524000000001,750.711,393.77563
2025-06-05 20:00:00+00:00,long_dry,final_eval,0.0,0.0,0.0,999,20,3,6,2025-22,21,3,6,22,3,6,23,3,6,2,4,6,889.3081,589.3827000000001,186.81510000000003,204.0457,889.3081,589.3827000000001,186.81510000000003,204.0457
2025-06-05 21:00:00+00:00,long_dry,final_eval,0.0,0.0,0.0,999,21,3,6,2025-22,22,3,6,23,3,6,0,4,6,3,4,6,604.9128000000001,100.36879999999996,437.4584,162.70038,604.9128000000001,100.36879999999996,437.4584,162.70038
2025-06-05 22:00:00+00:00,long_dry,final_eval,0.0,0.0,0.0,999,22,3,6,2025-22,23,3,6,0,4,6,1,4,6,4,4,6,314.6072999999999,509.1155000000001,376.22090000000003,104.04468000000003,314.6072999999999,509.1155000000001,376.22090000000003,104.04468000000003
2025-06-05 23:00:00+00:00,long_dry,final_eval,0.0,0.0,0.0,999,23,3,6,2025-22,0,4,6,1,4,6,2,4,6,5,4,6,552.309,426.97844999999995,199.44420000000002,18.83139,552.309,426.97844999999995,199.44420000000002,18.83139
2025-06-06 00:00:00+00:00,long_dry,final_eval,0.0,0.0,0.0,999,0,4,6,2025-22,1,4,6,2,4,6,3,4,6,6,4,6,325.2106,191.3234,208.52605999999997,16.711929999999995,325.2106,191.3234,208.52605999999997,16.711929999999995
2025-06-06 01:00:00+00:00,long_dry,final_eval,0.0,0.0,0.0,999,1,4,6,2025-22,2,4,6,3,4,6,4,4,6,7,4,6,129.07150000000001,160.18579999999997,118.16031000000001,21.698864,129.07150000000001,160.18579999999997,118.16031000000001,21.698864
2025-06-06 02:00:00+00:00,long_dry,final_eval,0.0,0.0,0.0,999,2,4,6,2025-22,3,4,6,4,4,6,5,4,6,8,4,6,80.42675999999994,98.31702000000001,44.72089,26.980620000000002,80.42675999999994,98.31702000000001,44.72089,26.980620000000002
2025-06-06 03:00:00+00:00,long_dry,final_eval,0.0,0.0,0.0,999,3,4,6,2025-22,4,4,6,5,4,6,6,4,6,9,4,6,-11.739350000000002,2.8113400000000013,13.173630000000003,58.48552000000001,11.739350000000002,2.8113400000000013,13.173630000000003,58.48552000000001
2025-06-06 04:00:00+00:00,long_dry,final_eval,0.0,0.0,0.0,999,4,4,6,2025-22,5,4,6,6,4,6,7,4,6,10,4,6,7.902559999999994,16.148899999999998,22.6231,213.43228,7.902559999999994,16.148899999999998,22.6231,213.43228
2025-06-06 05:00:00+00:00,long_dry,final_eval,0.0,0.0,0.0,999,5,4,6,2025-22,6,4,6,7,4,6,8,4,6,11,4,6,23.490030000000004,35.475307,40.55123,367.98706000000004,23.490030000000004,35.475307,40.55123,367.98706000000004
2025-06-06 06:00:00+00:00,long_dry,final_eval,0.0,0.0,0.0,999,6,4,6,2025-22,7,4,6,8,4,6,9,4,6,12,4,6,40.062405,37.211773,105.74226,371.346,40.062405,37.211773,105.74226,371.346
2025-06-06 07:00:00+00:00,long_dry,final_eval,0.0,0.0,0.0,999,7,4,6,2025-22,8,4,6,9,4,6,10,4,6,13,4,6,29.562959999999997,96.44273,184.25155999999998,43.04150000000004,29.562959999999997,96.44273,184.25155999999998,43.04150000000004
2025-06-06 08:00:00+00:00,long_dry,final_eval,0.0,0.0,0.0,999,8,4,6,2025-22,9,4,6,10,4,6,11,4,6,14,4,6,84.97049,191.71442000000002,388.9561,-36.46109999999999,84.97049,191.71442000000002,388.9561,36.46109999999999
2025-06-06 09:00:00+00:00,long_dry,final_eval,0.0,0.0,0.0,999,9,4,6,2025-22,10,4,6,11,4,6,12,4,6,15,4,6,-38.84937000000002,59.629999999999995,390.3444999999999,6.372200000000021,38.84937000000002,59.629999999999995,390.3444999999999,6.372200000000021
2025-06-06 10:00:00+00:00,long_dry,final_eval,0.0,0.0,0.0,999,10,4,6,2025-22,11,4,6,12,4,6,13,4,6,16,4,6,16.086400000000026,393.11850000000004,38.93249999999989,-19.017000000000053,16.086400000000026,393.11850000000004,38.93249999999989,19.017000000000053
2025-06-06 11:00:00+00:00,long_dry,final_eval,0.0,0.0,0.0,999,11,4,6,2025-22,12,4,6,13,4,6,14,4,6,17,4,6,336.5552,-3.40079999999989,-130.56050000000005,116.9701,336.5552,3.40079999999989,130.56050000000005,116.9701
2025-06-06 12:00:00+00:00,long_dry,final_eval,0.0,0.0,0.0,999,12,4,6,2025-22,13,4,6,14,4,6,15,4,6,18,4,6,-59.728000000000065,-158.56449999999995,8.246000000000095,337.53780000000006,59.728000000000065,158.56449999999995,8.246000000000095,337.53780000000006
2025-06-06 13:00:00+00:00,long_dry,final_eval,0.0,0.0,0.0,999,13,4,6,2025-22,14,4,6,15,4,6,16,4,6,19,4,6,-82.05829999999992,-27.625600000000077,-21.02819999999997,641.1824999999999,82.05829999999992,27.625600000000077,21.02819999999997,641.1824999999999
2025-06-06 14:00:00+00:00,long_dry,final_eval,0.0,0.0,0.0,999,14,4,6,2025-22,15,4,6,16,4,6,17,4,6,20,4,6,147.72619999999995,129.92090000000007,124.6364000000001,472.5072,147.72619999999995,129.92090000000007,124.6364000000001,472.5072
2025-06-06 15:00:00+00:00,long_dry,final_eval,0.0,0.0,0.0,999,15,4,6,2025-22,16,4,6,17,4,6,18,4,6,21,4,6,209.4115999999999,284.55809999999997,357.9695999999999,717.0830000000001,209.4115999999999,284.55809999999997,357.9695999999999,717.0830000000001
2025-06-06 16:00:00+00:00,long_dry,final_eval,0.0,0.0,0.0,999,16,4,6,2025-22,17,4,6,18,4,6,19,4,6,22,4,6,178.83780000000002,319.0322000000001,553.8538000000001,605.5446999999999,178.83780000000002,319.0322000000001,553.8538000000001,605.5446999999999
2025-06-07 18:00:00+00:00,recent_rain,final_eval,0.0,3.2,3.2,3,18,5,6,2025-22,19,5,6,20,5,6,21,5,6,0,6,6,299.2321999999999,349.3916999999999,406.6018999999999,675.6153999999999,299.2321999999999,349.3916999999999,406.6018999999999,675.6153999999999
2025-06-08 01:00:00+00:00,recent_rain,final_eval,0.0,2.1,3.6000000000000005,3,1,6,6,2025-23,2,6,6,3,6,6,4,6,6,7,6,6,334.94230000000005,481.678,262.2,126.94037,334.94230000000005,481.678,262.2,126.94037
2025-06-08 02:00:00+00:00,recent_rain,final_eval,0.0,1.0,3.6000000000000005,4,2,6,6,2025-23,3,6,6,4,6,6,5,6,6,8,6,6,345.39453000000003,185.3746,122.10363999999998,56.981185999999994,345.39453000000003,185.3746,122.10363999999998,56.981185999999994
2025-06-08 22:00:00+00:00,recovery,final_eval,0.0,7.3,7.6,1,22,6,6,2025-23,23,6,6,0,0,6,1,0,6,4,0,6,-254.8511000000001,-500.21309999999994,-60.62220000000002,-13.810990000000004,254.8511000000001,500.21309999999994,60.62220000000002,13.810990000000004
2025-06-09 04:00:00+00:00,recovery,final_eval,0.0,7.299999999999999,11.599999999999998,1,4,0,6,2025-23,5,0,6,6,0,6,7,0,6,10,0,6,22.055214000000007,12.814900000000002,25.954224000000004,166.27402,22.055214000000007,12.814900000000002,25.954224000000004,166.27402
2025-06-09 05:00:00+00:00,recovery,final_eval,0.0,6.499999999999999,11.599999999999998,2,5,0,6,2025-23,6,0,6,7,0,6,8,0,6,11,0,6,9.383327000000001,22.867973,28.41588,327.9285,9.383327000000001,22.867973,28.41588,327.9285
2025-06-09 07:00:00+00:00,recovery,final_eval,0.0,5.999999999999999,11.699999999999998,1,7,0,6,2025-23,8,0,6,9,0,6,10,0,6,13,0,6,20.207430000000002,68.76393,156.27637,-26.926939999999945,20.207430000000002,68.76393,156.27637,26.926939999999945
2025-06-11 14:00:00+00:00,long_dry,final_eval,0.0,0.0,0.0,999,14,2,6,2025-23,15,2,6,16,2,6,17,2,6,20,2,6,59.04769999999996,124.41223000000002,107.75520000000006,289.0485000000001,59.04769999999996,124.41223000000002,107.75520000000006,289.0485000000001
2025-06-11 15:00:00+00:00,long_dry,final_eval,0.0,0.0,0.0,999,15,2,6,2025-23,16,2,6,17,2,6,18,2,6,21,2,6,102.64355,133.8958,-29.659200000000055,907.0844999999999,102.64355,133.8958,29.659200000000055,907.0844999999999
2025-06-11 16:00:00+00:00,long_dry,final_eval,0.0,0.0,0.0,999,16,2,6,2025-23,17,2,6,18,2,6,19,2,6,22,2,6,150.82410000000004,78.93360000000007,387.10580000000004,590.7705000000001,150.82410000000004,78.93360000000007,387.10580000000004,590.7705000000001
2025-06-11 17:00:00+00:00,long_dry,final_eval,0.0,0.0,0.0,999,17,2,6,2025-23,18,2,6,19,2,6,20,2,6,23,2,6,-222.18759999999997,29.46810000000005,244.25520000000006,765.05,222.18759999999997,29.46810000000005,244.25520000000006,765.05
2025-06-11 18:00:00+00:00,long_dry,final_eval,0.0,0.0,0.0,999,18,2,6,2025-23,19,2,6,20,2,6,21,2,6,0,3,6,169.3369,255.5607,881.2225000000001,505.25260000000003,169.3369,255.5607,881.2225000000001,505.25260000000003
2025-06-11 19:00:00+00:00,long_dry,final_eval,0.0,0.0,0.0,999,19,2,6,2025-23,20,2,6,21,2,6,22,2,6,1,3,6,71.0349000000001,701.9524000000001,640.711,420.77563,71.0349000000001,701.9524000000001,640.711,420.77563
2025-06-11 20:00:00+00:00,long_dry,final_eval,0.0,0.0,0.0,999,20,2,6,2025-23,21,2,6,22,2,6,23,2,6,2,3,6,785.1858,492.18820000000005,596.4556,218.65329999999994,785.1858,492.18820000000005,596.4556,218.65329999999994
2025-06-11 21:00:00+00:00,long_dry,final_eval,0.0,0.0,0.0,999,21,2,6,2025-23,22,2,6,23,2,6,0,3,6,3,3,6,504.635,512.2682,338.3900000000001,44.107759999999985,504.635,512.2682,338.3900000000001,44.107759999999985
2025-06-11 22:00:00+00:00,long_dry,final_eval,0.0,0.0,0.0,999,22,2,6,2025-23,23,2,6,0,3,6,1,3,6,4,3,6,712.3722,423.24610000000007,442.92999999999995,-6.529140000000012,712.3722,423.24610000000007,442.92999999999995,6.529140000000012
2025-06-11 23:00:00+00:00,long_dry,final_eval,0.0,0.0,0.0,999,23,2,6,2025-23,0,3,6,1,3,6,2,3,6,5,3,6,323.38120000000004,382.81899999999996,197.726,-7.157799999999995,323.38120000000004,382.81899999999996,197.726,7.157799999999995
2025-06-12 00:00:00+00:00,long_dry,final_eval,0.0,0.0,0.0,999,0,3,6,2025-23,1,3,6,2,3,6,3,3,6,6,3,6,385.4053,247.59950000000003,133.5165,-0.2521899999999988,385.4053,247.59950000000003,133.5165,0.2521899999999988
2025-06-12 01:00:00+00:00,long_dry,final_eval,0.0,0.0,0.0,999,1,3,6,2025-23,2,3,6,3,3,6,4,3,6,7,3,6,182.85770000000002,98.64931999999999,26.94762,-16.992825000000003,182.85770000000002,98.64931999999999,26.94762,16.992825000000003
2025-06-12 02:00:00+00:00,long_dry,final_eval,0.0,0.0,0.0,999,2,3,6,2025-23,3,3,6,4,3,6,5,3,6,8,3,6,-5.182860000000005,-6.647899999999993,20.136799999999994,20.079082,5.182860000000005,6.647899999999993,20.136799999999994,20.079082
2025-06-12 03:00:00+00:00,long_dry,final_eval,0.0,0.0,0.0,999,3,3,6,2025-23,4,3,6,5,3,6,6,3,6,9,3,6,-33.91171,1.6872999999999934,4.447519999999997,83.58615,33.91171,1.6872999999999934,4.447519999999997,83.58615
2025-06-12 04:00:00+00:00,long_dry,final_eval,0.0,0.0,0.0,999,4,3,6,2025-23,5,3,6,6,3,6,7,3,6,10,3,6,11.256569999999996,21.4829,-8.318750000000001,262.1355,11.256569999999996,21.4829,8.318750000000001,262.1355
2025-06-12 05:00:00+00:00,long_dry,final_eval,0.0,0.0,0.0,999,5,3,6,2025-23,6,3,6,7,3,6,8,3,6,11,3,6,21.109623,-9.088272000000003,29.840719999999997,366.17449999999997,21.109623,9.088272000000003,29.840719999999997,366.17449999999997
2025-06-12 06:00:00+00:00,long_dry,final_eval,0.0,0.0,0.0,999,6,3,6,2025-23,7,3,6,8,3,6,9,3,6,12,3,6,-7.736564999999999,24.266537,109.60597,634.8486,7.736564999999999,24.266537,109.60597,634.8486
2025-06-12 07:00:00+00:00,long_dry,final_eval,0.0,0.0,0.0,999,7,3,6,2025-23,8,3,6,9,3,6,10,3,6,13,3,6,27.824944000000002,119.792305,250.99088,33.33179999999993,27.824944000000002,119.792305,250.99088,33.33179999999993
2025-06-12 08:00:00+00:00,long_dry,final_eval,0.0,0.0,0.0,999,8,3,6,2025-23,9,3,6,10,3,6,11,3,6,14,3,6,90.3328,190.63,249.7427,-28.704600000000028,90.3328,190.63,249.7427,28.704600000000028
2025-06-12 09:00:00+00:00,long_dry,final_eval,0.0,0.0,0.0,999,9,3,6,2025-23,10,3,6,11,3,6,12,3,6,15,3,6,-37.93853999999999,108.43489999999997,667.5420999999999,-133.5628999999999,37.93853999999999,108.43489999999997,667.5420999999999,133.5628999999999
2025-06-12 10:00:00+00:00,long_dry,final_eval,0.0,0.0,0.0,999,10,3,6,2025-23,11,3,6,12,3,6,13,3,6,16,3,6,114.67270000000008,668.0056999999999,2.062599999999975,-20.542500000000018,114.67270000000008,668.0056999999999,2.062599999999975,20.542500000000018
2025-06-12 11:00:00+00:00,long_dry,final_eval,0.0,0.0,0.0,999,11,3,6,2025-23,12,3,6,13,3,6,14,3,6,17,3,6,598.7373,-7.268900000000031,-186.79719999999998,72.02929999999992,598.7373,7.268900000000031,186.79719999999998,72.02929999999992
2025-06-12 12:00:00+00:00,long_dry,final_eval,0.0,0.0,0.0,999,12,3,6,2025-23,13,3,6,14,3,6,15,3,6,18,3,6,-154.67489999999998,-337.27729999999997,-101.86470000000008,-0.20019999999999527,154.67489999999998,337.27729999999997,101.86470000000008,0.20019999999999527
2025-06-12 13:00:00+00:00,long_dry,final_eval,0.0,0.0,0.0,999,13,3,6,2025-23,14,3,6,15,3,6,16,3,6,19,3,6,-125.5036,-1.1766400000000203,8.504200000000083,268.31600000000003,125.5036,1.1766400000000203,8.504200000000083,268.31600000000003
2025-06-12 14:00:00+00:00,long_dry,final_eval,0.0,0.0,0.0,999,14,3,6,2025-23,15,3,6,16,3,6,17,3,6,20,3,6,165.76390000000004,211.37869999999998,117.60580000000004,145.1957,165.76390000000004,211.37869999999998,117.60580000000004,145.1957
2025-06-12 15:00:00+00:00,long_dry,final_eval,0.0,0.0,0.0,999,15,3,6,2025-23,16,3,6,17,3,6,18,3,6,21,3,6,105.53229999999996,84.65329999999994,-110.16740000000004,659.6532,105.53229999999996,84.65329999999994,110.16740000000004,659.6532
2025-06-12 16:00:00+00:00,long_dry,final_eval,0.0,0.0,0.0,999,16,3,6,2025-23,17,3,6,18,3,6,19,3,6,22,3,6,109.19599999999991,-33.791099999999915,215.59660000000008,675.2150999999999,109.19599999999991,33.791099999999915,215.59660000000008,675.2150999999999
2025-06-12 17:00:00+00:00,long_dry,final_eval,0.0,0.0,0.0,999,17,3,6,2025-23,18,3,6,19,3,6,20,3,6,23,3,6,-173.71620000000007,33.70720000000006,146.9529,605.8285000000001,173.71620000000007,33.70720000000006,146.9529,605.8285000000001
2025-06-12 18:00:00+00:00,long_dry,final_eval,0.0,0.0,0.0,999,18,3,6,2025-23,19,3,6,20,3,6,21,3,6,0,4,6,190.49990000000003,230.7267999999999,772.1554000000001,491.7493999999999,190.49990000000003,230.7267999999999,772.1554000000001,491.7493999999999
2025-06-12 19:00:00+00:00,long_dry,final_eval,0.0,0.0,0.0,999,19,3,6,2025-23,20,3,6,21,3,6,22,3,6,1,4,6,-46.70959999999991,534.1765,691.2333000000001,347.2369,46.70959999999991,534.1765,691.2333000000001,347.2369
2025-06-12 20:00:00+00:00,long_dry,final_eval,0.0,0.0,0.0,999,20,3,6,2025-23,21,3,6,22,3,6,23,3,6,2,4,6,595.1858,533.1882,420.4556,204.65329999999994,595.1858,533.1882,420.4556,204.65329999999994
2025-06-12 21:00:00+00:00,long_dry,final_eval,0.0,0.0,0.0,999,21,3,6,2025-23,22,3,6,23,3,6,0,4,6,3,4,6,545.635,336.2682,298.3900000000001,117.10775999999998,545.635,336.2682,298.3900000000001,117.10775999999998
2025-06-12 22:00:00+00:00,long_dry,final_eval,0.0,0.0,0.0,999,22,3,6,2025-23,23,3,6,0,4,6,1,4,6,4,4,6,530.5352,361.8040000000001,331.86847,51.067499999999995,530.5352,361.8040000000001,331.86847,51.067499999999995
2025-06-12 23:00:00+00:00,long_dry,final_eval,0.0,0.0,0.0,999,23,3,6,2025-23,0,4,6,1,4,6,2,4,6,5,4,6,299.52199999999993,295.13855,152.54192999999998,-18.09604999999999,299.52199999999993,295.13855,152.54192999999998,18.09604999999999
2025-06-13 00:00:00+00:00,long_dry,final_eval,0.0,0.0,0.0,999,0,4,6,2025-23,1,4,6,2,4,6,3,4,6,6,4,6,301.91486,201.36316,164.5093,-16.722030000000004,301.91486,201.36316,164.5093,16.722030000000004
2025-06-13 01:00:00+00:00,long_dry,final_eval,0.0,0.0,0.0,999,1,4,6,2025-23,2,4,6,3,4,6,4,4,6,7,4,6,129.07150000000001,114.18579999999997,63.16031000000001,-12.301136,129.07150000000001,114.18579999999997,63.16031000000001,12.301136
2025-06-13 02:00:00+00:00,long_dry,final_eval,0.0,0.0,0.0,999,2,4,6,2025-23,3,4,6,4,4,6,5,4,6,8,4,6,34.426759999999945,43.317020000000014,5.720889999999997,28.980620000000002,34.426759999999945,43.317020000000014,5.720889999999997,28.980620000000002
2025-06-13 03:00:00+00:00,long_dry,final_eval,0.0,0.0,0.0,999,3,4,6,2025-23,4,4,6,5,4,6,6,4,6,9,4,6,1.2718499999999722,-12.700819999999993,-14.021799999999999,68.58878000000001,1.2718499999999722,12.700819999999993,14.021799999999999,68.58878000000001
2025-06-13 04:00:00+00:00,long_dry,final_eval,0.0,0.0,0.0,999,4,4,6,2025-23,5,4,6,6,4,6,7,4,6,10,4,6,-14.103010000000012,-3.96472,-2.247653999999997,228.63373,14.103010000000012,3.96472,2.247653999999997,228.63373
2025-06-13 05:00:00+00:00,long_dry,final_eval,0.0,0.0,0.0,999,5,4,6,2025-23,6,4,6,7,4,6,8,4,6,11,4,6,13.632213999999998,7.836154999999998,44.08168,149.89480000000003,13.632213999999998,7.836154999999998,44.08168,149.89480000000003
2025-06-13 06:00:00+00:00,long_dry,final_eval,0.0,0.0,0.0,999,6,4,6,2025-23,7,4,6,8,4,6,9,4,6,12,4,6,10.497672999999999,40.99212,106.16741,192.2422999999999,10.497672999999999,40.99212,106.16741,192.2422999999999
2025-06-13 07:00:00+00:00,long_dry,final_eval,0.0,0.0,0.0,999,7,4,6,2025-23,8,4,6,9,4,6,10,4,6,13,4,6,38.61399,112.761665,194.94400000000002,37.02340000000004,38.61399,112.761665,194.94400000000002,37.02340000000004
2025-06-13 08:00:00+00:00,long_dry,final_eval,0.0,0.0,0.0,999,8,4,6,2025-23,9,4,6,10,4,6,11,4,6,14,4,6,60.93167,120.11523,37.23779999999999,92.49810000000002,60.93167,120.11523,37.23779999999999,92.49810000000002
2025-06-13 09:00:00+00:00,long_dry,final_eval,0.0,0.0,0.0,999,9,4,6,2025-23,10,4,6,11,4,6,12,4,6,15,4,6,-42.04974000000004,-30.257299999999987,281.06140000000005,84.9357,42.04974000000004,30.257299999999987,281.06140000000005,84.9357
2025-06-13 10:00:00+00:00,long_dry,final_eval,0.0,0.0,0.0,999,10,4,6,2025-23,11,4,6,12,4,6,13,4,6,16,4,6,-44.913599999999974,288.11850000000004,20.93249999999989,75.98299999999995,44.913599999999974,288.11850000000004,20.93249999999989,75.98299999999995
2025-06-13 11:00:00+00:00,long_dry,final_eval,0.0,0.0,0.0,999,11,4,6,2025-23,12,4,6,13,4,6,14,4,6,17,4,6,250.30860000000007,-45.59159999999997,-137.20910000000003,194.01389999999992,250.30860000000007,45.59159999999997,137.20910000000003,194.01389999999992
2025-06-13 12:00:00+00:00,long_dry,final_eval,0.0,0.0,0.0,999,12,4,6,2025-23,13,4,6,14,4,6,15,4,6,18,4,6,-78.01999999999998,-136.8678,80.21419999999989,360.8584000000001,78.01999999999998,136.8678,80.21419999999989,360.8584000000001
2025-06-13 13:00:00+00:00,long_dry,final_eval,0.0,0.0,0.0,999,13,4,6,2025-23,14,4,6,15,4,6,16,4,6,19,4,6,-18.680399999999963,103.03939999999989,131.17550000000006,610.0229999999999,18.680399999999963,103.03939999999989,131.17550000000006,610.0229999999999
2025-06-13 14:00:00+00:00,long_dry,final_eval,0.0,0.0,0.0,999,14,4,6,2025-23,15,4,6,16,4,6,17,4,6,20,4,6,190.30150000000003,187.97569999999996,170.19370000000004,386.2026000000001,190.30150000000003,187.97569999999996,170.19370000000004,386.2026000000001
2025-06-13 15:00:00+00:00,long_dry,final_eval,0.0,0.0,0.0,999,15,4,6,2025-23,16,4,6,17,4,6,18,4,6,21,4,6,264.5718999999999,360.0231000000001,380.3065999999999,653.6461999999999,264.5718999999999,360.0231000000001,380.3065999999999,653.6461999999999
2025-06-13 16:00:00+00:00,long_dry,final_eval,0.0,0.0,0.0,999,16,4,6,2025-23,17,4,6,18,4,6,19,4,6,22,4,6,182.6011000000001,245.3982000000001,446.4831999999999,554.9945,182.6011000000001,245.3982000000001,446.4831999999999,554.9945
2025-06-13 17:00:00+00:00,long_dry,final_eval,0.0,0.0,0.0,999,17,4,6,2025-23,18,4,6,19,4,6,20,4,6,23,4,6,116.1597999999999,273.86799999999994,253.60519999999997,304.00260000000003,116.1597999999999,273.86799999999994,253.60519999999997,304.00260000000003
2025-06-13 18:00:00+00:00,long_dry,final_eval,0.0,0.0,0.0,999,18,4,6,2025-23,19,4,6,20,4,6,21,4,6,0,5,6,186.8825999999999,57.67900000000009,694.7363,-584.0302999999999,186.8825999999999,57.67900000000009,694.7363,584.0302999999999
2025-06-13 19:00:00+00:00,long_dry,final_eval,0.0,0.0,0.0,999,19,4,6,2025-23,20,4,6,21,4,6,22,4,6,1,5,6,116.26870000000008,586.1602,444.9570000000001,-590.05634,116.26870000000008,586.1602,444.9570000000001,590.05634
2025-06-13 20:00:00+00:00,long_dry,final_eval,0.0,0.0,0.0,999,20,4,6,2025-23,21,4,6,22,4,6,23,4,6,2,5,6,773.7122999999999,447.7255,119.19949999999994,-208.73157000000003,773.7122999999999,447.7255,119.19949999999994,208.73157000000003
2025-06-13 21:00:00+00:00,long_dry,final_eval,0.0,0.0,0.0,999,21,4,6,2025-23,22,4,6,23,4,6,0,5,6,3,5,6,313.04140000000007,21.529199999999946,-821.3785,102.50649999999996,313.04140000000007,21.529199999999946,821.3785,102.50649999999996
2025-06-14 08:00:00+00:00,recovery,final_eval,0.0,15.7,15.7,1,8,5,6,2025-23,9,5,6,10,5,6,11,5,6,14,5,6,44.4543,62.79651999999999,-25.49939999999998,177.98739999999998,44.4543,62.79651999999999,25.49939999999998,177.98739999999998
2025-06-14 09:00:00+00:00,recovery,final_eval,0.0,15.7,15.7,2,9,5,6,2025-23,10,5,6,11,5,6,12,5,6,15,5,6,-65.84933000000001,-196.029,-259.32965,265.9465,65.84933000000001,196.029,259.32965,265.9465
2025-06-14 10:00:00+00:00,recovery,final_eval,0.0,15.7,15.7,3,10,5,6,2025-23,11,5,6,12,5,6,13,5,6,16,5,6,-215.55700000000002,-257.51793999999995,-34.015300000000025,315.6292000000001,215.55700000000002,257.51793999999995,34.015300000000025,315.6292000000001
2025-06-14 14:00:00+00:00,recovery,final_eval,0.0,12.0,16.3,1,14,5,6,2025-23,15,5,6,16,5,6,17,5,6,20,5,6,57.45859999999993,106.2686000000001,100.83040000000005,394.0809999999999,57.45859999999993,106.2686000000001,100.83040000000005,394.0809999999999
2025-06-15 00:00:00+00:00,recovery,final_eval,0.0,5.499999999999999,20.7,1,0,6,6,2025-24,1,6,6,2,6,6,3,6,6,6,6,6,105.76599999999996,147.27655000000004,-19.353939999999966,8.34366,105.76599999999996,147.27655000000004,19.353939999999966,8.34366
2025-06-15 10:00:00+00:00,recovery,final_eval,0.0,22.0,27.100000000000005,1,10,6,6,2025-24,11,6,6,12,6,6,13,6,6,16,6,6,-232.65825999999998,-333.66949999999997,-261.97864000000004,-10.830400000000054,232.65825999999998,333.66949999999997,261.97864000000004,10.830400000000054
2025-06-15 13:00:00+00:00,recovery,final_eval,0.0,21.8,27.300000000000004,1,13,6,6,2025-24,14,6,6,15,6,6,16,6,6,19,6,6,-112.59809999999993,-35.13059999999996,-4.0125000000000455,29.0012999999999,112.59809999999993,35.13059999999996,4.0125000000000455,29.0012999999999
2025-06-15 14:00:00+00:00,recovery,final_eval,0.0,19.0,26.700000000000003,2,14,6,6,2025-24,15,6,6,16,6,6,17,6,6,20,6,6,-77.6377,-107.87840000000006,-144.2283,1.8031000000000859,77.6377,107.87840000000006,144.2283,1.8031000000000859
2025-06-16 22:00:00+00:00,recovery,final_eval,0.0,19.0,48.5,1,22,0,6,2025-24,23,0,6,0,1,6,1,1,6,4,1,6,-142.6398999999999,-34.44794000000002,17.77344000000005,3.788019999999989,142.6398999999999,34.44794000000002,17.77344000000005,3.788019999999989
2025-06-16 23:00:00+00:00,recovery,final_eval,0.0,16.1,48.3,2,23,0,6,2025-24,0,1,6,1,1,6,2,1,6,5,1,6,42.31934000000001,60.533750000000055,-77.6705,-6.312100000000001,42.31934000000001,60.533750000000055,77.6705,6.312100000000001
2025-06-17 00:00:00+00:00,recovery,final_eval,0.0,14.9,48.3,3,0,1,6,2025-24,1,1,6,2,1,6,3,1,6,6,1,6,45.92926,-51.77294999999998,2.3894500000000107,-7.3247069999999965,45.92926,51.77294999999998,2.3894500000000107,7.3247069999999965
2025-06-18 22:00:00+00:00,recovery,final_eval,0.0,10.299999999999999,10.799999999999999,1,22,2,6,2025-24,23,2,6,0,3,6,1,3,6,4,3,6,-120.17380000000003,32.925700000000006,78.47879999999998,97.55179999999999,120.17380000000003,32.925700000000006,78.47879999999998,97.55179999999999
2025-06-18 23:00:00+00:00,recovery,final_eval,0.0,10.299999999999999,10.6,2,23,2,6,2025-24,0,3,6,1,3,6,2,3,6,5,3,6,-23.224099999999908,37.260599999999954,92.25072999999998,22.06389,23.224099999999908,37.260599999999954,92.25072999999998,22.06389
2025-06-19 00:00:00+00:00,recovery,final_eval,0.0,10.299999999999999,10.299999999999999,3,0,3,6,2025-24,1,3,6,2,3,6,3,3,6,6,3,6,105.16895,167.05489999999998,261.94095,4.606223999999997,105.16895,167.05489999999998,261.94095,4.606223999999997
2025-06-19 02:00:00+00:00,recovery,final_eval,0.0,10.399999999999999,10.399999999999999,1,2,3,6,2025-24,3,3,6,4,3,6,5,3,6,8,3,6,122.07319999999999,98.07123000000001,54.21759,23.377827000000003,122.07319999999999,98.07123000000001,54.21759,23.377827000000003
2025-06-19 03:00:00+00:00,recovery,final_eval,0.0,10.2,10.399999999999999,2,3,3,6,2025-24,4,3,6,5,3,6,6,3,6,9,3,6,20.51477,17.435590000000005,6.3070299999999975,38.371219999999994,20.51477,17.435590000000005,6.3070299999999975,38.371219999999994
2025-06-19 04:00:00+00:00,recovery,final_eval,0.0,9.0,10.399999999999999,3,4,3,6,2025-24,5,3,6,6,3,6,7,3,6,10,3,6,-0.28137000000000967,5.696640000000002,0.22457500000000152,85.08362,0.28137000000000967,5.696640000000002,0.22457500000000152,85.08362
2025-06-20 00:00:00+00:00,recovery,final_eval,0.0,7.7,7.8,1,0,4,6,2025-24,1,4,6,2,4,6,3,4,6,6,4,6,-35.44309999999996,144.61720000000003,190.69785000000002,11.955330000000004,35.44309999999996,144.61720000000003,190.69785000000002,11.955330000000004
2025-06-20 02:00:00+00:00,recovery,final_eval,0.0,7.8,7.8,1,2,4,6,2025-24,3,4,6,4,4,6,5,4,6,8,4,6,34.789999999999964,20.285030000000006,42.500969999999995,15.117553999999998,34.789999999999964,20.285030000000006,42.500969999999995,15.117553999999998
2025-06-20 03:00:00+00:00,recovery,final_eval,0.0,7.8,7.8,2,3,4,6,2025-24,4,4,6,5,4,6,6,4,6,9,4,6,-3.4452,31.991330000000005,15.918229999999994,24.663970000000006,3.4452,31.991330000000005,15.918229999999994,24.663970000000006
2025-06-20 04:00:00+00:00,recovery,final_eval,0.0,7.8,7.8,3,4,4,6,2025-24,5,4,6,6,4,6,7,4,6,10,4,6,34.18114,31.654269999999997,10.908886000000003,195.96487,34.18114,31.654269999999997,10.908886000000003,195.96487
2025-06-21 00:00:00+00:00,recent_rain,final_eval,0.0,1.7000000000000002,1.8000000000000003,3,0,5,6,2025-24,1,5,6,2,5,6,3,5,6,6,5,6,302.2560000000001,189.64959999999996,240.70734000000004,44.549679999999995,302.2560000000001,189.64959999999996,240.70734000000004,44.549679999999995
2025-06-21 01:00:00+00:00,recent_rain,final_eval,0.0,1.7000000000000002,1.8000000000000003,4,1,5,6,2025-24,2,5,6,3,5,6,4,5,6,7,5,6,139.9461,190.03827,86.16073999999998,-9.26603,139.9461,190.03827,86.16073999999998,9.26603
2025-06-21 02:00:00+00:00,recent_rain,final_eval,0.0,1.7000000000000002,1.7000000000000002,5,2,5,6,2025-24,3,5,6,4,5,6,5,5,6,8,5,6,95.56696,11.917850000000044,52.06268,-11.172905,95.56696,11.917850000000044,52.06268,11.172905
2025-06-21 03:00:00+00:00,recent_rain,final_eval,0.0,1.7000000000000002,1.7000000000000002,6,3,5,6,2025-24,4,5,6,5,5,6,6,5,6,9,5,6,-66.31084999999996,29.42840000000001,27.568759999999997,6.959114,66.31084999999996,29.42840000000001,27.568759999999997,6.959114
2025-06-21 04:00:00+00:00,recent_rain,final_eval,0.0,1.7000000000000002,1.7000000000000002,7,4,5,6,2025-24,5,5,6,6,5,6,7,5,6,10,5,6,59.469539999999995,-14.75193999999999,-28.78908,50.319500000000005,59.469539999999995,14.75193999999999,28.78908,50.319500000000005
2025-06-21 05:00:00+00:00,recent_rain,final_eval,0.0,1.7000000000000002,1.7000000000000002,8,5,5,6,2025-24,6,5,6,7,5,6,8,5,6,11,5,6,-28.835970000000003,-33.110749999999996,-32.95815,54.687869999999975,28.835970000000003,33.110749999999996,32.95815,54.687869999999975
2025-06-21 06:00:00+00:00,recent_rain,final_eval,0.0,1.5000000000000002,1.7000000000000002,9,6,5,6,2025-24,7,5,6,8,5,6,9,5,6,12,5,6,15.207440000000005,-2.633189999999999,43.092415,68.10724000000005,15.207440000000005,2.633189999999999,43.092415,68.10724000000005
2025-06-21 07:00:00+00:00,recent_rain,final_eval,0.0,1.2000000000000002,1.7000000000000002,10,7,5,6,2025-24,8,5,6,9,5,6,10,5,6,13,5,6,5.167144999999998,44.15748000000001,75.97076000000001,15.612699999999904,5.167144999999998,44.15748000000001,75.97076000000001,15.612699999999904
2025-06-22 21:00:00+00:00,long_dry,final_eval,0.0,0.0,0.0,999,21,6,6,2025-25,22,6,6,23,6,6,0,0,6,3,0,6,57.912199999999984,90.63370000000009,111.90249999999992,25.005600000000015,57.912199999999984,90.63370000000009,111.90249999999992,25.005600000000015
2025-06-22 22:00:00+00:00,long_dry,final_eval,0.0,0.0,0.0,999,22,6,6,2025-25,23,6,6,0,0,6,1,0,6,4,0,6,2.0570000000000164,104.59830000000011,42.25819999999999,20.73026999999999,2.0570000000000164,104.59830000000011,42.25819999999999,20.73026999999999
2025-06-22 23:00:00+00:00,long_dry,final_eval,0.0,0.0,0.0,999,23,6,6,2025-25,0,0,6,1,0,6,2,0,6,5,0,6,142.8843999999999,108.05730000000005,131.98865,-19.837943999999993,142.8843999999999,108.05730000000005,131.98865,19.837943999999993
2025-06-23 00:00:00+00:00,long_dry,final_eval,0.0,0.0,0.0,999,0,0,6,2025-25,1,0,6,2,0,6,3,0,6,6,0,6,82.88580000000002,164.36523,180.36002000000002,26.006120000000003,82.88580000000002,164.36523,180.36002000000002,26.006120000000003
2025-06-23 01:00:00+00:00,long_dry,final_eval,0.0,0.0,0.0,999,1,0,6,2025-25,2,0,6,3,0,6,4,0,6,7,0,6,126.00085000000001,140.95477,60.19824,10.582152999999998,126.00085000000001,140.95477,60.19824,10.582152999999998
2025-06-23 02:00:00+00:00,long_dry,final_eval,0.0,0.0,0.0,999,2,0,6,2025-25,3,0,6,4,0,6,5,0,6,8,0,6,12.888059999999996,15.975480000000005,-7.9007000000000005,19.230232,12.888059999999996,15.975480000000005,7.9007000000000005,19.230232
2025-06-23 03:00:00+00:00,long_dry,final_eval,0.0,0.0,0.0,999,3,0,6,2025-25,4,0,6,5,0,6,6,0,6,9,0,6,-8.999239999999986,-25.07817,16.467380000000006,44.568923999999996,8.999239999999986,25.07817,16.467380000000006,44.568923999999996
2025-06-23 04:00:00+00:00,long_dry,final_eval,0.0,0.0,0.0,999,4,0,6,2025-25,5,0,6,6,0,6,7,0,6,10,0,6,-24.278599999999997,28.774062999999998,12.337539999999997,298.45826999999997,24.278599999999997,28.774062999999998,12.337539999999997,298.45826999999997
2025-06-23 05:00:00+00:00,long_dry,final_eval,0.0,0.0,0.0,999,5,0,6,2025-25,6,0,6,7,0,6,8,0,6,11,0,6,40.560795,19.48429,28.581561999999998,195.37036,40.560795,19.48429,28.581561999999998,195.37036
2025-06-23 06:00:00+00:00,long_dry,final_eval,0.0,0.0,0.0,999,6,0,6,2025-25,7,0,6,8,0,6,9,0,6,12,0,6,13.451390000000004,16.326492000000002,64.79135,170.1069,13.451390000000004,16.326492000000002,64.79135,170.1069
2025-06-23 07:00:00+00:00,long_dry,final_eval,0.0,0.0,0.0,999,7,0,6,2025-25,8,0,6,9,0,6,10,0,6,13,0,6,17.070587000000003,74.380615,277.2052,-152.39969999999994,17.070587000000003,74.380615,277.2052,152.39969999999994
2025-06-23 08:00:00+00:00,long_dry,final_eval,0.0,0.0,0.0,999,8,0,6,2025-25,9,0,6,10,0,6,11,0,6,14,0,6,42.977689999999996,205.61676,86.11040000000003,-66.89959999999996,42.977689999999996,205.61676,86.11040000000003,66.89959999999996
2025-06-23 09:00:00+00:00,long_dry,final_eval,0.0,0.0,0.0,999,9,0,6,2025-25,10,0,6,11,0,6,12,0,6,15,0,6,33.589170000000024,-13.909599999999955,166.4154000000001,-236.01229999999998,33.589170000000024,13.909599999999955,166.4154000000001,236.01229999999998
2025-06-23 10:00:00+00:00,long_dry,final_eval,0.0,0.0,0.0,999,10,0,6,2025-25,11,0,6,12,0,6,13,0,6,16,0,6,-77.04109999999991,138.55099999999993,-206.5619999999999,-109.8445999999999,77.04109999999991,138.55099999999993,206.5619999999999,109.8445999999999
2025-06-23 11:00:00+00:00,long_dry,final_eval,0.0,0.0,0.0,999,11,0,6,2025-25,12,0,6,13,0,6,14,0,6,17,0,6,122.1253999999999,-277.56510000000003,-331.73019999999997,-100.31410000000005,122.1253999999999,277.56510000000003,331.73019999999997,100.31410000000005
2025-06-23 12:00:00+00:00,long_dry,final_eval,0.0,0.0,0.0,999,12,0,6,2025-25,13,0,6,14,0,6,15,0,6,18,0,6,-308.5398,-327.8019999999999,-204.063,21.3134,308.5398,327.8019999999999,204.063,21.3134
2025-06-23 13:00:00+00:00,long_dry,final_eval,0.0,0.0,0.0,999,13,0,6,2025-25,14,0,6,15,0,6,16,0,6,19,0,6,-202.5802,-201.12176999999997,-138.33230000000003,-95.25379999999996,202.5802,201.12176999999997,138.33230000000003,95.25379999999996
2025-06-23 14:00:00+00:00,long_dry,final_eval,0.0,0.0,0.0,999,14,0,6,2025-25,15,0,6,16,0,6,17,0,6,20,0,6,36.826400000000035,111.50573999999995,7.69695999999999,-94.11940000000004,36.826400000000035,111.50573999999995,7.69695999999999,94.11940000000004
2025-06-23 15:00:00+00:00,long_dry,final_eval,0.0,0.0,0.0,999,15,0,6,2025-25,16,0,6,17,0,6,18,0,6,21,0,6,70.02954,19.767000000000053,-57.30359999999996,282.87339999999995,70.02954,19.767000000000053,57.30359999999996,282.87339999999995
2025-06-23 16:00:00+00:00,long_dry,final_eval,0.0,0.0,0.0,999,16,0,6,2025-25,17,0,6,18,0,6,19,0,6,22,0,6,-30.432800000000043,-57.58200000000011,-158.04330000000004,267.88779999999997,30.432800000000043,57.58200000000011,158.04330000000004,267.88779999999997
2025-06-23 17:00:00+00:00,long_dry,final_eval,0.0,0.0,0.0,999,17,0,6,2025-25,18,0,6,19,0,6,20,0,6,23,0,6,-74.33739999999989,-257.25559999999996,-121.42879999999991,203.81310000000008,74.33739999999989,257.25559999999996,121.42879999999991,203.81310000000008
2025-06-23 18:00:00+00:00,long_dry,final_eval,0.0,0.0,0.0,999,18,0,6,2025-25,19,0,6,20,0,6,21,0,6,0,1,6,-257.7748999999999,-151.779,286.41499999999996,454.59849999999994,257.7748999999999,151.779,286.41499999999996,454.59849999999994
2025-06-23 19:00:00+00:00,long_dry,final_eval,0.0,0.0,0.0,999,19,0,6,2025-25,20,0,6,21,0,6,22,0,6,1,1,6,62.196699999999964,387.2584999999999,317.2681,244.40959999999995,62.196699999999964,387.2584999999999,317.2681,244.40959999999995
2025-06-23 20:00:00+00:00,long_dry,final_eval,0.0,0.0,0.0,999,20,0,6,2025-25,21,0,6,22,0,6,23,0,6,2,1,6,223.50150000000008,119.42769999999996,107.9185,111.98334,223.50150000000008,119.42769999999996,107.9185,111.98334
2025-06-23 21:00:00+00:00,long_dry,final_eval,0.0,0.0,0.0,999,21,0,6,2025-25,22,0,6,23,0,6,0,1,6,3,1,6,118.32950000000005,31.232999999999947,271.87110000000007,59.02533,118.32950000000005,31.232999999999947,271.87110000000007,59.02533
2025-06-23 22:00:00+00:00,long_dry,final_eval,0.0,0.0,0.0,999,22,0,6,2025-25,23,0,6,0,1,6,1,1,6,4,1,6,217.0139999999999,355.0488,244.99720000000002,34.75364999999999,217.0139999999999,355.0488,244.99720000000002,34.75364999999999
2025-06-23 23:00:00+00:00,long_dry,final_eval,0.0,0.0,0.0,999,23,0,6,2025-25,0,1,6,1,1,6,2,1,6,5,1,6,243.03880000000004,155.93242999999995,33.45309999999995,-5.743129999999994,243.03880000000004,155.93242999999995,33.45309999999995,5.743129999999994
2025-06-24 00:00:00+00:00,long_dry,final_eval,0.0,0.0,0.0,999,0,1,6,2025-25,1,1,6,2,1,6,3,1,6,6,1,6,145.34000000000003,66.15764999999999,97.35552999999999,2.672870000000003,145.34000000000003,66.15764999999999,97.35552999999999,2.672870000000003
2025-06-24 01:00:00+00:00,long_dry,final_eval,0.0,0.0,0.0,999,1,1,6,2025-25,2,1,6,3,1,6,4,1,6,7,1,6,44.59424000000001,74.50162,31.46338,0.6312500000000014,44.59424000000001,74.50162,31.46338,0.6312500000000014
2025-06-24 02:00:00+00:00,long_dry,final_eval,0.0,0.0,0.0,999,2,1,6,2025-25,3,1,6,4,1,6,5,1,6,8,1,6,-10.374239999999986,6.894239999999996,6.180139999999994,28.10445,10.374239999999986,6.894239999999996,6.180139999999994,28.10445
2025-06-24 03:00:00+00:00,long_dry,final_eval,0.0,0.0,0.0,999,3,1,6,2025-25,4,1,6,5,1,6,6,1,6,9,1,6,-20.736130000000003,-7.214280000000002,-1.463313999999997,74.00486,20.736130000000003,7.214280000000002,1.463313999999997,74.00486
2025-06-24 04:00:00+00:00,long_dry,final_eval,0.0,0.0,0.0,999,4,1,6,2025-25,5,1,6,6,1,6,7,1,6,10,1,6,0.011840000000006512,11.029068000000002,5.4073139999999995,271.88358,0.011840000000006512,11.029068000000002,5.4073139999999995,271.88358
2025-06-24 05:00:00+00:00,long_dry,final_eval,0.0,0.0,0.0,999,5,1,6,2025-25,6,1,6,7,1,6,8,1,6,11,1,6,14.624077,6.909020000000002,38.164185,359.3452,14.624077,6.909020000000002,38.164185,359.3452
2025-06-24 06:00:00+00:00,long_dry,final_eval,0.0,0.0,0.0,999,6,1,6,2025-25,7,1,6,8,1,6,9,1,6,12,1,6,3.4705280000000016,27.346760000000003,88.174835,324.94229999999993,3.4705280000000016,27.346760000000003,88.174835,324.94229999999993
2025-06-24 07:00:00+00:00,long_dry,final_eval,0.0,0.0,0.0,999,7,1,6,2025-25,8,1,6,9,1,6,10,1,6,13,1,6,30.456851999999998,99.08587,274.02417,-113.15930000000003,30.456851999999998,99.08587,274.02417,113.15930000000003
2025-06-24 08:00:00+00:00,long_dry,final_eval,0.0,0.0,0.0,999,8,1,6,2025-25,9,1,6,10,1,6,11,1,6,14,1,6,68.08041,221.15456999999998,238.288,-150.34770000000003,68.08041,221.15456999999998,238.288,150.34770000000003
2025-06-24 09:00:00+00:00,long_dry,final_eval,0.0,0.0,0.0,999,9,1,6,2025-25,10,1,6,11,1,6,12,1,6,15,1,6,49.469100000000026,130.72810000000004,368.19679999999994,-311.51570000000004,49.469100000000026,130.72810000000004,368.19679999999994,311.51570000000004
2025-06-24 10:00:00+00:00,long_dry,final_eval,0.0,0.0,0.0,999,10,1,6,2025-25,11,1,6,12,1,6,13,1,6,16,1,6,95.72469999999998,357.1554000000001,-147.81619999999998,-61.61760000000004,95.72469999999998,357.1554000000001,147.81619999999998,61.61760000000004
2025-06-24 11:00:00+00:00,long_dry,final_eval,0.0,0.0,0.0,999,11,1,6,2025-25,12,1,6,13,1,6,14,1,6,17,1,6,302.7899,-184.029,-367.41600000000005,-135.2460000000001,302.7899,184.029,367.41600000000005,135.2460000000001
2025-06-24 12:00:00+00:00,long_dry,final_eval,0.0,0.0,0.0,999,12,1,6,2025-25,13,1,6,14,1,6,15,1,6,18,1,6,-298.4521,-462.93180000000007,-284.155,-44.73199999999997,298.4521,462.93180000000007,284.155,44.73199999999997
2025-06-24 13:00:00+00:00,long_dry,final_eval,0.0,0.0,0.0,999,13,1,6,2025-25,14,1,6,15,1,6,16,1,6,19,1,6,-277.1355,-231.9633,-48.552099999999996,-14.998700000000099,277.1355,231.9633,48.552099999999996,14.998700000000099
2025-06-24 14:00:00+00:00,long_dry,final_eval,0.0,0.0,0.0,999,14,1,6,2025-25,15,1,6,16,1,6,17,1,6,20,1,6,22.364869999999996,200.08704,-20.090799999999945,16.05880000000002,22.364869999999996,200.08704,20.090799999999945,16.05880000000002
2025-06-24 15:00:00+00:00,long_dry,final_eval,0.0,0.0,0.0,999,15,1,6,2025-25,16,1,6,17,1,6,18,1,6,21,1,6,175.3034,-7.025629999999978,-99.73839999999996,419.4448,175.3034,7.025629999999978,99.73839999999996,419.4448
2025-06-24 16:00:00+00:00,long_dry,final_eval,0.0,0.0,0.0,999,16,1,6,2025-25,17,1,6,18,1,6,19,1,6,22,1,6,-145.9777999999999,-182.9996000000001,-118.60699999999997,293.6033,145.9777999999999,182.9996000000001,118.60699999999997,293.6033
2025-06-24 17:00:00+00:00,long_dry,final_eval,0.0,0.0,0.0,999,17,1,6,2025-25,18,1,6,19,1,6,20,1,6,23,1,6,-43.18329999999992,-13.62779999999998,179.51880000000006,455.558,43.18329999999992,13.62779999999998,179.51880000000006,455.558
2025-06-24 18:00:00+00:00,long_dry,final_eval,0.0,0.0,0.0,999,18,1,6,2025-25,19,1,6,20,1,6,21,1,6,0,2,6,-146.76919999999996,-38.02620000000002,416.3289,354.46094000000005,146.76919999999996,38.02620000000002,416.3289,354.46094000000005
2025-06-24 19:00:00+00:00,long_dry,final_eval,0.0,0.0,0.0,999,19,1,6,2025-25,20,1,6,21,1,6,22,1,6,1,2,6,-91.41319999999996,287.17869999999994,234.26780000000008,211.31129999999996,91.41319999999996,287.17869999999994,234.26780000000008,211.31129999999996
2025-06-24 20:00:00+00:00,long_dry,final_eval,0.0,0.0,0.0,999,20,1,6,2025-25,21,1,6,22,1,6,23,1,6,2,2,6,239.6862000000001,81.80860000000007,205.46630000000005,157.50507000000005,239.6862000000001,81.80860000000007,205.46630000000005,157.50507000000005
2025-06-24 21:00:00+00:00,long_dry,final_eval,0.0,0.0,0.0,999,21,1,6,2025-25,22,1,6,23,1,6,0,2,6,3,2,6,65.88210000000004,85.019,154.28279999999995,-3.2361000000000217,65.88210000000004,85.019,154.28279999999995,3.2361000000000217
2025-06-24 22:00:00+00:00,long_dry,final_eval,0.0,0.0,0.0,999,22,1,6,2025-25,23,1,6,0,2,6,1,2,6,4,2,6,312.3674000000001,245.50340000000006,227.48090000000002,4.9494200000000035,312.3674000000001,245.50340000000006,227.48090000000002,4.9494200000000035
2025-06-24 23:00:00+00:00,long_dry,final_eval,0.0,0.0,0.0,999,23,1,6,2025-25,0,2,6,1,2,6,2,2,6,5,2,6,150.8279,157.3981,100.27355999999997,4.9263600000000025,150.8279,157.3981,100.27355999999997,4.9263600000000025
2025-06-25 00:00:00+00:00,long_dry,final_eval,0.0,0.0,0.0,999,0,2,6,2025-25,1,2,6,2,2,6,3,2,6,6,2,6,162.077,137.71027000000004,50.054869999999994,-9.815759999999997,162.077,137.71027000000004,50.054869999999994,9.815759999999997
2025-06-25 01:00:00+00:00,long_dry,final_eval,0.0,0.0,0.0,999,1,2,6,2025-25,2,2,6,3,2,6,4,2,6,7,2,6,114.12256000000002,27.817960000000028,18.463330000000013,4.270912000000003,114.12256000000002,27.817960000000028,18.463330000000013,4.270912000000003
2025-06-25 02:00:00+00:00,long_dry,final_eval,0.0,0.0,0.0,999,2,2,6,2025-25,3,2,6,4,2,6,5,2,6,8,2,6,-99.89105,-22.03,13.876279999999994,22.88445,99.89105,22.03,13.876279999999994,22.88445
2025-06-25 03:00:00+00:00,long_dry,final_eval,0.0,0.0,0.0,999,3,2,6,2025-25,4,2,6,5,2,6,6,2,6,9,2,6,3.829270000000008,19.449776,-4.834910000000001,114.17274,3.829270000000008,19.449776,4.834910000000001,114.17274
2025-06-25 04:00:00+00:00,long_dry,final_eval,0.0,0.0,0.0,999,4,2,6,2025-25,5,2,6,6,2,6,7,2,6,10,2,6,12.611159999999998,1.7255859999999998,9.064425999999997,325.9704,12.611159999999998,1.7255859999999998,9.064425999999997,325.9704
2025-06-25 05:00:00+00:00,long_dry,final_eval,0.0,0.0,0.0,999,5,2,6,2025-25,6,2,6,7,2,6,8,2,6,11,2,6,3.2966539999999966,9.766779999999997,34.352863,341.81354,3.2966539999999966,9.766779999999997,34.352863,341.81354
2025-06-25 06:00:00+00:00,long_dry,final_eval,0.0,0.0,0.0,999,6,2,6,2025-25,7,2,6,8,2,6,9,2,6,12,2,6,7.5142060000000015,26.637363,141.47557999999998,341.9756,7.5142060000000015,26.637363,141.47557999999998,341.9756
2025-06-25 07:00:00+00:00,long_dry,final_eval,0.0,0.0,0.0,999,7,2,6,2025-25,8,2,6,9,2,6,10,2,6,13,2,6,24.08609,137.55970000000002,323.5479,-42.16429999999991,24.08609,137.55970000000002,323.5479,42.16429999999991
2025-06-25 08:00:00+00:00,long_dry,final_eval,0.0,0.0,0.0,999,8,2,6,2025-25,9,2,6,10,2,6,11,2,6,14,2,6,118.993744,290.57553,251.26464999999996,-110.51904000000002,118.993744,290.57553,251.26464999999996,110.51904000000002
2025-06-25 09:00:00+00:00,long_dry,final_eval,0.0,0.0,0.0,999,9,2,6,2025-25,10,2,6,11,2,6,12,2,6,15,2,6,-55.31744000000003,18.835199999999986,339.0178000000001,-337.39660000000003,55.31744000000003,18.835199999999986,339.0178000000001,337.39660000000003
2025-06-25 10:00:00+00:00,long_dry,final_eval,0.0,0.0,0.0,999,10,2,6,2025-25,11,2,6,12,2,6,13,2,6,16,2,6,42.380100000000084,305.89699999999993,-133.0159000000001,-75.66460000000006,42.380100000000084,305.89699999999993,133.0159000000001,75.66460000000006
2025-06-25 11:00:00+00:00,long_dry,final_eval,0.0,0.0,0.0,999,11,2,6,2025-25,12,2,6,13,2,6,14,2,6,17,2,6,307.45129999999995,-142.9266,-321.3704,-74.90100000000007,307.45129999999995,142.9266,321.3704,74.90100000000007
2025-06-25 12:00:00+00:00,long_dry,final_eval,0.0,0.0,0.0,999,12,2,6,2025-25,13,2,6,14,2,6,15,2,6,18,2,6,-220.29189999999994,-336.33270000000005,-195.72186,-30.0166999999999,220.29189999999994,336.33270000000005,195.72186,30.0166999999999
2025-06-25 13:00:00+00:00,long_dry,final_eval,0.0,0.0,0.0,999,13,2,6,2025-25,14,2,6,15,2,6,16,2,6,19,2,6,-231.81449999999995,-218.7373,-80.3463999999999,10.443700000000035,231.81449999999995,218.7373,80.3463999999999,10.443700000000035
2025-06-25 14:00:00+00:00,long_dry,final_eval,0.0,0.0,0.0,999,14,2,6,2025-25,15,2,6,16,2,6,17,2,6,20,2,6,3.2221700000000055,154.90020000000004,12.925839999999994,49.793699999999944,3.2221700000000055,154.90020000000004,12.925839999999994,49.793699999999944
2025-06-25 15:00:00+00:00,long_dry,final_eval,0.0,0.0,0.0,999,15,2,6,2025-25,16,2,6,17,2,6,18,2,6,21,2,6,138.029,39.89044000000001,-119.19530000000009,344.5491999999999,138.029,39.89044000000001,119.19530000000009,344.5491999999999
2025-06-25 16:00:00+00:00,long_dry,final_eval,0.0,0.0,0.0,999,16,2,6,2025-25,17,2,6,18,2,6,19,2,6,22,2,6,-31.325699999999983,-136.86249999999995,-38.16579999999999,416.3153,31.325699999999983,136.86249999999995,38.16579999999999,416.3153
2025-06-25 17:00:00+00:00,long_dry,final_eval,0.0,0.0,0.0,999,17,2,6,2025-25,18,2,6,19,2,6,20,2,6,23,2,6,-151.28340000000003,-140.41100000000006,68.19499999999994,527.2478000000001,151.28340000000003,140.41100000000006,68.19499999999994,527.2478000000001
2025-06-27 00:00:00+00:00,recovery,final_eval,0.0,12.9,12.9,1,0,4,6,2025-25,1,4,6,2,4,6,3,4,6,6,4,6,-44.412540000000035,-312.78340000000003,-219.66946000000002,-49.378569999999996,44.412540000000035,312.78340000000003,219.66946000000002,49.378569999999996
2025-06-27 06:00:00+00:00,recovery,final_eval,0.0,15.100000000000001,15.100000000000001,1,6,4,6,2025-25,7,4,6,8,4,6,9,4,6,12,4,6,-4.711386000000001,23.018166,53.431015,-19.857299999999896,4.711386000000001,23.018166,53.431015,19.857299999999896
2025-06-27 07:00:00+00:00,recovery,final_eval,0.0,15.100000000000001,15.100000000000001,2,7,4,6,2025-25,8,4,6,9,4,6,10,4,6,13,4,6,27.548172,67.95451,104.04793999999998,-57.50299999999993,27.548172,67.95451,104.04793999999998,57.50299999999993
2025-06-27 08:00:00+00:00,recovery,final_eval,0.0,15.100000000000001,15.100000000000001,3,8,4,6,2025-25,9,4,6,10,4,6,11,4,6,14,4,6,45.79253,76.28487999999999,-106.87109999999996,16.17944,45.79253,76.28487999999999,106.87109999999996,16.17944
2025-06-28 05:00:00+00:00,recent_rain,final_eval,0.0,1.2,1.9000000000000001,3,5,5,6,2025-25,6,5,6,7,5,6,8,5,6,11,5,6,15.282520000000005,-19.883219999999994,-32.703149999999994,42.443449999999984,15.282520000000005,19.883219999999994,32.703149999999994,42.443449999999984
2025-06-28 06:00:00+00:00,recent_rain,final_eval,0.0,1.0999999999999999,1.7000000000000002,4,6,5,6,2025-25,7,5,6,8,5,6,9,5,6,12,5,6,3.6901500000000027,-16.180046000000004,11.611014999999995,126.88806,3.6901500000000027,16.180046000000004,11.611014999999995,126.88806
2025-06-29 22:00:00+00:00,recovery,final_eval,0.0,8.499999999999998,8.499999999999998,1,22,6,6,2025-26,23,6,6,0,0,6,1,0,6,4,0,6,-24.626600000000053,-70.5791999999999,-4.167360000000031,9.423339999999996,24.626600000000053,70.5791999999999,4.167360000000031,9.423339999999996
2025-06-29 23:00:00+00:00,recovery,final_eval,0.0,8.499999999999998,8.499999999999998,2,23,6,6,2025-26,0,0,6,1,0,6,2,0,6,5,0,6,-120.14499999999998,-14.100000000000023,-29.99969999999996,-25.944820000000007,120.14499999999998,14.100000000000023,29.99969999999996,25.944820000000007
2025-06-30 00:00:00+00:00,recovery,final_eval,0.0,8.499999999999998,8.499999999999998,3,0,0,6,2025-26,1,0,6,2,0,6,3,0,6,6,0,6,39.01750000000004,32.77480000000003,72.57839999999999,-7.158622999999999,39.01750000000004,32.77480000000003,72.57839999999999,7.158622999999999
2025-07-01 00:00:00+00:00,recovery,final_eval,0.0,6.8,6.8,1,0,1,7,2025-26,1,1,7,2,1,7,3,1,7,6,1,7,203.91020000000003,63.23614999999995,33.292359999999974,11.400402,203.91020000000003,63.23614999999995,33.292359999999974,11.400402
2025-07-01 02:00:00+00:00,recovery,final_eval,0.0,7.5,7.5,1,2,1,7,2025-26,3,1,7,4,1,7,5,1,7,8,1,7,-86.63263,-22.297969999999992,7.7986899999999935,22.253056,86.63263,22.297969999999992,7.7986899999999935,22.253056
2025-07-01 03:00:00+00:00,recovery,final_eval,0.0,7.5,7.5,2,3,1,7,2025-26,4,1,7,5,1,7,6,1,7,9,1,7,-7.560329999999993,11.370040000000003,12.713349999999998,68.32192,7.560329999999993,11.370040000000003,12.713349999999998,68.32192
2025-07-01 04:00:00+00:00,recovery,final_eval,0.0,7.5,7.5,3,4,1,7,2025-26,5,1,7,6,1,7,7,1,7,10,1,7,14.150139999999993,20.658955,9.243084000000003,261.292,14.150139999999993,20.658955,9.243084000000003,261.292
2025-07-02 16:00:00+00:00,recovery,final_eval,0.0,11.3,49.099999999999994,1,16,2,7,2025-26,17,2,7,18,2,7,19,2,7,22,2,7,-13.246799999999894,-26.477499999999964,198.5709999999999,897.7627,13.246799999999894,26.477499999999964,198.5709999999999,897.7627
2025-07-02 17:00:00+00:00,recovery,final_eval,0.0,10.8,48.8,2,17,2,7,2025-26,18,2,7,19,2,7,20,2,7,23,2,7,51.87200000000007,150.84529999999995,388.32179999999994,638.8398,51.87200000000007,150.84529999999995,388.32179999999994,638.8398
2025-07-02 18:00:00+00:00,recovery,final_eval,0.0,9.8,48.599999999999994,3,18,2,7,2025-26,19,2,7,20,2,7,21,2,7,0,3,7,124.05600000000004,249.36509999999998,839.9884,567.05615,124.05600000000004,249.36509999999998,839.9884,567.05615
2025-07-04 00:00:00+00:00,long_dry,final_eval,0.0,0.0,0.0,999,0,4,7,2025-26,1,4,7,2,4,7,3,4,7,6,4,7,221.49249999999995,337.4548,233.70614999999998,43.19036,221.49249999999995,337.4548,233.70614999999998,43.19036
2025-07-04 01:00:00+00:00,long_dry,final_eval,0.0,0.0,0.0,999,1,4,7,2025-26,2,4,7,3,4,7,4,4,7,7,4,7,293.70636,192.32166,185.01357,21.242596,293.70636,192.32166,185.01357,21.242596
2025-07-04 02:00:00+00:00,long_dry,final_eval,0.0,0.0,0.0,999,2,4,7,2025-26,3,4,7,4,4,7,5,4,7,8,4,7,94.53063999999995,158.62827,140.47526,11.960563999999998,94.53063999999995,158.62827,140.47526,11.960563999999998
2025-07-04 03:00:00+00:00,long_dry,final_eval,0.0,0.0,0.0,999,3,4,7,2025-26,4,4,7,5,4,7,6,4,7,9,4,7,49.52066000000002,100.38910999999999,36.304010000000005,-23.022490000000005,49.52066000000002,100.38910999999999,36.304010000000005,23.022490000000005
2025-07-04 04:00:00+00:00,long_dry,final_eval,0.0,0.0,0.0,999,4,4,7,2025-26,5,4,7,6,4,7,7,4,7,10,4,7,71.11358999999999,21.700096000000002,7.494240000000005,-16.090880000000027,71.11358999999999,21.700096000000002,7.494240000000005,16.090880000000027
2025-07-04 05:00:00+00:00,long_dry,final_eval,0.0,0.0,0.0,999,5,4,7,2025-26,6,4,7,7,4,7,8,4,7,11,4,7,-4.195220000000006,14.935116,13.477699999999999,-45.905399999999986,4.195220000000006,14.935116,13.477699999999999,45.905399999999986
2025-07-04 06:00:00+00:00,long_dry,final_eval,0.0,0.0,0.0,999,6,4,7,2025-26,7,4,7,8,4,7,9,4,7,12,4,7,30.522550000000003,14.85297,23.891599999999997,-565.6986999999999,30.522550000000003,14.85297,23.891599999999997,565.6986999999999
2025-07-04 07:00:00+00:00,long_dry,final_eval,0.0,0.0,0.0,999,7,4,7,2025-26,8,4,7,9,4,7,10,4,7,13,4,7,11.890971999999998,20.182075999999995,-25.428800000000024,-186.43380000000002,11.890971999999998,20.182075999999995,25.428800000000024,186.43380000000002
2025-07-04 08:00:00+00:00,long_dry,final_eval,0.0,0.0,0.0,999,8,4,7,2025-26,9,4,7,10,4,7,11,4,7,14,4,7,29.52158,11.62285,-135.1653,330.03880000000004,29.52158,11.62285,135.1653,330.03880000000004
2025-07-04 09:00:00+00:00,long_dry,final_eval,0.0,0.0,0.0,999,9,4,7,2025-26,10,4,7,11,4,7,12,4,7,15,4,7,-114.03519999999997,-352.99609999999996,-511.18309999999997,350.68309999999997,114.03519999999997,352.99609999999996,511.18309999999997,350.68309999999997
2025-07-04 10:00:00+00:00,long_dry,final_eval,0.0,0.0,0.0,999,10,4,7,2025-26,11,4,7,12,4,7,13,4,7,16,4,7,-161.19600000000003,-316.7345,-128.3895,192.8212000000001,161.19600000000003,316.7345,128.3895,192.8212000000001
2025-07-04 11:00:00+00:00,long_dry,final_eval,0.0,0.0,0.0,999,11,4,7,2025-26,12,4,7,13,4,7,14,4,7,17,4,7,-299.39059999999995,-124.69479999999999,300.9933000000001,329.6054999999999,299.39059999999995,124.69479999999999,300.9933000000001,329.6054999999999
2025-07-04 12:00:00+00:00,long_dry,final_eval,0.0,0.0,0.0,999,12,4,7,2025-26,13,4,7,14,4,7,15,4,7,18,4,7,-26.836059999999975,293.4371000000001,331.5459000000001,308.69849999999997,26.836059999999975,293.4371000000001,331.5459000000001,308.69849999999997
2025-07-04 13:00:00+00:00,long_dry,final_eval,0.0,0.0,0.0,999,13,4,7,2025-26,14,4,7,15,4,7,16,4,7,19,4,7,202.20100000000002,144.0,73.2065,288.0231000000001,202.20100000000002,144.0,73.2065,288.0231000000001
2025-07-04 14:00:00+00:00,long_dry,final_eval,0.0,0.0,0.0,999,14,4,7,2025-26,15,4,7,16,4,7,17,4,7,20,4,7,32.650499999999965,-64.3771999999999,67.20830000000001,206.33449999999993,32.650499999999965,64.3771999999999,67.20830000000001,206.33449999999993
2025-07-04 15:00:00+00:00,long_dry,final_eval,0.0,0.0,0.0,999,15,4,7,2025-26,16,4,7,17,4,7,18,4,7,21,4,7,27.13110000000006,149.6658,151.6796999999999,191.21119999999996,27.13110000000006,149.6658,151.6796999999999,191.21119999999996
2025-07-04 16:00:00+00:00,long_dry,final_eval,0.0,0.0,0.0,999,16,4,7,2025-26,17,4,7,18,4,7,19,4,7,22,4,7,348.4359999999999,319.9043999999999,244.1934000000001,193.0779,348.4359999999999,319.9043999999999,244.1934000000001,193.0779
2025-07-04 17:00:00+00:00,long_dry,final_eval,0.0,0.0,0.0,999,17,4,7,2025-26,18,4,7,19,4,7,20,4,7,23,4,7,145.2240999999999,-10.652599999999893,-1.552599999999984,527.5935999999999,145.2240999999999,10.652599999999893,1.552599999999984,527.5935999999999
2025-07-04 18:00:00+00:00,long_dry,final_eval,0.0,0.0,0.0,999,18,4,7,2025-26,19,4,7,20,4,7,21,4,7,0,5,7,69.17460000000005,-33.16429999999991,-110.57580000000007,815.5852,69.17460000000005,33.16429999999991,110.57580000000007,815.5852
2025-07-04 19:00:00+00:00,long_dry,final_eval,0.0,0.0,0.0,999,19,4,7,2025-26,20,4,7,21,4,7,22,4,7,1,5,7,41.605999999999995,-47.815599999999904,20.55749999999989,934.39996,41.605999999999995,47.815599999999904,20.55749999999989,934.39996
2025-07-04 20:00:00+00:00,long_dry,final_eval,0.0,0.0,0.0,999,20,4,7,2025-26,21,4,7,22,4,7,23,4,7,2,5,7,25.92360000000008,-40.07300000000009,333.0528999999999,705.0015,25.92360000000008,40.07300000000009,333.0528999999999,705.0015
2025-07-04 21:00:00+00:00,long_dry,final_eval,0.0,0.0,0.0,999,21,4,7,2025-26,22,4,7,23,4,7,0,5,7,3,5,7,138.0869,518.8878,669.6479999999999,377.03549999999996,138.0869,518.8878,669.6479999999999,377.03549999999996
2025-07-04 22:00:00+00:00,long_dry,final_eval,0.0,0.0,0.0,999,22,4,7,2025-26,23,4,7,0,5,7,1,5,7,4,5,7,536.7708,750.8362,895.60187,306.65634,536.7708,750.8362,895.60187,306.65634
2025-07-04 23:00:00+00:00,long_dry,final_eval,0.0,0.0,0.0,999,23,4,7,2025-26,0,5,7,1,5,7,2,5,7,5,5,7,456.30999999999995,662.5054,486.13043000000005,166.85533,456.30999999999995,662.5054,486.13043000000005,166.85533
2025-07-05 00:00:00+00:00,long_dry,final_eval,0.0,0.0,0.0,999,0,5,7,2025-26,1,5,7,2,5,7,3,5,7,6,5,7,779.3568,605.68353,239.10670000000005,56.35341,779.3568,605.68353,239.10670000000005,56.35341
2025-07-05 01:00:00+00:00,long_dry,final_eval,0.0,0.0,0.0,999,1,5,7,2025-26,2,5,7,3,5,7,4,5,7,7,5,7,553.99225,194.16045999999994,158.34769999999997,11.957350000000005,553.99225,194.16045999999994,158.34769999999997,11.957350000000005
2025-07-05 02:00:00+00:00,long_dry,final_eval,0.0,0.0,0.0,999,2,5,7,2025-26,3,5,7,4,5,7,5,5,7,8,5,7,83.62379999999996,93.73760000000004,72.53771999999998,14.163719999999998,83.62379999999996,93.73760000000004,72.53771999999998,14.163719999999998
2025-07-05 03:00:00+00:00,long_dry,final_eval,0.0,0.0,0.0,999,3,5,7,2025-26,4,5,7,5,5,7,6,5,7,9,5,7,36.30709999999999,58.53667999999999,62.35373000000001,-12.985146,36.30709999999999,58.53667999999999,62.35373000000001,12.985146
2025-07-05 04:00:00+00:00,long_dry,final_eval,0.0,0.0,0.0,999,4,5,7,2025-26,5,5,7,6,5,7,7,5,7,10,5,7,27.11394999999999,-5.49194,9.232924999999994,-20.64904999999999,27.11394999999999,5.49194,9.232924999999994,20.64904999999999
2025-07-05 05:00:00+00:00,long_dry,final_eval,0.0,0.0,0.0,999,5,5,7,2025-26,6,5,7,7,5,7,8,5,7,11,5,7,-2.3137999999999863,-8.59586999999999,-18.888170000000002,-77.55626999999998,2.3137999999999863,8.59586999999999,18.888170000000002,77.55626999999998
2025-07-05 06:00:00+00:00,long_dry,final_eval,0.0,0.0,0.0,999,6,5,7,2025-26,7,5,7,8,5,7,9,5,7,12,5,7,34.040890000000005,16.65124,17.823943999999997,-86.63999999999999,34.040890000000005,16.65124,17.823943999999997,86.63999999999999
2025-07-05 07:00:00+00:00,long_dry,final_eval,0.0,0.0,0.0,999,7,5,7,2025-26,8,5,7,9,5,7,10,5,7,13,5,7,25.23845,17.196780000000004,-6.881709999999998,-388.6283000000001,25.23845,17.196780000000004,6.881709999999998,388.6283000000001
2025-07-05 08:00:00+00:00,long_dry,final_eval,0.0,0.0,0.0,999,8,5,7,2025-26,9,5,7,10,5,7,11,5,7,14,5,7,-0.8476399999999984,-9.561859999999996,-139.52312999999998,-157.77829999999994,0.8476399999999984,9.561859999999996,139.52312999999998,157.77829999999994
2025-07-05 09:00:00+00:00,long_dry,final_eval,0.0,0.0,0.0,999,9,5,7,2025-26,10,5,7,11,5,7,12,5,7,15,5,7,-40.236819999999994,-191.2027,-319.7346,-24.329600000000028,40.236819999999994,191.2027,319.7346,24.329600000000028
2025-07-05 10:00:00+00:00,long_dry,final_eval,0.0,0.0,0.0,999,10,5,7,2025-26,11,5,7,12,5,7,13,5,7,16,5,7,-142.4373,-221.14409999999998,-203.9887,-8.637199999999893,142.4373,221.14409999999998,203.9887,8.637199999999893
2025-07-05 11:00:00+00:00,long_dry,final_eval,0.0,0.0,0.0,999,11,5,7,2025-26,12,5,7,13,5,7,14,5,7,17,5,7,-201.31682999999998,-188.5231,-4.732899999999972,64.86249999999995,201.31682999999998,188.5231,4.732899999999972,64.86249999999995
2025-07-05 12:00:00+00:00,long_dry,final_eval,0.0,0.0,0.0,999,12,5,7,2025-26,13,5,7,14,5,7,15,5,7,18,5,7,-173.26329999999996,-9.763699999999972,102.33390000000009,38.31899999999996,173.26329999999996,9.763699999999972,102.33390000000009,38.31899999999996
2025-07-05 13:00:00+00:00,long_dry,final_eval,0.0,0.0,0.0,999,13,5,7,2025-26,14,5,7,15,5,7,16,5,7,19,5,7,-51.15990000000011,-27.668100000000095,-41.89689999999996,-39.36449999999991,51.15990000000011,27.668100000000095,41.89689999999996,39.36449999999991
2025-07-05 14:00:00+00:00,long_dry,final_eval,0.0,0.0,0.0,999,14,5,7,2025-26,15,5,7,16,5,7,17,5,7,20,5,7,-81.33179999999993,-137.83870000000002,-83.79700000000003,-95.16200000000003,81.33179999999993,137.83870000000002,83.79700000000003,95.16200000000003
2025-07-05 15:00:00+00:00,long_dry,final_eval,0.0,0.0,0.0,999,15,5,7,2025-26,16,5,7,17,5,7,18,5,7,21,5,7,-96.96000000000004,-44.524200000000064,-56.303699999999935,-33.897699999999986,96.96000000000004,44.524200000000064,56.303699999999935,33.897699999999986
2025-07-05 16:00:00+00:00,long_dry,final_eval,0.0,0.0,0.0,999,16,5,7,2025-26,17,5,7,18,5,7,19,5,7,22,5,7,118.32349999999997,100.32079999999996,56.31930000000011,-10.287399999999934,118.32349999999997,100.32079999999996,56.31930000000011,10.287399999999934
2025-07-05 17:00:00+00:00,long_dry,final_eval,0.0,0.0,0.0,999,17,5,7,2025-26,18,5,7,19,5,7,20,5,7,23,5,7,8.719700000000103,-93.0193999999999,-171.12959999999998,154.54819999999995,8.719700000000103,93.0193999999999,171.12959999999998,154.54819999999995
2025-07-05 18:00:00+00:00,long_dry,final_eval,0.0,0.0,0.0,999,18,5,7,2025-26,19,5,7,20,5,7,21,5,7,0,6,7,-79.43290000000002,-199.4278999999999,-151.92399999999998,178.92489999999998,79.43290000000002,199.4278999999999,151.92399999999998,178.92489999999998
2025-07-05 19:00:00+00:00,long_dry,final_eval,0.0,0.0,0.0,999,19,5,7,2025-26,20,5,7,21,5,7,22,5,7,1,6,7,-105.84670000000006,-101.59500000000003,-26.393299999999954,83.75980000000004,105.84670000000006,101.59500000000003,26.393299999999954,83.75980000000004
2025-07-05 20:00:00+00:00,long_dry,final_eval,0.0,0.0,0.0,999,20,5,7,2025-26,21,5,7,22,5,7,23,5,7,2,6,7,46.22600000000011,102.00949999999989,178.6806999999999,18.898699999999963,46.22600000000011,102.00949999999989,178.6806999999999,18.898699999999963
2025-07-05 21:00:00+00:00,long_dry,final_eval,0.0,0.0,0.0,999,21,5,7,2025-26,22,5,7,23,5,7,0,6,7,3,6,7,11.05860000000007,109.54269999999997,15.90280000000007,93.52637000000004,11.05860000000007,109.54269999999997,15.90280000000007,93.52637000000004
2025-07-05 22:00:00+00:00,long_dry,final_eval,0.0,0.0,0.0,999,22,5,7,2025-26,23,5,7,0,6,7,1,6,7,4,6,7,135.1959999999999,85.46299999999997,61.23540000000003,150.0159,135.1959999999999,85.46299999999997,61.23540000000003,150.0159
2025-07-05 23:00:00+00:00,long_dry,final_eval,0.0,0.0,0.0,999,23,5,7,2025-26,0,6,7,1,6,7,2,6,7,5,6,7,61.74229999999989,62.38850000000002,-86.97910000000002,81.93762000000001,61.74229999999989,62.38850000000002,86.97910000000002,81.93762000000001
2025-07-06 00:00:00+00:00,long_dry,final_eval,0.0,0.0,0.0,999,0,6,7,2025-27,1,6,7,2,6,7,3,6,7,6,6,7,108.93529999999998,31.88869999999997,72.47577000000001,80.4305,108.93529999999998,31.88869999999997,72.47577000000001,80.4305
2025-07-06 01:00:00+00:00,long_dry,final_eval,0.0,0.0,0.0,999,1,6,7,2025-27,2,6,7,3,6,7,4,6,7,7,6,7,47.255739999999946,69.86940000000004,72.03030000000001,-2.0340649999999982,47.255739999999946,69.86940000000004,72.03030000000001,2.0340649999999982
2025-07-06 02:00:00+00:00,long_dry,final_eval,0.0,0.0,0.0,999,2,6,7,2025-27,3,6,7,4,6,7,5,6,7,8,6,7,-15.334299999999985,27.08456000000001,30.656299999999987,8.074036000000007,15.334299999999985,27.08456000000001,30.656299999999987,8.074036000000007
2025-07-06 03:00:00+00:00,long_dry,final_eval,0.0,0.0,0.0,999,3,6,7,2025-27,4,6,7,5,6,7,6,6,7,9,6,7,-64.74760000000003,1.879669999999976,88.76712,-8.748009999999994,64.74760000000003,1.879669999999976,88.76712,8.748009999999994
2025-07-06 04:00:00+00:00,long_dry,final_eval,0.0,0.0,0.0,999,4,6,7,2025-27,5,6,7,6,6,7,7,6,7,10,6,7,30.95690000000002,53.491780000000006,-7.103579999999994,-13.462099999999992,30.95690000000002,53.491780000000006,7.103579999999994,13.462099999999992
2025-07-06 05:00:00+00:00,long_dry,final_eval,0.0,0.0,0.0,999,5,6,7,2025-27,6,6,7,7,6,7,8,6,7,11,6,7,36.206860000000006,-6.005520000000004,-1.2232060000000047,-40.99901999999997,36.206860000000006,6.005520000000004,1.2232060000000047,40.99901999999997
2025-07-06 06:00:00+00:00,long_dry,final_eval,0.0,0.0,0.0,999,6,6,7,2025-27,7,6,7,8,6,7,9,6,7,12,6,7,0.2016399999999976,1.0032599999999974,12.334045000000003,15.134250000000009,0.2016399999999976,1.0032599999999974,12.334045000000003,15.134250000000009
2025-07-06 07:00:00+00:00,long_dry,final_eval,0.0,0.0,0.0,999,7,6,7,2025-27,8,6,7,9,6,7,10,6,7,13,6,7,18.444781999999996,19.69739,0.3567199999999957,-127.5376,18.444781999999996,19.69739,0.3567199999999957,127.5376
2025-07-06 08:00:00+00:00,long_dry,final_eval,0.0,0.0,0.0,999,8,6,7,2025-27,9,6,7,10,6,7,11,6,7,14,6,7,4.043846000000002,-16.45398,-147.10494999999997,12.977300000000014,4.043846000000002,16.45398,147.10494999999997,12.977300000000014
2025-07-06 09:00:00+00:00,long_dry,final_eval,0.0,0.0,0.0,999,9,6,7,2025-27,10,6,7,11,6,7,12,6,7,15,6,7,-58.18369999999999,-195.88729999999998,-286.27594,63.1567,58.18369999999999,195.88729999999998,286.27594,63.1567
2025-07-06 10:00:00+00:00,long_dry,final_eval,0.0,0.0,0.0,999,10,6,7,2025-27,11,6,7,12,6,7,13,6,7,16,6,7,-191.07043,-274.6309,-78.39215000000002,97.64470000000006,191.07043,274.6309,78.39215000000002,97.64470000000006
2025-07-06 11:00:00+00:00,long_dry,final_eval,0.0,0.0,0.0,999,11,6,7,2025-27,12,6,7,13,6,7,14,6,7,17,6,7,-177.29584,-40.212800000000016,70.56240000000003,21.407799999999952,177.29584,40.212800000000016,70.56240000000003,21.407799999999952
2025-07-06 12:00:00+00:00,long_dry,final_eval,0.0,0.0,0.0,999,12,6,7,2025-27,13,6,7,14,6,7,15,6,7,18,6,7,-31.09784000000002,58.47420000000011,147.3813,-97.72779999999989,31.09784000000002,58.47420000000011,147.3813,97.72779999999989
2025-07-06 13:00:00+00:00,long_dry,final_eval,0.0,0.0,0.0,999,13,6,7,2025-27,14,6,7,15,6,7,16,6,7,19,6,7,-25.721199999999953,-29.062599999999975,-47.0474999999999,7.757100000000037,25.721199999999953,29.062599999999975,47.0474999999999,7.757100000000037
2025-07-06 14:00:00+00:00,long_dry,final_eval,0.0,0.0,0.0,999,14,6,7,2025-27,15,6,7,16,6,7,17,6,7,20,6,7,-16.872800000000097,-99.85850000000005,-171.05870000000004,-131.07040000000006,16.872800000000097,99.85850000000005,171.05870000000004,131.07040000000006
2025-07-06 15:00:00+00:00,long_dry,final_eval,0.0,0.0,0.0,999,15,6,7,2025-27,16,6,7,17,6,7,18,6,7,21,6,7,-38.871200000000044,-116.40090000000009,-237.5824,8.24630000000002,38.871200000000044,116.40090000000009,237.5824,8.24630000000002
2025-07-06 23:00:00+00:00,recent_rain,final_eval,0.0,1.5,1.5,3,23,6,7,2025-27,0,0,7,1,0,7,2,0,7,5,0,7,-47.025499999999965,37.29570000000001,-29.051939999999945,-10.498769999999993,47.025499999999965,37.29570000000001,29.051939999999945,10.498769999999993
2025-07-07 00:00:00+00:00,recent_rain,final_eval,0.0,1.5,1.5,4,0,0,7,2025-27,1,0,7,2,0,7,3,0,7,6,0,7,88.47893999999997,31.51030000000003,44.868769999999984,5.289375,88.47893999999997,31.51030000000003,44.868769999999984,5.289375
2025-07-07 01:00:00+00:00,recent_rain,final_eval,0.0,1.5,1.5,5,1,0,7,2025-27,2,0,7,3,0,7,4,0,7,7,0,7,-28.434200000000033,2.065249999999992,-16.803380000000004,9.089554,28.434200000000033,2.065249999999992,16.803380000000004,9.089554
2025-07-07 02:00:00+00:00,recent_rain,final_eval,0.0,1.5,1.5,6,2,0,7,2025-27,3,0,7,4,0,7,5,0,7,8,0,7,-12.908200000000022,-23.977569999999986,2.2514599999999945,29.844368000000003,12.908200000000022,23.977569999999986,2.2514599999999945,29.844368000000003
2025-07-07 03:00:00+00:00,recent_rain,final_eval,0.0,1.5,1.5,7,3,0,7,2025-27,4,0,7,5,0,7,6,0,7,9,0,7,-24.983120000000014,6.8125,7.712800000000001,44.86826000000001,24.983120000000014,6.8125,7.712800000000001,44.86826000000001
2025-07-07 04:00:00+00:00,recent_rain,final_eval,0.0,1.5,1.5,8,4,0,7,2025-27,5,0,7,6,0,7,7,0,7,10,0,7,16.639290000000003,17.440742,13.686750000000004,180.30658,16.639290000000003,17.440742,13.686750000000004,180.30658
2025-07-07 05:00:00+00:00,recent_rain,final_eval,0.0,1.4,1.5,9,5,0,7,2025-27,6,0,7,7,0,7,8,0,7,11,0,7,19.347706000000002,16.380867,35.349392,144.25890000000004,19.347706000000002,16.380867,35.349392,144.25890000000004
2025-07-07 22:00:00+00:00,recent_rain,final_eval,0.0,4.999999999999999,4.999999999999999,3,22,0,7,2025-27,23,0,7,0,1,7,1,1,7,4,1,7,323.047,310.11439999999993,239.7034,47.41936000000001,323.047,310.11439999999993,239.7034,47.41936000000001
2025-07-07 23:00:00+00:00,recent_rain,final_eval,0.0,4.999999999999999,4.999999999999999,4,23,0,7,2025-27,0,1,7,1,1,7,2,1,7,5,1,7,252.15200000000004,193.86220000000003,27.32696999999996,-5.711830000000006,252.15200000000004,193.86220000000003,27.32696999999996,5.711830000000006
2025-07-08 00:00:00+00:00,recent_rain,final_eval,0.0,4.8999999999999995,4.999999999999999,5,0,1,7,2025-27,1,1,7,2,1,7,3,1,7,6,1,7,165.44600000000003,57.538760000000025,38.10561999999999,12.28828,165.44600000000003,57.538760000000025,38.10561999999999,12.28828
2025-07-09 04:00:00+00:00,recovery,final_eval,0.0,5.2,5.2,1,4,2,7,2025-27,5,2,7,6,2,7,7,2,7,10,2,7,7.870670000000004,21.9831,-4.3827169999999995,360.70715,7.870670000000004,21.9831,4.3827169999999995,360.70715
2025-07-09 05:00:00+00:00,recovery,final_eval,0.0,5.2,5.2,2,5,2,7,2025-27,6,2,7,7,2,7,8,2,7,11,2,7,20.366363999999997,-5.859904999999998,31.97224,408.99163999999996,20.366363999999997,5.859904999999998,31.97224,408.99163999999996
2025-07-09 06:00:00+00:00,recovery,final_eval,0.0,5.2,5.2,3,6,2,7,2025-27,7,2,7,8,2,7,9,2,7,12,2,7,-7.956809999999997,23.612479999999998,133.4764,505.4276,7.956809999999997,23.612479999999998,133.4764,505.4276
2025-07-10 05:00:00+00:00,recovery,final_eval,0.0,14.8,14.8,1,5,3,7,2025-27,6,3,7,7,3,7,8,3,7,11,3,7,9.344357000000002,23.5801,40.87855,351.1095,9.344357000000002,23.5801,40.87855,351.1095
2025-07-10 06:00:00+00:00,recovery,final_eval,0.0,14.8,14.8,2,6,3,7,2025-27,7,3,7,8,3,7,9,3,7,12,3,7,20.233536,31.793945,112.406235,576.8693000000001,20.233536,31.793945,112.406235,576.8693000000001
2025-07-10 07:00:00+00:00,recovery,final_eval,0.0,14.8,14.8,3,7,3,7,2025-27,8,3,7,9,3,7,10,3,7,13,3,7,23.38283,100.648346,192.61334,185.39509999999996,23.38283,100.648346,192.61334,185.39509999999996
2025-07-10 10:00:00+00:00,recovery,final_eval,0.0,9.700000000000001,14.900000000000002,1,10,3,7,2025-27,11,3,7,12,3,7,13,3,7,16,3,7,76.62427000000002,565.8128999999999,11.184799999999996,-21.661249999999995,76.62427000000002,565.8128999999999,11.184799999999996,21.661249999999995
2025-07-10 11:00:00+00:00,recovery,final_eval,0.0,8.8,14.900000000000002,2,11,3,7,2025-27,12,3,7,13,3,7,14,3,7,17,3,7,535.0645,-7.426400000000058,-185.11310000000003,-31.38040000000001,535.0645,7.426400000000058,185.11310000000003,31.38040000000001
2025-07-12 17:00:00+00:00,recovery,final_eval,0.0,5.999999999999999,6.199999999999998,1,17,5,7,2025-27,18,5,7,19,5,7,20,5,7,23,5,7,416.3136999999999,361.90319999999997,359.0992000000001,-139.39509999999996,416.3136999999999,361.90319999999997,359.0992000000001,139.39509999999996
2025-07-12 18:00:00+00:00,recovery,final_eval,0.0,5.999999999999999,6.199999999999998,2,18,5,7,2025-27,19,5,7,20,5,7,21,5,7,0,6,7,12.735200000000077,-71.7630999999999,-139.62110000000007,73.0139999999999,12.735200000000077,71.7630999999999,139.62110000000007,73.0139999999999
2025-07-12 20:00:00+00:00,recovery,final_eval,0.0,6.1,6.299999999999999,1,20,5,7,2025-27,21,5,7,22,5,7,23,5,7,2,6,7,-23.237800000000107,-306.53819999999996,-312.74430000000007,72.769,23.237800000000107,306.53819999999996,312.74430000000007,72.769
2025-07-12 21:00:00+00:00,recovery,final_eval,0.0,6.1,6.299999999999999,2,21,5,7,2025-27,22,5,7,23,5,7,0,6,7,3,6,7,-162.2572,-165.38200000000006,-17.376500000000078,252.2088,162.2572,165.38200000000006,17.376500000000078,252.2088
2025-07-12 23:00:00+00:00,recovery,final_eval,0.0,6.6,6.699999999999999,1,23,5,7,2025-27,0,6,7,1,6,7,2,6,7,5,6,7,77.21039999999994,130.81510000000003,50.119800000000055,158.11674,77.21039999999994,130.81510000000003,50.119800000000055,158.11674
2025-07-13 00:00:00+00:00,recovery,final_eval,0.0,6.6,6.699999999999999,2,0,6,7,2025-28,1,6,7,2,6,7,3,6,7,6,6,7,98.33344,76.00599999999997,171.19539999999995,116.36725000000001,98.33344,76.00599999999997,171.19539999999995,116.36725000000001
2025-07-13 01:00:00+00:00,recovery,final_eval,0.0,6.6,6.699999999999999,3,1,6,7,2025-28,2,6,7,3,6,7,4,6,7,7,6,7,117.25573999999995,206.86940000000004,168.0303,24.965935,117.25573999999995,206.86940000000004,168.0303,24.965935
2025-07-13 19:00:00+00:00,recovery,final_eval,0.0,5.0,6.399999999999999,1,19,6,7,2025-28,20,6,7,21,6,7,22,6,7,1,0,7,6.112800000000107,-69.09349999999995,-6.586000000000013,68.09644000000003,6.112800000000107,69.09349999999995,6.586000000000013,68.09644000000003
2025-07-13 22:00:00+00:00,recovery,final_eval,0.0,5.2,6.499999999999999,1,22,6,7,2025-28,23,6,7,0,0,7,1,0,7,4,0,7,49.990600000000086,155.34140000000002,126.43769999999995,45.43323000000001,49.990600000000086,155.34140000000002,126.43769999999995,45.43323000000001
2025-07-13 23:00:00+00:00,recovery,final_eval,0.0,5.2,5.999999999999999,2,23,6,7,2025-28,0,0,7,1,0,7,2,0,7,5,0,7,165.87429999999995,140.8881,55.93280000000004,27.802719999999994,165.87429999999995,140.8881,55.93280000000004,27.802719999999994
2025-07-14 00:00:00+00:00,recovery,final_eval,0.0,5.2,5.999999999999999,3,0,0,7,2025-28,1,0,7,2,0,7,3,0,7,6,0,7,84.88292999999999,62.85699999999997,88.58589999999998,24.439453,84.88292999999999,62.85699999999997,88.58589999999998,24.439453
2025-07-15 04:00:00+00:00,recovery,final_eval,0.0,21.299999999999997,21.6,1,4,1,7,2025-28,5,1,7,6,1,7,7,1,7,10,1,7,-5.063869999999994,12.134532999999998,7.2401979999999995,346.26617,5.063869999999994,12.134532999999998,7.2401979999999995,346.26617
2025-07-15 05:00:00+00:00,recovery,final_eval,0.0,21.199999999999996,21.6,2,5,1,7,2025-28,6,1,7,7,1,7,8,1,7,11,1,7,16.605632999999997,9.657682000000001,39.944319,472.26649999999995,16.605632999999997,9.657682000000001,39.944319,472.26649999999995
2025-07-15 06:00:00+00:00,recovery,final_eval,0.0,20.999999999999996,21.6,3,6,1,7,2025-28,7,1,7,8,1,7,9,1,7,12,1,7,5.631549999999997,30.079535999999997,89.0848,524.2452000000001,5.631549999999997,30.079535999999997,89.0848,524.2452000000001
2025-07-18 05:00:00+00:00,recent_rain,final_eval,0.0,2.5000000000000004,2.5000000000000004,3,5,4,7,2025-28,6,4,7,7,4,7,8,4,7,11,4,7,11.478844000000002,3.9361200000000025,20.378610000000002,168.35170000000005,11.478844000000002,3.9361200000000025,20.378610000000002,168.35170000000005
2025-07-18 06:00:00+00:00,recent_rain,final_eval,0.0,2.5000000000000004,2.5000000000000004,4,6,4,7,2025-28,7,4,7,8,4,7,9,4,7,12,4,7,4.509340000000002,15.445970000000003,104.394806,108.4203,4.509340000000002,15.445970000000003,104.394806,108.4203
2025-07-18 07:00:00+00:00,recent_rain,final_eval,0.0,2.5000000000000004,2.5000000000000004,5,7,4,7,2025-28,8,4,7,9,4,7,10,4,7,13,4,7,15.500430000000001,110.42673,229.91451999999998,-45.8900000000001,15.500430000000001,110.42673,229.91451999999998,45.8900000000001
2025-07-18 08:00:00+00:00,recent_rain,final_eval,0.0,2.5000000000000004,2.5000000000000004,6,8,4,7,2025-28,9,4,7,10,4,7,11,4,7,14,4,7,90.17375,196.63562000000002,110.9914,-49.43353000000002,90.17375,196.63562000000002,110.9914,49.43353000000002
2025-07-18 09:00:00+00:00,recent_rain,final_eval,0.0,2.4000000000000004,2.5000000000000004,7,9,4,7,2025-28,10,4,7,11,4,7,12,4,7,15,4,7,5.905300000000011,-12.898800000000051,193.8469,-66.5673999999999,5.905300000000011,12.898800000000051,193.8469,66.5673999999999
2025-07-18 10:00:00+00:00,recent_rain,final_eval,0.0,2.2,2.5000000000000004,8,10,4,7,2025-28,11,4,7,12,4,7,13,4,7,16,4,7,-19.913599999999974,215.11850000000004,-68.06750000000011,20.982999999999947,19.913599999999974,215.11850000000004,68.06750000000011,20.982999999999947
2025-07-18 11:00:00+00:00,recent_rain,final_eval,0.0,2.2,2.5000000000000004,9,11,4,7,2025-28,12,4,7,13,4,7,14,4,7,17,4,7,158.5552,-110.40079999999989,-269.56050000000005,25.970100000000002,158.5552,110.40079999999989,269.56050000000005,25.970100000000002
2025-07-18 12:00:00+00:00,recent_rain,final_eval,0.0,2.1,2.5000000000000004,10,12,4,7,2025-28,13,4,7,14,4,7,15,4,7,18,4,7,-150.54189999999994,-278.923,-48.34480000000008,155.00060000000008,150.54189999999994,278.923,48.34480000000008,155.00060000000008
2025-07-18 13:00:00+00:00,recent_rain,final_eval,0.0,2.1,2.5000000000000004,11,13,4,7,2025-28,14,4,7,15,4,7,16,4,7,19,4,7,-141.93035999999995,6.895099999999957,122.76569999999992,367.2633000000001,141.93035999999995,6.895099999999957,122.76569999999992,367.2633000000001
2025-07-19 04:00:00+00:00,recovery,final_eval,0.0,11.799999999999999,11.899999999999999,1,4,5,7,2025-28,5,5,7,6,5,7,7,5,7,10,5,7,69.76526000000001,52.84871000000001,2.7017299999999977,38.35095000000001,69.76526000000001,52.84871000000001,2.7017299999999977,38.35095000000001
2025-07-19 05:00:00+00:00,recovery,final_eval,0.0,11.7,11.899999999999999,2,5,5,7,2025-28,6,5,7,7,5,7,8,5,7,11,5,7,44.90457000000001,-3.2031200000000126,-7.590289999999996,118.90015,44.90457000000001,3.2031200000000126,7.590289999999996,118.90015
2025-07-19 06:00:00+00:00,recovery,final_eval,0.0,11.6,11.899999999999999,3,6,5,7,2025-28,7,5,7,8,5,7,9,5,7,12,5,7,10.59066,5.739670000000004,42.662769999999995,241.88800000000003,10.59066,5.739670000000004,42.662769999999995,241.88800000000003
2025-07-20 00:00:00+00:00,recovery,final_eval,0.0,8.399999999999999,18.0,1,0,6,7,2025-29,1,6,7,2,6,7,3,6,7,6,6,7,86.55409999999995,61.70079999999996,124.2618,122.45115999999999,86.55409999999995,61.70079999999996,124.2618,122.45115999999999
2025-07-20 03:00:00+00:00,recovery,final_eval,0.0,11.0,11.299999999999999,1,3,6,7,2025-29,4,6,7,5,6,7,6,6,7,9,6,7,-39.51793999999995,70.00098000000003,138.60567,-9.578379999999996,39.51793999999995,70.00098000000003,138.60567,9.578379999999996
2025-07-20 04:00:00+00:00,recovery,final_eval,0.0,11.0,11.2,2,4,6,7,2025-29,5,6,7,6,6,7,7,6,7,10,6,7,95.48113999999998,94.73102,5.768590000000003,-22.454790000000003,95.48113999999998,94.73102,5.768590000000003,22.454790000000003
2025-07-20 05:00:00+00:00,recovery,final_eval,0.0,11.0,11.2,3,5,6,7,2025-29,6,6,7,7,6,7,8,6,7,11,6,7,77.46450999999999,-4.469760000000008,-29.201836,-26.44977,77.46450999999999,4.469760000000008,29.201836,26.44977
2025-07-22 19:00:00+00:00,long_dry,final_eval,0.0,0.0,0.0,999,19,1,7,2025-29,20,1,7,21,1,7,22,1,7,1,2,7,71.77839999999992,779.0635,731.9005,487.64153999999996,71.77839999999992,779.0635,731.9005,487.64153999999996
2025-07-22 20:00:00+00:00,long_dry,final_eval,0.0,0.0,0.0,999,20,1,7,2025-29,21,1,7,22,1,7,23,1,7,2,2,7,754.5308,540.9327000000001,456.61519999999996,192.67145000000005,754.5308,540.9327000000001,456.61519999999996,192.67145000000005
2025-07-22 21:00:00+00:00,long_dry,final_eval,0.0,0.0,0.0,999,21,1,7,2025-29,22,1,7,23,1,7,0,2,7,3,2,7,520.4467,323.93769999999995,332.86429999999996,-39.37979999999999,520.4467,323.93769999999995,332.86429999999996,39.37979999999999
2025-07-22 22:00:00+00:00,long_dry,final_eval,0.0,0.0,0.0,999,22,1,7,2025-29,23,1,7,0,2,7,1,2,7,4,2,7,535.788,416.7437,469.20734000000004,25.23133999999999,535.788,416.7437,469.20734000000004,25.23133999999999
2025-07-22 23:00:00+00:00,long_dry,final_eval,0.0,0.0,0.0,999,23,1,7,2025-29,0,2,7,1,2,7,2,2,7,5,2,7,356.89689999999996,419.8773,145.25689999999997,-31.594359999999995,356.89689999999996,419.8773,145.25689999999997,31.594359999999995
2025-07-23 00:00:00+00:00,long_dry,final_eval,0.0,0.0,0.0,999,0,2,7,2025-29,1,2,7,2,2,7,3,2,7,6,2,7,396.71423000000004,177.79143999999997,24.621280000000013,1.8741899999999987,396.71423000000004,177.79143999999997,24.621280000000013,1.8741899999999987
2025-07-23 01:00:00+00:00,long_dry,final_eval,0.0,0.0,0.0,999,1,2,7,2025-29,2,2,7,3,2,7,4,2,7,7,2,7,95.9556,-22.149630000000002,24.37056000000001,0.9512519999999967,95.9556,22.149630000000002,24.37056000000001,0.9512519999999967
2025-07-23 02:00:00+00:00,long_dry,final_eval,0.0,0.0,0.0,999,2,2,7,2025-29,3,2,7,4,2,7,5,2,7,8,2,7,-112.37308000000002,-2.5533000000000072,-15.978806000000006,15.40773,112.37308000000002,2.5533000000000072,15.978806000000006,15.40773
2025-07-23 03:00:00+00:00,long_dry,final_eval,0.0,0.0,0.0,999,3,2,7,2025-29,4,2,7,5,2,7,6,2,7,9,2,7,32.00631999999999,-7.159805000000006,9.705289999999998,100.99408,32.00631999999999,7.159805000000006,9.705289999999998,100.99408
2025-07-23 04:00:00+00:00,long_dry,final_eval,0.0,0.0,0.0,999,4,2,7,2025-29,5,2,7,6,2,7,7,2,7,10,2,7,-23.831360000000004,17.345726,7.407597000000003,324.05087,23.831360000000004,17.345726,7.407597000000003,324.05087
2025-07-23 05:00:00+00:00,long_dry,final_eval,0.0,0.0,0.0,999,5,2,7,2025-29,6,2,7,7,2,7,8,2,7,11,2,7,24.281,10.44933,27.346245000000003,317.04625999999996,24.281,10.44933,27.346245000000003,317.04625999999996
2025-07-23 06:00:00+00:00,long_dry,final_eval,0.0,0.0,0.0,999,6,2,7,2025-29,7,2,7,8,2,7,9,2,7,12,2,7,5.371040000000001,15.185352000000002,125.920845,460.3135,5.371040000000001,15.185352000000002,125.920845,460.3135
2025-07-23 07:00:00+00:00,long_dry,final_eval,0.0,0.0,0.0,999,7,2,7,2025-29,8,2,7,9,2,7,10,2,7,13,2,7,17.80554,141.36297000000002,306.20325,-46.84140000000002,17.80554,141.36297000000002,306.20325,46.84140000000002
2025-07-23 08:00:00+00:00,long_dry,final_eval,0.0,0.0,0.0,999,8,2,7,2025-29,9,2,7,10,2,7,11,2,7,14,2,7,109.47736,239.94574,229.87243999999998,-46.07543999999996,109.47736,239.94574,229.87243999999998,46.07543999999996
2025-07-23 09:00:00+00:00,long_dry,final_eval,0.0,0.0,0.0,999,9,2,7,2025-29,10,2,7,11,2,7,12,2,7,15,2,7,-0.0080600000000004,83.7041999999999,545.3448000000001,-272.08140000000003,0.0080600000000004,83.7041999999999,545.3448000000001,272.08140000000003
2025-07-23 10:00:00+00:00,long_dry,final_eval,0.0,0.0,0.0,999,10,2,7,2025-29,11,2,7,12,2,7,13,2,7,16,2,7,90.53050000000007,522.9208000000001,-84.80819999999994,-21.404899999999998,90.53050000000007,522.9208000000001,84.80819999999994,21.404899999999998
2025-07-23 11:00:00+00:00,long_dry,final_eval,0.0,0.0,0.0,999,11,2,7,2025-29,12,2,7,13,2,7,14,2,7,17,2,7,476.10249999999996,-89.46119999999996,-247.08400000000006,44.69620000000009,476.10249999999996,89.46119999999996,247.08400000000006,44.69620000000009
2025-07-23 12:00:00+00:00,long_dry,final_eval,0.0,0.0,0.0,999,12,2,7,2025-29,13,2,7,14,2,7,15,2,7,18,2,7,-225.67579999999998,-363.9885999999999,-201.55860000000007,59.00739999999996,225.67579999999998,363.9885999999999,201.55860000000007,59.00739999999996
2025-07-24 16:00:00+00:00,long_dry,final_eval,0.0,0.0,0.0,999,16,3,7,2025-29,17,3,7,18,3,7,19,3,7,22,3,7,113.75369999999998,141.47019999999998,276.6863000000001,489.39110000000005,113.75369999999998,141.47019999999998,276.6863000000001,489.39110000000005
2025-07-24 17:00:00+00:00,long_dry,final_eval,0.0,0.0,0.0,999,17,3,7,2025-29,18,3,7,19,3,7,20,3,7,23,3,7,72.70039999999995,122.07590000000005,276.8501000000001,663.9649999999999,72.70039999999995,122.07590000000005,276.8501000000001,663.9649999999999
2025-07-24 18:00:00+00:00,long_dry,final_eval,0.0,0.0,0.0,999,18,3,7,2025-29,19,3,7,20,3,7,21,3,7,0,4,7,-78.9722999999999,68.88390000000004,740.1378,551.7747999999999,78.9722999999999,68.88390000000004,740.1378,551.7747999999999
2025-07-24 19:00:00+00:00,long_dry,final_eval,0.0,0.0,0.0,999,19,3,7,2025-29,20,3,7,21,3,7,22,3,7,1,4,7,6.205799999999954,610.2550000000001,567.5542,322.75390000000004,6.205799999999954,610.2550000000001,567.5542,322.75390000000004
2025-07-24 20:00:00+00:00,long_dry,final_eval,0.0,0.0,0.0,999,20,3,7,2025-29,21,3,7,22,3,7,23,3,7,2,4,7,683.1858,432.18820000000005,467.4556,246.65329999999994,683.1858,432.18820000000005,467.4556,246.65329999999994
2025-07-24 21:00:00+00:00,long_dry,final_eval,0.0,0.0,0.0,999,21,3,7,2025-29,22,3,7,23,3,7,0,4,7,3,4,7,444.635,383.2682,389.3900000000001,153.10775999999998,444.635,383.2682,389.3900000000001,153.10775999999998
2025-07-24 22:00:00+00:00,long_dry,final_eval,0.0,0.0,0.0,999,22,3,7,2025-29,23,3,7,0,4,7,1,4,7,4,4,7,586.6072999999999,454.1155000000001,309.22090000000003,51.04468000000003,586.6072999999999,454.1155000000001,309.22090000000003,51.04468000000003
2025-07-24 23:00:00+00:00,long_dry,final_eval,0.0,0.0,0.0,999,23,3,7,2025-29,0,4,7,1,4,7,2,4,7,5,4,7,390.52199999999993,276.13855,194.54192999999998,17.90395000000001,390.52199999999993,276.13855,194.54192999999998,17.90395000000001
2025-07-25 00:00:00+00:00,long_dry,final_eval,0.0,0.0,0.0,999,0,4,7,2025-29,1,4,7,2,4,7,3,4,7,6,4,7,272.7908,240.3668,200.57999999999998,3.221260000000001,272.7908,240.3668,200.57999999999998,3.221260000000001
2025-07-25 01:00:00+00:00,long_dry,final_eval,0.0,0.0,0.0,999,1,4,7,2025-29,2,4,7,3,4,7,4,4,7,7,4,7,171.07150000000001,150.18579999999997,65.16031000000001,-6.301136,171.07150000000001,150.18579999999997,65.16031000000001,6.301136
2025-07-25 02:00:00+00:00,long_dry,final_eval,0.0,0.0,0.0,999,2,4,7,2025-29,3,4,7,4,4,7,5,4,7,8,4,7,67.99000000000001,42.82279999999997,39.32521,14.333359999999999,67.99000000000001,42.82279999999997,39.32521,14.333359999999999
2025-07-25 03:00:00+00:00,long_dry,final_eval,0.0,0.0,0.0,999,3,4,7,2025-29,4,4,7,5,4,7,6,4,7,9,4,7,-40.211119999999994,8.800219999999996,4.1112600000000015,98.48552000000001,40.211119999999994,8.800219999999996,4.1112600000000015,98.48552000000001
2025-07-25 04:00:00+00:00,long_dry,final_eval,0.0,0.0,0.0,999,4,4,7,2025-29,5,4,7,6,4,7,7,4,7,10,4,7,21.896989999999988,16.03528,3.752346000000003,210.63373,21.896989999999988,16.03528,3.752346000000003,210.63373
2025-07-25 05:00:00+00:00,long_dry,final_eval,0.0,0.0,0.0,999,5,4,7,2025-29,6,4,7,7,4,7,8,4,7,11,4,7,11.490030000000004,7.475307000000001,27.551229999999997,277.98706000000004,11.490030000000004,7.475307000000001,27.551229999999997,277.98706000000004
2025-07-25 06:00:00+00:00,long_dry,final_eval,0.0,0.0,0.0,999,6,4,7,2025-29,7,4,7,8,4,7,9,4,7,12,4,7,14.302998000000002,25.210537000000002,140.45657,128.2437,14.302998000000002,25.210537000000002,140.45657,128.2437
2025-07-25 07:00:00+00:00,long_dry,final_eval,0.0,0.0,0.0,999,7,4,7,2025-29,8,4,7,9,4,7,10,4,7,13,4,7,23.00416,142.18977,181.14526,-44.53539999999998,23.00416,142.18977,181.14526,44.53539999999998
2025-07-25 08:00:00+00:00,long_dry,final_eval,0.0,0.0,0.0,999,8,4,7,2025-29,9,4,7,10,4,7,11,4,7,14,4,7,122.45846,148.96066000000002,85.81006000000002,-11.534850000000006,122.45846,148.96066000000002,85.81006000000002,11.534850000000006
2025-07-25 09:00:00+00:00,long_dry,final_eval,0.0,0.0,0.0,999,9,4,7,2025-29,10,4,7,11,4,7,12,4,7,15,4,7,-126.17100000000005,-113.77299999999991,165.0248999999999,-176.56150000000002,126.17100000000005,113.77299999999991,165.0248999999999,176.56150000000002
2025-07-25 10:00:00+00:00,long_dry,final_eval,0.0,0.0,0.0,999,10,4,7,2025-29,11,4,7,12,4,7,13,4,7,16,4,7,-73.91359999999997,180.11850000000004,-68.06750000000011,-45.01700000000005,73.91359999999997,180.11850000000004,68.06750000000011,45.01700000000005
2025-07-25 11:00:00+00:00,long_dry,final_eval,0.0,0.0,0.0,999,11,4,7,2025-29,12,4,7,13,4,7,14,4,7,17,4,7,142.30860000000007,-134.59159999999997,-243.20910000000003,-45.98610000000008,142.30860000000007,134.59159999999997,243.20910000000003,45.98610000000008
2025-07-25 12:00:00+00:00,long_dry,final_eval,0.0,0.0,0.0,999,12,4,7,2025-29,13,4,7,14,4,7,15,4,7,18,4,7,-157.94139999999993,-253.71129999999994,-156.3524,72.50680000000011,157.94139999999993,253.71129999999994,156.3524,72.50680000000011
2025-07-25 13:00:00+00:00,long_dry,final_eval,0.0,0.0,0.0,999,13,4,7,2025-29,14,4,7,15,4,7,16,4,7,19,4,7,-109.67849999999999,-120.3777,2.782799999999952,189.5702000000001,109.67849999999999,120.3777,2.782799999999952,189.5702000000001
2025-07-27 00:00:00+00:00,recent_rain,final_eval,0.0,2.2,2.4000000000000004,3,0,6,7,2025-30,1,6,7,2,6,7,3,6,7,6,6,7,194.06079999999997,167.01446999999996,205.31730000000005,73.362,194.06079999999997,167.01446999999996,205.31730000000005,73.362
2025-07-27 01:00:00+00:00,recent_rain,final_eval,0.0,2.2,2.4000000000000004,4,1,6,7,2025-30,2,6,7,3,6,7,4,6,7,7,6,7,130.41510000000005,176.8668,192.70623999999998,12.572590000000005,130.41510000000005,176.8668,192.70623999999998,12.572590000000005
2025-07-27 07:00:00+00:00,recovery,final_eval,0.0,12.100000000000001,12.100000000000001,1,7,6,7,2025-30,8,6,7,9,6,7,10,6,7,13,6,7,11.180169999999997,19.795599999999993,5.748250000000013,-200.10400000000004,11.180169999999997,19.795599999999993,5.748250000000013,200.10400000000004
2025-07-27 08:00:00+00:00,recovery,final_eval,0.0,12.100000000000001,12.100000000000001,2,8,6,7,2025-30,9,6,7,10,6,7,11,6,7,14,6,7,16.65186,14.024400000000014,-85.16757000000001,156.94180000000006,16.65186,14.024400000000014,85.16757000000001,156.94180000000006
2025-07-27 09:00:00+00:00,recovery,final_eval,0.0,11.700000000000001,12.100000000000001,3,9,6,7,2025-30,10,6,7,11,6,7,12,6,7,15,6,7,-37.39099999999999,-167.98595999999998,-188.70960000000002,126.29909999999995,37.39099999999999,167.98595999999998,188.70960000000002,126.29909999999995
2025-07-27 13:00:00+00:00,recovery,final_eval,0.0,10.0,12.200000000000001,1,13,6,7,2025-30,14,6,7,15,6,7,16,6,7,19,6,7,124.19129999999996,78.18470000000002,115.96260000000007,-247.11899999999991,124.19129999999996,78.18470000000002,115.96260000000007,247.11899999999991
2025-07-27 14:00:00+00:00,recovery,final_eval,0.0,10.0,12.200000000000001,2,14,6,7,2025-30,15,6,7,16,6,7,17,6,7,20,6,7,-25.731700000000046,33.0933,-861.7172,-177.75099999999998,25.731700000000046,33.0933,861.7172,177.75099999999998
2025-07-28 01:00:00+00:00,recovery,final_eval,0.0,5.8999999999999995,15.899999999999999,1,1,0,7,2025-30,2,0,7,3,0,7,4,0,7,7,0,7,4.45336999999995,31.660770000000014,69.8683,20.995354,4.45336999999995,31.660770000000014,69.8683,20.995354
2025-07-28 02:00:00+00:00,recovery,final_eval,0.0,5.8999999999999995,15.899999999999999,2,2,0,7,2025-30,3,0,7,4,0,7,5,0,7,8,0,7,-63.06137000000001,36.61095,50.91357000000001,35.844368,63.06137000000001,36.61095,50.91357000000001,35.844368
2025-07-28 03:00:00+00:00,recovery,final_eval,0.0,5.8999999999999995,9.699999999999998,3,3,0,7,2025-30,4,0,7,5,0,7,6,0,7,9,0,7,21.331790000000012,42.66206,25.040325000000003,78.26695,21.331790000000012,42.66206,25.040325000000003,78.26695
2025-07-29 01:00:00+00:00,long_dry,final_eval,0.0,0.0,0.0,999,1,1,7,2025-30,2,1,7,3,1,7,4,1,7,7,1,7,31.260800000000017,21.28989999999999,17.28989999999999,14.783079999999998,31.260800000000017,21.28989999999999,17.28989999999999,14.783079999999998
2025-07-29 02:00:00+00:00,long_dry,final_eval,0.0,0.0,0.0,999,2,1,7,2025-30,3,1,7,4,1,7,5,1,7,8,1,7,-86.07037000000003,-13.622899999999987,25.238929999999996,32.153263,86.07037000000003,13.622899999999987,25.238929999999996,32.153263
2025-07-29 03:00:00+00:00,long_dry,final_eval,0.0,0.0,0.0,999,3,1,7,2025-30,4,1,7,5,1,7,6,1,7,9,1,7,-24.732040000000012,16.11824,6.732300000000002,88.75443000000001,24.732040000000012,16.11824,6.732300000000002,88.75443000000001
2025-07-29 04:00:00+00:00,long_dry,final_eval,0.0,0.0,0.0,999,4,1,7,2025-30,5,1,7,6,1,7,7,1,7,10,1,7,24.394199999999998,20.59482,19.280987000000003,298.6682,24.394199999999998,20.59482,19.280987000000003,298.6682
2025-07-29 05:00:00+00:00,long_dry,final_eval,0.0,0.0,0.0,999,5,1,7,2025-30,6,1,7,7,1,7,8,1,7,11,1,7,15.827854000000002,15.342452999999999,38.147213,391.53560000000004,15.827854000000002,15.342452999999999,38.147213,391.53560000000004
2025-07-29 06:00:00+00:00,long_dry,final_eval,0.0,0.0,0.0,999,6,1,7,2025-30,7,1,7,8,1,7,9,1,7,12,1,7,16.87307,33.667007,118.52699,467.4695999999999,16.87307,33.667007,118.52699,467.4695999999999
2025-07-29 07:00:00+00:00,long_dry,final_eval,0.0,0.0,0.0,999,7,1,7,2025-30,8,1,7,9,1,7,10,1,7,13,1,7,30.732,120.59765,319.53372,-106.5743,30.732,120.59765,319.53372,106.5743
2025-07-29 08:00:00+00:00,long_dry,final_eval,0.0,0.0,0.0,999,8,1,7,2025-30,9,1,7,10,1,7,11,1,7,14,1,7,91.24667,275.10092,296.2382,-124.05200000000002,91.24667,275.10092,296.2382,124.05200000000002
2025-07-29 09:00:00+00:00,long_dry,final_eval,0.0,0.0,0.0,999,9,1,7,2025-30,10,1,7,11,1,7,12,1,7,15,1,7,34.819759999999974,140.2333000000001,489.6104,-303.4874,34.819759999999974,140.2333000000001,489.6104,303.4874
2025-07-29 10:00:00+00:00,long_dry,final_eval,0.0,0.0,0.0,999,10,1,7,2025-30,11,1,7,12,1,7,13,1,7,16,1,7,65.87840000000006,426.05420000000004,-169.84030000000007,-103.56909999999993,65.87840000000006,426.05420000000004,169.84030000000007,103.56909999999993
2025-07-29 11:00:00+00:00,long_dry,final_eval,0.0,0.0,0.0,999,11,1,7,2025-30,12,1,7,13,1,7,14,1,7,17,1,7,365.73749999999995,-183.3472999999999,-286.36760000000004,-64.58840000000009,365.73749999999995,183.3472999999999,286.36760000000004,64.58840000000009
2025-07-29 12:00:00+00:00,long_dry,final_eval,0.0,0.0,0.0,999,12,1,7,2025-30,13,1,7,14,1,7,15,1,7,18,1,7,-339.374,-430.54320000000007,-268.3162,-73.0485000000001,339.374,430.54320000000007,268.3162,73.0485000000001
2025-07-29 13:00:00+00:00,long_dry,final_eval,0.0,0.0,0.0,999,13,1,7,2025-30,14,1,7,15,1,7,16,1,7,19,1,7,-240.54139999999995,-262.9854,-152.79960000000005,35.155899999999974,240.54139999999995,262.9854,152.79960000000005,35.155899999999974
2025-07-29 14:00:00+00:00,long_dry,final_eval,0.0,0.0,0.0,999,14,1,7,2025-30,15,1,7,16,1,7,17,1,7,20,1,7,6.46857,138.74785999999995,-2.0544399999999996,200.07889999999998,6.46857,138.74785999999995,2.0544399999999996,200.07889999999998
2025-07-29 15:00:00+00:00,long_dry,final_eval,0.0,0.0,0.0,999,15,1,7,2025-30,16,1,7,17,1,7,18,1,7,21,1,7,123.44500000000005,35.067570000000046,-129.9022,731.2401,123.44500000000005,35.067570000000046,129.9022,731.2401
2025-07-29 16:00:00+00:00,long_dry,final_eval,0.0,0.0,0.0,999,16,1,7,2025-30,17,1,7,18,1,7,19,1,7,22,1,7,-77.9878000000001,-184.712,-21.372100000000046,659.733,77.9878000000001,184.712,21.372100000000046,659.733
2025-07-29 17:00:00+00:00,long_dry,final_eval,0.0,0.0,0.0,999,17,1,7,2025-30,18,1,7,19,1,7,20,1,7,23,1,7,-187.05770000000007,-101.65859999999998,223.48109999999997,447.69499999999994,187.05770000000007,101.65859999999998,223.48109999999997,447.69499999999994
2025-07-29 18:00:00+00:00,long_dry,final_eval,0.0,0.0,0.0,999,18,1,7,2025-30,19,1,7,20,1,7,21,1,7,0,2,7,-32.602300000000014,231.77060000000006,774.7952,470.1952000000001,32.602300000000014,231.77060000000006,774.7952,470.1952000000001
2025-07-29 19:00:00+00:00,long_dry,final_eval,0.0,0.0,0.0,999,19,1,7,2025-30,20,1,7,21,1,7,22,1,7,1,2,7,77.36550000000011,599.2058,626.0790999999999,234.2975,77.36550000000011,599.2058,626.0790999999999,234.2975
2025-07-29 20:00:00+00:00,long_dry,final_eval,0.0,0.0,0.0,999,20,1,7,2025-30,21,1,7,22,1,7,23,1,7,2,2,7,531.3652,444.52610000000004,310.7338,134.13525000000004,531.3652,444.52610000000004,310.7338,134.13525000000004
2025-07-29 21:00:00+00:00,long_dry,final_eval,0.0,0.0,0.0,999,21,1,7,2025-30,22,1,7,23,1,7,0,2,7,3,2,7,420.7418,178.15470000000005,266.3097,4.670599999999979,420.7418,178.15470000000005,266.3097,4.670599999999979
2025-07-29 22:00:00+00:00,long_dry,final_eval,0.0,0.0,0.0,999,22,1,7,2025-30,23,1,7,0,2,7,1,2,7,4,2,7,384.99019999999996,348.0896,246.2025,10.376620000000003,384.99019999999996,348.0896,246.2025,10.376620000000003
2025-07-29 23:00:00+00:00,long_dry,final_eval,0.0,0.0,0.0,999,23,1,7,2025-30,0,2,7,1,2,7,2,2,7,5,2,7,315.9855,214.54859999999996,92.51469999999995,-12.443290000000005,315.9855,214.54859999999996,92.51469999999995,12.443290000000005
2025-07-30 00:00:00+00:00,long_dry,final_eval,0.0,0.0,0.0,999,0,2,7,2025-30,1,2,7,2,2,7,3,2,7,6,2,7,180.46155,116.95249999999999,64.42383000000001,-10.900905999999999,180.46155,116.95249999999999,64.42383000000001,10.900905999999999
2025-07-30 01:00:00+00:00,long_dry,final_eval,0.0,0.0,0.0,999,1,2,7,2025-30,2,2,7,3,2,7,4,2,7,7,2,7,100.24350000000004,43.49509999999998,18.031779999999998,-2.5483169999999973,100.24350000000004,43.49509999999998,18.031779999999998,2.5483169999999973
2025-07-30 02:00:00+00:00,long_dry,final_eval,0.0,0.0,0.0,999,2,2,7,2025-30,3,2,7,4,2,7,5,2,7,8,2,7,-65.07443,-14.738499999999988,11.028899999999993,24.809162,65.07443,14.738499999999988,11.028899999999993,24.809162
2025-07-30 03:00:00+00:00,long_dry,final_eval,0.0,0.0,0.0,999,3,2,7,2025-30,4,2,7,5,2,7,6,2,7,9,2,7,-27.729929999999996,0.41640999999999906,-10.180447000000001,79.93566999999999,27.729929999999996,0.41640999999999906,10.180447000000001,79.93566999999999
2025-07-30 04:00:00+00:00,long_dry,final_eval,0.0,0.0,0.0,999,4,2,7,2025-30,5,2,7,6,2,7,7,2,7,10,2,7,11.702529999999996,5.066895000000002,1.7685699999999969,290.65652,11.702529999999996,5.066895000000002,1.7685699999999969,290.65652
2025-07-30 05:00:00+00:00,long_dry,final_eval,0.0,0.0,0.0,999,5,2,7,2025-30,6,2,7,7,2,7,8,2,7,11,2,7,7.132781999999999,3.5386120000000005,34.707863,299.7635,7.132781999999999,3.5386120000000005,34.707863,299.7635
2025-07-30 06:00:00+00:00,long_dry,final_eval,0.0,0.0,0.0,999,6,2,7,2025-30,7,2,7,8,2,7,9,2,7,12,2,7,1.04542,26.611404,108.03611,338.22749999999996,1.04542,26.611404,108.03611,338.22749999999996
2025-07-30 07:00:00+00:00,long_dry,final_eval,0.0,0.0,0.0,999,7,2,7,2025-30,8,2,7,9,2,7,10,2,7,13,2,7,27.780994,112.72328,308.5057,-92.17470000000003,27.780994,112.72328,308.5057,92.17470000000003
2025-07-30 08:00:00+00:00,long_dry,final_eval,0.0,0.0,0.0,999,8,2,7,2025-30,9,2,7,10,2,7,11,2,7,14,2,7,82.18636000000001,251.50427000000002,182.4801,-11.037959999999998,82.18636000000001,251.50427000000002,182.4801,11.037959999999998
2025-07-30 09:00:00+00:00,long_dry,final_eval,0.0,0.0,0.0,999,9,2,7,2025-30,10,2,7,11,2,7,12,2,7,15,2,7,45.553499999999985,60.78590000000008,371.1195,-318.4302,45.553499999999985,60.78590000000008,371.1195,318.4302
2025-07-30 10:00:00+00:00,long_dry,final_eval,0.0,0.0,0.0,999,10,2,7,2025-30,11,2,7,12,2,7,13,2,7,16,2,7,-36.89859999999999,359.46090000000004,-73.76829999999995,-77.34969999999998,36.89859999999999,359.46090000000004,73.76829999999995,77.34969999999998
2025-07-30 11:00:00+00:00,long_dry,final_eval,0.0,0.0,0.0,999,11,2,7,2025-30,12,2,7,13,2,7,14,2,7,17,2,7,345.06770000000006,-129.14370000000008,-233.9719,-157.29790000000003,345.06770000000006,129.14370000000008,233.9719,157.29790000000003
2025-07-30 12:00:00+00:00,long_dry,final_eval,0.0,0.0,0.0,999,12,2,7,2025-30,13,2,7,14,2,7,15,2,7,18,2,7,-232.34699999999998,-268.7216000000001,-215.75239999999997,17.77819999999997,232.34699999999998,268.7216000000001,215.75239999999997,17.77819999999997
2025-07-30 13:00:00+00:00,long_dry,final_eval,0.0,0.0,0.0,999,13,2,7,2025-30,14,2,7,15,2,7,16,2,7,19,2,7,-137.38964999999996,-215.543,-77.5585000000001,-68.56970000000001,137.38964999999996,215.543,77.5585000000001,68.56970000000001
2025-07-30 14:00:00+00:00,long_dry,final_eval,0.0,0.0,0.0,999,14,2,7,2025-30,15,2,7,16,2,7,17,2,7,20,2,7,-40.29639999999995,136.80395999999996,-73.23389999999995,65.2213999999999,40.29639999999995,136.80395999999996,73.23389999999995,65.2213999999999
2025-07-30 15:00:00+00:00,long_dry,final_eval,0.0,0.0,0.0,999,15,2,7,2025-30,16,2,7,17,2,7,18,2,7,21,2,7,210.95825000000002,35.8913,-14.664199999999937,731.3666000000001,210.95825000000002,35.8913,14.664199999999937,731.3666000000001
2025-07-30 16:00:00+00:00,long_dry,final_eval,0.0,0.0,0.0,999,16,2,7,2025-30,17,2,7,18,2,7,19,2,7,22,2,7,-118.6545000000001,-102.83649999999989,-103.3411000000001,564.1095,118.6545000000001,102.83649999999989,103.3411000000001,564.1095
2025-07-30 17:00:00+00:00,long_dry,final_eval,0.0,0.0,0.0,999,17,2,7,2025-30,18,2,7,19,2,7,20,2,7,23,2,7,9.343399999999974,-42.960000000000036,266.9253000000001,546.3200999999999,9.343399999999974,42.960000000000036,266.9253000000001,546.3200999999999
2025-07-30 18:00:00+00:00,long_dry,final_eval,0.0,0.0,0.0,999,18,2,7,2025-30,19,2,7,20,2,7,21,2,7,0,3,7,-261.4706000000001,-55.91779999999994,582.8855000000001,413.43910000000005,261.4706000000001,55.91779999999994,582.8855000000001,413.43910000000005
2025-07-30 19:00:00+00:00,long_dry,final_eval,0.0,0.0,0.0,999,19,2,7,2025-30,20,2,7,21,2,7,22,2,7,1,3,7,33.76970000000006,565.8983000000001,534.2904000000001,207.79190000000006,33.76970000000006,565.8983000000001,534.2904000000001,207.79190000000006
2025-07-30 20:00:00+00:00,long_dry,final_eval,0.0,0.0,0.0,999,20,2,7,2025-30,21,2,7,22,2,7,23,2,7,2,3,7,522.2421999999999,401.39689999999996,336.1449,115.46465999999998,522.2421999999999,401.39689999999996,336.1449,115.46465999999998
2025-07-30 21:00:00+00:00,long_dry,final_eval,0.0,0.0,0.0,999,21,2,7,2025-30,22,2,7,23,2,7,0,3,7,3,3,7,411.5621000000001,240.44730000000004,300.1738,-18.187000000000012,411.5621000000001,240.44730000000004,300.1738,18.187000000000012
2025-07-30 22:00:00+00:00,long_dry,final_eval,0.0,0.0,0.0,999,22,2,7,2025-30,23,2,7,0,3,7,1,3,7,4,3,7,435.6555000000001,382.89429999999993,265.37194999999997,-1.791169999999994,435.6555000000001,382.89429999999993,265.37194999999997,1.791169999999994
2025-07-30 23:00:00+00:00,long_dry,final_eval,0.0,0.0,0.0,999,23,2,7,2025-30,0,3,7,1,3,7,2,3,7,5,3,7,287.2919999999999,207.89890000000003,90.56029999999998,-14.747399999999999,287.2919999999999,207.89890000000003,90.56029999999998,14.747399999999999
2025-07-31 00:00:00+00:00,long_dry,final_eval,0.0,0.0,0.0,999,0,3,7,2025-30,1,3,7,2,3,7,3,3,7,6,3,7,197.03485,132.85649999999998,67.40848,-1.16901,197.03485,132.85649999999998,67.40848,1.16901
2025-07-31 01:00:00+00:00,long_dry,final_eval,0.0,0.0,0.0,999,1,3,7,2025-30,2,3,7,3,3,7,4,3,7,7,3,7,107.02940000000001,41.26636000000002,30.893200000000007,-3.4073100000000025,107.02940000000001,41.26636000000002,30.893200000000007,3.4073100000000025
2025-07-31 02:00:00+00:00,long_dry,final_eval,0.0,0.0,0.0,999,2,3,7,2025-30,3,3,7,4,3,7,5,3,7,8,3,7,-61.32990000000001,0.6348900000000128,19.35243,14.581383000000002,61.32990000000001,0.6348900000000128,19.35243,14.581383000000002
2025-07-31 03:00:00+00:00,long_dry,final_eval,0.0,0.0,0.0,999,3,3,7,2025-30,4,3,7,5,3,7,6,3,7,9,3,7,-4.729929999999996,13.416409999999999,8.819552999999999,87.93566999999999,4.729929999999996,13.416409999999999,8.819552999999999,87.93566999999999
2025-07-31 04:00:00+00:00,long_dry,final_eval,0.0,0.0,0.0,999,4,3,7,2025-30,5,3,7,6,3,7,7,3,7,10,3,7,9.042534000000003,20.551969999999997,7.571567999999999,335.2019,9.042534000000003,20.551969999999997,7.571567999999999,335.2019
2025-07-31 05:00:00+00:00,long_dry,final_eval,0.0,0.0,0.0,999,5,3,7,2025-30,6,3,7,7,3,7,8,3,7,11,3,7,19.444992,6.237270000000002,27.102890000000002,466.35170000000005,19.444992,6.237270000000002,27.102890000000002,466.35170000000005
2025-07-31 06:00:00+00:00,long_dry,final_eval,0.0,0.0,0.0,999,6,3,7,2025-30,7,3,7,8,3,7,9,3,7,12,3,7,7.387115000000001,21.267339999999997,114.20415,453.2197000000001,7.387115000000001,21.267339999999997,114.20415,453.2197000000001
2025-07-31 07:00:00+00:00,long_dry,final_eval,0.0,0.0,0.0,999,7,3,7,2025-30,8,3,7,9,3,7,10,3,7,13,3,7,20.543616999999998,122.25146,320.59018,96.4407000000001,20.543616999999998,122.25146,320.59018,96.4407000000001
2025-07-31 08:00:00+00:00,long_dry,final_eval,0.0,0.0,0.0,999,8,3,7,2025-30,9,3,7,10,3,7,11,3,7,14,3,7,98.81176,271.17084,371.9465,3.2428599999999506,98.81176,271.17084,371.9465,3.2428599999999506
2025-07-31 09:00:00+00:00,long_dry,final_eval,0.0,0.0,0.0,999,9,3,7,2025-30,10,3,7,11,3,7,12,3,7,15,3,7,31.477999999999952,206.30259999999998,484.5905,-256.4677999999999,31.477999999999952,206.30259999999998,484.5905,256.4677999999999
2025-07-31 10:00:00+00:00,long_dry,final_eval,0.0,0.0,0.0,999,10,3,7,2025-30,11,3,7,12,3,7,13,3,7,16,3,7,160.50170000000003,451.14560000000006,33.12040000000002,-38.64370000000008,160.50170000000003,451.14560000000006,33.12040000000002,38.64370000000008
2025-07-31 11:00:00+00:00,long_dry,final_eval,0.0,0.0,0.0,999,11,3,7,2025-30,12,3,7,13,3,7,14,3,7,17,3,7,408.25389999999993,85.91090000000008,-153.68630000000007,15.770500000000084,408.25389999999993,85.91090000000008,153.68630000000007,15.770500000000084
2025-07-31 12:00:00+00:00,long_dry,final_eval,0.0,0.0,0.0,999,12,3,7,2025-30,13,3,7,14,3,7,15,3,7,18,3,7,-113.46389999999997,-296.3771999999999,-206.1452999999999,-342.9655,113.46389999999997,296.3771999999999,206.1452999999999,342.9655
2025-07-31 16:00:00+00:00,recovery,final_eval,0.0,8.2,8.2,1,16,3,7,2025-30,17,3,7,18,3,7,19,3,7,22,3,7,76.67060000000004,-311.9079999999999,-175.86470000000008,-582.1785,76.67060000000004,311.9079999999999,175.86470000000008,582.1785
2025-08-01 01:00:00+00:00,recovery,final_eval,0.0,27.7,27.7,1,1,4,8,2025-30,2,4,8,3,4,8,4,4,8,7,4,8,27.529300000000035,56.74707000000001,-12.299260000000004,-22.058258000000002,27.529300000000035,56.74707000000001,12.299260000000004,22.058258000000002
2025-08-01 02:00:00+00:00,recovery,final_eval,0.0,27.0,27.7,2,2,4,8,2025-30,3,4,8,4,4,8,5,4,8,8,4,8,-47.10489999999999,-39.31458000000001,-2.1177899999999994,9.427639999999997,47.10489999999999,39.31458000000001,2.1177899999999994,9.427639999999997
2025-08-01 03:00:00+00:00,recovery,final_eval,0.0,19.6,27.7,3,3,4,8,2025-30,4,4,8,5,4,8,6,4,8,9,4,8,-25.64135999999999,6.716099999999997,-8.104879999999994,45.36054999999999,25.64135999999999,6.716099999999997,8.104879999999994,45.36054999999999
2025-08-01 06:00:00+00:00,recovery,final_eval,0.0,19.5,27.900000000000002,1,6,4,8,2025-30,7,4,8,8,4,8,9,4,8,12,4,8,-3.702525999999999,18.43179,79.34319,-130.36400000000003,3.702525999999999,18.43179,79.34319,130.36400000000003
2025-08-01 07:00:00+00:00,recovery,final_eval,0.0,19.4,27.900000000000002,2,7,4,8,2025-30,8,4,8,9,4,8,10,4,8,13,4,8,19.885413999999997,83.39719,157.1255,-383.27109999999993,19.885413999999997,83.39719,157.1255,383.27109999999993
2025-08-01 08:00:00+00:00,recovery,final_eval,0.0,13.3,27.900000000000002,3,8,4,8,2025-30,9,4,8,10,4,8,11,4,8,14,4,8,62.07683,132.50576999999998,13.32370000000003,-96.10735999999997,62.07683,132.50576999999998,13.32370000000003,96.10735999999997
2025-08-01 17:00:00+00:00,recovery,final_eval,0.0,6.1,25.7,1,17,4,8,2025-30,18,4,8,19,4,8,20,4,8,23,4,8,72.27260000000001,105.54790000000003,271.2445,277.5869,72.27260000000001,105.54790000000003,271.2445,277.5869
2025-08-01 18:00:00+00:00,recovery,final_eval,0.0,6.0,25.5,2,18,4,8,2025-30,19,4,8,20,4,8,21,4,8,0,5,8,-16.89390000000003,55.92419999999993,410.8885,205.11224000000004,16.89390000000003,55.92419999999993,410.8885,205.11224000000004
2025-08-01 19:00:00+00:00,recovery,final_eval,0.0,6.0,25.4,3,19,4,8,2025-30,20,4,8,21,4,8,22,4,8,1,5,8,127.93100000000004,313.20579999999995,178.98109999999997,68.08879999999999,127.93100000000004,313.20579999999995,178.98109999999997,68.08879999999999
2025-08-03 16:00:00+00:00,long_dry,final_eval,0.0,0.0,0.0,999,16,6,8,2025-31,17,6,8,18,6,8,19,6,8,22,6,8,111.40609999999992,89.1271999999999,358.78430000000003,116.94509999999991,111.40609999999992,89.1271999999999,358.78430000000003,116.94509999999991
2025-08-03 17:00:00+00:00,long_dry,final_eval,0.0,0.0,0.0,999,17,6,8,2025-31,18,6,8,19,6,8,20,6,8,23,6,8,129.7503999999999,349.8795,226.06809999999996,22.051400000000058,129.7503999999999,349.8795,226.06809999999996,22.051400000000058
2025-08-03 18:00:00+00:00,long_dry,final_eval,0.0,0.0,0.0,999,18,6,8,2025-31,19,6,8,20,6,8,21,6,8,0,0,8,360.24620000000004,219.5519999999999,144.4891,174.80550000000005,360.24620000000004,219.5519999999999,144.4891,174.80550000000005
2025-08-03 19:00:00+00:00,long_dry,final_eval,0.0,0.0,0.0,999,19,6,8,2025-31,20,6,8,21,6,8,22,6,8,1,0,8,-86.5329999999999,-220.02430000000004,-123.45579999999995,-220.71749999999997,86.5329999999999,220.02430000000004,123.45579999999995,220.71749999999997
2025-08-03 20:00:00+00:00,long_dry,final_eval,0.0,0.0,0.0,999,20,6,8,2025-31,21,6,8,22,6,8,23,6,8,2,0,8,12.263099999999895,47.027000000000044,-55.79189999999994,-93.64873999999998,12.263099999999895,47.027000000000044,55.79189999999994,93.64873999999998
2025-08-03 21:00:00+00:00,long_dry,final_eval,0.0,0.0,0.0,999,21,6,8,2025-31,22,6,8,23,6,8,0,0,8,3,0,8,-6.704500000000053,-92.15169999999989,-87.21029999999996,-156.50607000000002,6.704500000000053,92.15169999999989,87.21029999999996,156.50607000000002
2025-08-03 22:00:00+00:00,long_dry,final_eval,0.0,0.0,0.0,999,22,6,8,2025-31,23,6,8,0,0,8,1,0,8,4,0,8,3.718800000000101,83.27629999999999,-98.93273999999997,-42.382419999999996,3.718800000000101,83.27629999999999,98.93273999999997,42.382419999999996
2025-08-03 23:00:00+00:00,long_dry,final_eval,0.0,0.0,0.0,999,23,6,8,2025-31,0,0,8,1,0,8,2,0,8,5,0,8,-9.962999999999965,-137.08939999999996,-81.03723000000002,-23.715459999999993,9.962999999999965,137.08939999999996,81.03723000000002,23.715459999999993
2025-08-04 00:00:00+00:00,long_dry,final_eval,0.0,0.0,0.0,999,0,0,8,2025-31,1,0,8,2,0,8,3,0,8,6,0,8,-129.67285000000004,-43.36059999999998,-29.626800000000003,-9.403602999999997,129.67285000000004,43.36059999999998,29.626800000000003,9.403602999999997
2025-08-04 01:00:00+00:00,long_dry,final_eval,0.0,0.0,0.0,999,1,0,8,2025-31,2,0,8,3,0,8,4,0,8,7,0,8,-55.73040000000003,-47.06540000000001,-7.888470000000012,-1.1909800000000033,55.73040000000003,47.06540000000001,7.888470000000012,1.1909800000000033
2025-08-04 02:00:00+00:00,long_dry,final_eval,0.0,0.0,0.0,999,2,0,8,2025-31,3,0,8,4,0,8,5,0,8,8,0,8,-46.24158,-11.787900000000008,-1.7557450000000046,4.636584999999997,46.24158,11.787900000000008,1.7557450000000046,4.636584999999997
2025-08-04 03:00:00+00:00,long_dry,final_eval,0.0,0.0,0.0,999,3,0,8,2025-31,4,0,8,5,0,8,6,0,8,9,0,8,11.475159999999988,16.041210000000007,3.774700000000003,45.158829999999995,11.475159999999988,16.041210000000007,3.774700000000003,45.158829999999995
2025-08-04 04:00:00+00:00,long_dry,final_eval,0.0,0.0,0.0,999,4,0,8,2025-31,5,0,8,6,0,8,7,0,8,10,0,8,7.01661,4.978245000000001,3.5290099999999995,120.9477,7.01661,4.978245000000001,3.5290099999999995,120.9477
2025-08-04 05:00:00+00:00,long_dry,final_eval,0.0,0.0,0.0,999,5,0,8,2025-31,6,0,8,7,0,8,8,0,8,11,0,8,8.037872,6.001055000000001,9.694595,135.7989,8.037872,6.001055000000001,9.694595,135.7989
2025-08-04 06:00:00+00:00,long_dry,final_eval,0.0,0.0,0.0,999,6,0,8,2025-31,7,0,8,8,0,8,9,0,8,12,0,8,3.5917299999999983,0.5093350000000001,61.36152,28.33680000000004,3.5917299999999983,0.5093350000000001,61.36152,28.33680000000004
2025-08-04 07:00:00+00:00,long_dry,final_eval,0.0,0.0,0.0,999,7,0,8,2025-31,8,0,8,9,0,8,10,0,8,13,0,8,2.468327000000002,66.04613,158.70800000000003,-98.77260000000001,2.468327000000002,66.04613,158.70800000000003,98.77260000000001
2025-08-04 08:00:00+00:00,long_dry,final_eval,0.0,0.0,0.0,999,8,0,8,2025-31,9,0,8,10,0,8,11,0,8,14,0,8,67.20078,163.5163,80.32079999999996,-113.12699999999995,67.20078,163.5163,80.32079999999996,113.12699999999995
2025-08-04 09:00:00+00:00,long_dry,final_eval,0.0,0.0,0.0,999,9,0,8,2025-31,10,0,8,11,0,8,12,0,8,15,0,8,-55.69709999999998,-94.98469999999998,72.55300000000011,-206.37869999999998,55.69709999999998,94.98469999999998,72.55300000000011,206.37869999999998
2025-08-04 10:00:00+00:00,long_dry,final_eval,0.0,0.0,0.0,999,10,0,8,2025-31,11,0,8,12,0,8,13,0,8,16,0,8,-122.48990000000003,45.55250000000001,-189.63760000000002,-84.23649999999998,122.48990000000003,45.55250000000001,189.63760000000002,84.23649999999998
2025-08-04 11:00:00+00:00,long_dry,final_eval,0.0,0.0,0.0,999,11,0,8,2025-31,12,0,8,13,0,8,14,0,8,17,0,8,43.1253999999999,-250.56510000000003,-357.73019999999997,-195.31410000000005,43.1253999999999,250.56510000000003,357.73019999999997,195.31410000000005
2025-08-04 12:00:00+00:00,long_dry,final_eval,0.0,0.0,0.0,999,12,0,8,2025-31,13,0,8,14,0,8,15,0,8,18,0,8,-277.9849999999999,-303.57665999999995,-136.84862999999996,-103.07999999999993,277.9849999999999,303.57665999999995,136.84862999999996,103.07999999999993
2025-08-04 13:00:00+00:00,long_dry,final_eval,0.0,0.0,0.0,999,13,0,8,2025-31,14,0,8,15,0,8,16,0,8,19,0,8,-213.51469999999995,-146.64075000000003,-67.4565,-135.548,213.51469999999995,146.64075000000003,67.4565,135.548
2025-08-04 14:00:00+00:00,long_dry,final_eval,0.0,0.0,0.0,999,14,0,8,2025-31,15,0,8,16,0,8,17,0,8,20,0,8,40.826400000000035,130.50573999999995,-87.30304000000001,30.88059999999996,40.826400000000035,130.50573999999995,87.30304000000001,30.88059999999996
2025-08-04 15:00:00+00:00,long_dry,final_eval,0.0,0.0,0.0,999,15,0,8,2025-31,16,0,8,17,0,8,18,0,8,21,0,8,87.71100000000001,-78.38306,-212.95849999999996,498.3554999999999,87.71100000000001,78.38306,212.95849999999996,498.3554999999999
2025-08-04 16:00:00+00:00,long_dry,final_eval,0.0,0.0,0.0,999,16,0,8,2025-31,17,0,8,18,0,8,19,0,8,22,0,8,-125.43280000000004,-208.5820000000001,-203.04330000000004,409.88779999999997,125.43280000000004,208.5820000000001,203.04330000000004,409.88779999999997
2025-08-04 17:00:00+00:00,long_dry,final_eval,0.0,0.0,0.0,999,17,0,8,2025-31,18,0,8,19,0,8,20,0,8,23,0,8,-96.54359999999997,-100.6128000000001,244.42550000000006,409.98720000000003,96.54359999999997,100.6128000000001,244.42550000000006,409.98720000000003
2025-08-04 18:00:00+00:00,long_dry,final_eval,0.0,0.0,0.0,999,18,0,8,2025-31,19,0,8,20,0,8,21,0,8,0,1,8,-150.2881,92.40730000000008,570.95,259.80566,150.2881,92.40730000000008,570.95,259.80566
2025-08-04 19:00:00+00:00,long_dry,final_eval,0.0,0.0,0.0,999,19,0,8,2025-31,20,0,8,21,0,8,22,0,8,1,1,8,98.21440000000007,497.5927999999999,430.29320000000007,-38.472999999999956,98.21440000000007,497.5927999999999,430.29320000000007,38.472999999999956
2025-08-04 20:00:00+00:00,long_dry,final_eval,0.0,0.0,0.0,999,20,0,8,2025-31,21,0,8,22,0,8,23,0,8,2,1,8,459.828,284.83310000000006,198.71730000000002,-2.341739999999959,459.828,284.83310000000006,198.71730000000002,2.341739999999959
2025-08-04 21:00:00+00:00,long_dry,final_eval,0.0,0.0,0.0,999,21,0,8,2025-31,22,0,8,23,0,8,0,1,8,3,1,8,320.95910000000003,168.4414999999999,105.89499999999998,-83.59881999999999,320.95910000000003,168.4414999999999,105.89499999999998,83.59881999999999
2025-08-04 22:00:00+00:00,long_dry,final_eval,0.0,0.0,0.0,999,22,0,8,2025-31,23,0,8,0,1,8,1,1,8,4,1,8,308.047,153.11439999999993,-38.29660000000001,-53.58063999999999,308.047,153.11439999999993,38.29660000000001,53.58063999999999
2025-08-04 23:00:00+00:00,long_dry,final_eval,0.0,0.0,0.0,999,23,0,8,2025-31,0,1,8,1,1,8,2,1,8,5,1,8,79.7346,-97.2233,-61.408199999999965,-48.016859999999994,79.7346,97.2233,61.408199999999965,48.016859999999994
2025-08-05 00:00:00+00:00,long_dry,final_eval,0.0,0.0,0.0,999,0,1,8,2025-31,1,1,8,2,1,8,3,1,8,6,1,8,-71.50930000000005,-11.347099999999955,-26.906740000000013,-11.362139999999997,71.50930000000005,11.347099999999955,26.906740000000013,11.362139999999997
2025-08-05 01:00:00+00:00,long_dry,final_eval,0.0,0.0,0.0,999,1,1,8,2025-31,2,1,8,3,1,8,4,1,8,7,1,8,-37.65110000000004,-45.80844000000002,-43.17840000000001,-2.865074,37.65110000000004,45.80844000000002,43.17840000000001,2.865074
2025-08-05 02:00:00+00:00,long_dry,final_eval,0.0,0.0,0.0,999,2,1,8,2025-31,3,1,8,4,1,8,5,1,8,8,1,8,-47.85635000000002,-46.53566000000001,-30.639656000000002,7.8442599999999985,47.85635000000002,46.53566000000001,30.639656000000002,7.8442599999999985
2025-08-05 03:00:00+00:00,long_dry,final_eval,0.0,0.0,0.0,999,3,1,8,2025-31,4,1,8,5,1,8,6,1,8,9,1,8,-18.707054,-10.503048,0.7515500000000017,59.506485,18.707054,10.503048,0.7515500000000017,59.506485
2025-08-05 04:00:00+00:00,long_dry,final_eval,0.0,0.0,0.0,999,4,1,8,2025-31,5,1,8,6,1,8,7,1,8,10,1,8,-3.4702569999999966,5.869391999999998,3.1750800000000012,109.64461999999997,3.4702569999999966,5.869391999999998,3.1750800000000012,109.64461999999997
2025-08-05 05:00:00+00:00,long_dry,final_eval,0.0,0.0,0.0,999,5,1,8,2025-31,6,1,8,7,1,8,8,1,8,11,1,8,4.670836999999999,3.266404999999999,12.119025999999998,237.44304999999997,4.670836999999999,3.266404999999999,12.119025999999998,237.44304999999997
2025-08-05 06:00:00+00:00,long_dry,final_eval,0.0,0.0,0.0,999,6,1,8,2025-31,7,1,8,8,1,8,9,1,8,12,1,8,1.8242420000000017,1.6244739999999993,66.37721,371.4426000000001,1.8242420000000017,1.6244739999999993,66.37721,371.4426000000001
2025-08-05 07:00:00+00:00,long_dry,final_eval,0.0,0.0,0.0,999,7,1,8,2025-31,8,1,8,9,1,8,10,1,8,13,1,8,5.973840000000003,77.722084,198.35645,-66.89386000000002,5.973840000000003,77.722084,198.35645,66.89386000000002
2025-08-05 08:00:00+00:00,long_dry,final_eval,0.0,0.0,0.0,999,8,1,8,2025-31,9,1,8,10,1,8,11,1,8,14,1,8,59.032295000000005,164.52114999999998,164.86950000000002,-79.13610000000006,59.032295000000005,164.52114999999998,164.86950000000002,79.13610000000006
2025-08-05 09:00:00+00:00,long_dry,final_eval,0.0,0.0,0.0,999,9,1,8,2025-31,10,1,8,11,1,8,12,1,8,15,1,8,-7.173400000000015,40.138059999999996,389.3868,-254.45525999999995,7.173400000000015,40.138059999999996,389.3868,254.45525999999995
2025-08-05 10:00:00+00:00,long_dry,final_eval,0.0,0.0,0.0,999,10,1,8,2025-31,11,1,8,12,1,8,13,1,8,16,1,8,21.89540000000011,392.712,-161.5386000000001,-133.37009999999998,21.89540000000011,392.712,161.5386000000001,133.37009999999998
2025-08-05 11:00:00+00:00,long_dry,final_eval,0.0,0.0,0.0,999,11,1,8,2025-31,12,1,8,13,1,8,14,1,8,17,1,8,374.6117999999999,-75.80553999999995,-202.79944,-147.52890000000002,374.6117999999999,75.80553999999995,202.79944,147.52890000000002
2025-08-05 12:00:00+00:00,long_dry,final_eval,0.0,0.0,0.0,999,12,1,8,2025-31,13,1,8,14,1,8,15,1,8,18,1,8,-223.788,-211.841,-105.23630000000003,-87.49274000000003,223.788,211.841,105.23630000000003,87.49274000000003
2025-08-05 13:00:00+00:00,long_dry,final_eval,0.0,0.0,0.0,999,13,1,8,2025-31,14,1,8,15,1,8,16,1,8,19,1,8,-220.71436000000006,-192.17993,-107.29380000000003,5.65300000000002,220.71436000000006,192.17993,107.29380000000003,5.65300000000002
2025-08-05 14:00:00+00:00,long_dry,final_eval,0.0,0.0,0.0,999,14,1,8,2025-31,15,1,8,16,1,8,17,1,8,20,1,8,-14.308040000000005,74.49980000000005,-95.39380000000006,186.49340000000007,14.308040000000005,74.49980000000005,95.39380000000006,186.49340000000007
2025-08-05 15:00:00+00:00,long_dry,final_eval,0.0,0.0,0.0,999,15,1,8,2025-31,16,1,8,17,1,8,18,1,8,21,1,8,64.16909999999996,-67.21690000000001,-190.73289999999997,748.1461999999999,64.16909999999996,67.21690000000001,190.73289999999997,748.1461999999999
2025-08-05 16:00:00+00:00,long_dry,final_eval,0.0,0.0,0.0,999,16,1,8,2025-31,17,1,8,18,1,8,19,1,8,22,1,8,-79.58325000000002,-135.0510999999999,-2.838600000000042,498.8541,79.58325000000002,135.0510999999999,2.838600000000042,498.8541
2025-08-05 17:00:00+00:00,long_dry,final_eval,0.0,0.0,0.0,999,17,1,8,2025-31,18,1,8,19,1,8,20,1,8,23,1,8,-90.48249999999996,-9.539899999999989,320.70910000000003,313.28369999999995,90.48249999999996,9.539899999999989,320.70910000000003,313.28369999999995
2025-08-05 18:00:00+00:00,long_dry,final_eval,0.0,0.0,0.0,999,18,1,8,2025-31,19,1,8,20,1,8,21,1,8,0,2,8,-57.824299999999994,199.42399999999998,771.4175,283.12885000000006,57.824299999999994,199.42399999999998,771.4175,283.12885000000006
2025-08-05 19:00:00+00:00,long_dry,final_eval,0.0,0.0,0.0,999,19,1,8,2025-31,20,1,8,21,1,8,22,1,8,1,2,8,55.94200000000001,598.7211,554.8805,255.5711,55.94200000000001,598.7211,554.8805,255.5711
2025-08-05 20:00:00+00:00,long_dry,final_eval,0.0,0.0,0.0,999,20,1,8,2025-31,21,1,8,22,1,8,23,1,8,2,2,8,558.1313,369.36519999999996,107.53639999999996,73.14386000000002,558.1313,369.36519999999996,107.53639999999996,73.14386000000002
2025-08-05 21:00:00+00:00,long_dry,final_eval,0.0,0.0,0.0,999,21,1,8,2025-31,22,1,8,23,1,8,0,2,8,3,2,8,359.1172999999999,-18.119300000000067,41.81960000000004,-72.93920000000003,359.1172999999999,18.119300000000067,41.81960000000004,72.93920000000003
2025-08-05 22:00:00+00:00,long_dry,final_eval,0.0,0.0,0.0,999,22,1,8,2025-31,23,1,8,0,2,8,1,2,8,4,2,8,195.90660000000003,130.78430000000003,215.91020000000003,-32.610780000000005,195.90660000000003,130.78430000000003,215.91020000000003,32.610780000000005
2025-08-05 23:00:00+00:00,long_dry,final_eval,0.0,0.0,0.0,999,23,1,8,2025-31,0,2,8,1,2,8,2,2,8,5,2,8,138.65650000000005,216.9248,39.05790000000002,-29.783360000000002,138.65650000000005,216.9248,39.05790000000002,29.783360000000002
2025-08-06 00:00:00+00:00,long_dry,final_eval,0.0,0.0,0.0,999,0,2,8,2025-31,1,2,8,2,2,8,3,2,8,6,2,8,178.65355999999997,48.43420000000003,-26.544600000000003,-23.77106,178.65355999999997,48.43420000000003,26.544600000000003,23.77106
2025-08-06 01:00:00+00:00,long_dry,final_eval,0.0,0.0,0.0,999,1,2,8,2025-31,2,2,8,3,2,8,4,2,8,7,2,8,19.225299999999947,-46.98509999999999,-30.33632,-13.561813,19.225299999999947,46.98509999999999,30.33632,13.561813
2025-08-06 02:00:00+00:00,long_dry,final_eval,0.0,0.0,0.0,999,2,2,8,2025-31,3,2,8,4,2,8,5,2,8,8,2,8,-127.29250000000002,-53.24173999999999,-7.656334000000001,15.648487000000003,127.29250000000002,53.24173999999999,7.656334000000001,15.648487000000003
2025-08-06 03:00:00+00:00,long_dry,final_eval,0.0,0.0,0.0,999,3,2,8,2025-31,4,2,8,5,2,8,6,2,8,9,2,8,-7.917509999999993,8.750619999999998,-9.913510000000002,67.12450999999999,7.917509999999993,8.750619999999998,9.913510000000002,67.12450999999999
2025-08-06 04:00:00+00:00,long_dry,final_eval,0.0,0.0,0.0,999,4,2,8,2025-31,5,2,8,6,2,8,7,2,8,10,2,8,18.525100000000002,-3.3513829999999984,-10.411798000000001,105.65557999999999,18.525100000000002,3.3513829999999984,10.411798000000001,105.65557999999999
2025-08-06 05:00:00+00:00,long_dry,final_eval,0.0,0.0,0.0,999,5,2,8,2025-31,6,2,8,7,2,8,8,2,8,11,2,8,-3.792625000000001,-9.152998,21.505744999999997,227.72766000000001,3.792625000000001,9.152998,21.505744999999997,227.72766000000001
2025-08-06 06:00:00+00:00,long_dry,final_eval,0.0,0.0,0.0,999,6,2,8,2025-31,7,2,8,8,2,8,9,2,8,12,2,8,-9.367182,12.185882999999997,83.875244,358.5103999999999,9.367182,12.185882999999997,83.875244,358.5103999999999
2025-08-06 07:00:00+00:00,long_dry,final_eval,0.0,0.0,0.0,999,7,2,8,2025-31,8,2,8,9,2,8,10,2,8,13,2,8,12.982998000000002,86.75823,192.41248000000002,-41.899400000000014,12.982998000000002,86.75823,192.41248000000002,41.899400000000014
2025-08-06 08:00:00+00:00,long_dry,final_eval,0.0,0.0,0.0,999,8,2,8,2025-31,9,2,8,10,2,8,11,2,8,14,2,8,66.14994999999999,163.23453,160.2975,-41.32249999999999,66.14994999999999,163.23453,160.2975,41.32249999999999
2025-08-06 09:00:00+00:00,long_dry,final_eval,0.0,0.0,0.0,999,9,2,8,2025-31,10,2,8,11,2,8,12,2,8,15,2,8,-15.238200000000006,40.56650000000002,396.7617,-277.73456,15.238200000000006,40.56650000000002,396.7617,277.73456
2025-08-06 10:00:00+00:00,long_dry,final_eval,0.0,0.0,0.0,999,10,2,8,2025-31,11,2,8,12,2,8,13,2,8,16,2,8,25.724699999999984,404.1554000000001,-125.81619999999998,-138.61760000000004,25.724699999999984,404.1554000000001,125.81619999999998,138.61760000000004
2025-08-06 11:00:00+00:00,long_dry,final_eval,0.0,0.0,0.0,999,11,2,8,2025-31,12,2,8,13,2,8,14,2,8,17,2,8,372.4293,-154.5281,-269.38715,-102.8257000000001,372.4293,154.5281,269.38715,102.8257000000001
2025-08-06 12:00:00+00:00,long_dry,final_eval,0.0,0.0,0.0,999,12,2,8,2025-31,13,2,8,14,2,8,15,2,8,18,2,8,-188.2726,-217.42409999999995,-168.73220000000003,-1.093499999999949,188.2726,217.42409999999995,168.73220000000003,1.093499999999949
2025-08-06 13:00:00+00:00,long_dry,final_eval,0.0,0.0,0.0,999,13,2,8,2025-31,14,2,8,15,2,8,16,2,8,19,2,8,-127.25250000000005,-150.93219999999997,-57.26275999999996,-1.2878000000000611,127.25250000000005,150.93219999999997,57.26275999999996,1.2878000000000611
2025-08-08 05:00:00+00:00,long_dry,final_eval,0.0,0.0,0.0,999,5,4,8,2025-31,6,4,8,7,4,8,8,4,8,11,4,8,16.01079,-10.155262,13.918793,33.9239,16.01079,10.155262,13.918793,33.9239
2025-08-08 06:00:00+00:00,long_dry,final_eval,0.0,0.0,0.0,999,6,4,8,2025-31,7,4,8,8,4,8,9,4,8,12,4,8,-9.734250000000003,7.219389999999997,62.807590000000005,28.825599999999895,9.734250000000003,7.219389999999997,62.807590000000005,28.825599999999895
2025-08-08 07:00:00+00:00,long_dry,final_eval,0.0,0.0,0.0,999,7,4,8,2025-31,8,4,8,9,4,8,10,4,8,13,4,8,11.364044,71.70531,152.02132999999998,-79.75369999999998,11.364044,71.70531,152.02132999999998,79.75369999999998
2025-08-08 08:00:00+00:00,long_dry,final_eval,0.0,0.0,0.0,999,8,4,8,2025-31,9,4,8,10,4,8,11,4,8,14,4,8,49.173996,119.31475999999998,-27.652950000000033,-38.96630000000005,49.173996,119.31475999999998,27.652950000000033,38.96630000000005
2025-08-08 09:00:00+00:00,long_dry,final_eval,0.0,0.0,0.0,999,9,4,8,2025-31,10,4,8,11,4,8,12,4,8,15,4,8,-64.75686999999999,-141.60630000000003,70.48080000000004,-216.99019999999996,64.75686999999999,141.60630000000003,70.48080000000004,216.99019999999996
2025-08-08 10:00:00+00:00,long_dry,final_eval,0.0,0.0,0.0,999,10,4,8,2025-31,11,4,8,12,4,8,13,4,8,16,4,8,-157.93240000000003,73.45810000000006,-135.4650999999999,-142.8970999999999,157.93240000000003,73.45810000000006,135.4650999999999,142.8970999999999
2025-08-08 11:00:00+00:00,long_dry,final_eval,0.0,0.0,0.0,999,11,4,8,2025-31,12,4,8,13,4,8,14,4,8,17,4,8,118.29140000000007,-182.3043,-343.43129999999996,-122.3420000000001,118.29140000000007,182.3043,343.43129999999996,122.3420000000001
2025-08-08 12:00:00+00:00,long_dry,final_eval,0.0,0.0,0.0,999,12,4,8,2025-31,13,4,8,14,4,8,15,4,8,18,4,8,-148.64249999999993,-205.79895,-169.57150000000001,-6.599099999999908,148.64249999999993,205.79895,169.57150000000001,6.599099999999908
2025-08-08 13:00:00+00:00,long_dry,final_eval,0.0,0.0,0.0,999,13,4,8,2025-31,14,4,8,15,4,8,16,4,8,19,4,8,-91.40520000000004,-76.04849999999999,33.00323000000003,234.6948,91.40520000000004,76.04849999999999,33.00323000000003,234.6948
2025-08-08 14:00:00+00:00,long_dry,final_eval,0.0,0.0,0.0,999,14,4,8,2025-31,15,4,8,16,4,8,17,4,8,20,4,8,-66.42449999999997,21.62919999999997,-44.61020000000008,175.10889999999995,66.42449999999997,21.62919999999997,44.61020000000008,175.10889999999995
2025-08-08 15:00:00+00:00,long_dry,final_eval,0.0,0.0,0.0,999,15,4,8,2025-31,16,4,8,17,4,8,18,4,8,21,4,8,149.90909999999997,125.94946000000004,24.828500000000076,380.2943,149.90909999999997,125.94946000000004,24.828500000000076,380.2943
2025-08-08 16:00:00+00:00,long_dry,final_eval,0.0,0.0,0.0,999,16,4,8,2025-31,17,4,8,18,4,8,19,4,8,22,4,8,44.86779999999999,-19.64390000000003,93.27109999999993,224.10799999999995,44.86779999999999,19.64390000000003,93.27109999999993,224.10799999999995
2025-08-08 17:00:00+00:00,long_dry,final_eval,0.0,0.0,0.0,999,17,4,8,2025-31,18,4,8,19,4,8,20,4,8,23,4,8,-73.5510999999999,-3.075700000000097,92.88699999999994,380.2745,73.5510999999999,3.075700000000097,92.88699999999994,380.2745
2025-08-08 18:00:00+00:00,long_dry,final_eval,0.0,0.0,0.0,999,18,4,8,2025-31,19,4,8,20,4,8,21,4,8,0,5,8,8.62760000000003,62.188699999999926,408.82079999999996,218.0084999999999,8.62760000000003,62.188699999999926,408.82079999999996,218.0084999999999
2025-08-08 19:00:00+00:00,long_dry,final_eval,0.0,0.0,0.0,999,19,4,8,2025-31,20,4,8,21,4,8,22,4,8,1,5,8,-41.4384,265.9945,222.57089999999994,14.287900000000036,41.4384,265.9945,222.57089999999994,14.287900000000036
2025-08-08 20:00:00+00:00,long_dry,final_eval,0.0,0.0,0.0,999,20,4,8,2025-31,21,4,8,22,4,8,23,4,8,2,5,8,284.4348,94.21139999999991,234.73890000000006,106.68790000000001,284.4348,94.21139999999991,234.73890000000006,106.68790000000001
2025-08-08 21:00:00+00:00,long_dry,final_eval,0.0,0.0,0.0,999,21,4,8,2025-31,22,4,8,23,4,8,0,5,8,3,5,8,114.7677000000001,150.8834999999999,4.981099999999969,108.31763000000001,114.7677000000001,150.8834999999999,4.981099999999969,108.31763000000001
2025-08-08 22:00:00+00:00,long_dry,final_eval,0.0,0.0,0.0,999,22,4,8,2025-31,23,4,8,0,5,8,1,5,8,4,5,8,361.1956,123.55160000000001,-25.847530000000006,109.47089999999997,361.1956,123.55160000000001,25.847530000000006,109.47089999999997
2025-08-08 23:00:00+00:00,long_dry,final_eval,0.0,0.0,0.0,999,23,4,8,2025-31,0,5,8,1,5,8,2,5,8,5,5,8,65.23019999999997,-59.12354000000005,-36.46709999999996,105.84866,65.23019999999997,59.12354000000005,36.46709999999996,105.84866
2025-08-09 00:00:00+00:00,long_dry,final_eval,0.0,0.0,0.0,999,0,5,8,2025-31,1,5,8,2,5,8,3,5,8,6,5,8,-34.995360000000005,42.04174999999998,15.76139999999998,110.71703,34.995360000000005,42.04174999999998,15.76139999999998,110.71703
2025-08-09 01:00:00+00:00,long_dry,final_eval,0.0,0.0,0.0,999,1,5,8,2025-31,2,5,8,3,5,8,4,5,8,7,5,8,82.75120000000004,33.130070000000046,29.543799999999976,-2.8566000000000003,82.75120000000004,33.130070000000046,29.543799999999976,2.8566000000000003
2025-08-09 02:00:00+00:00,long_dry,final_eval,0.0,0.0,0.0,999,2,5,8,2025-31,3,5,8,4,5,8,5,5,8,8,5,8,-100.54034000000001,-59.392330000000015,27.733220000000017,-10.434800000000003,100.54034000000001,59.392330000000015,27.733220000000017,10.434800000000003
2025-08-09 03:00:00+00:00,long_dry,final_eval,0.0,0.0,0.0,999,3,5,8,2025-31,4,5,8,5,5,8,6,5,8,9,5,8,-29.96890000000002,46.47309999999999,108.31648000000001,-17.925255000000007,29.96890000000002,46.47309999999999,108.31648000000001,17.925255000000007
2025-08-09 04:00:00+00:00,long_dry,final_eval,0.0,0.0,0.0,999,4,5,8,2025-31,5,5,8,6,5,8,7,5,8,10,5,8,35.52206000000001,80.39685,-16.045150000000007,4.160840000000007,35.52206000000001,80.39685,16.045150000000007,4.160840000000007
2025-08-09 05:00:00+00:00,long_dry,final_eval,0.0,0.0,0.0,999,5,5,8,2025-31,6,5,8,7,5,8,8,5,8,11,5,8,46.61680000000001,-19.492800000000003,-21.512900000000002,44.172450000000026,46.61680000000001,19.492800000000003,21.512900000000002,44.172450000000026
2025-08-09 06:00:00+00:00,long_dry,final_eval,0.0,0.0,0.0,999,6,5,8,2025-31,7,5,8,8,5,8,9,5,8,12,5,8,-18.545500000000004,-23.01768,6.734359999999995,134.5118,18.545500000000004,23.01768,6.734359999999995,134.5118
2025-08-09 07:00:00+00:00,long_dry,final_eval,0.0,0.0,0.0,999,7,5,8,2025-31,8,5,8,9,5,8,10,5,8,13,5,8,0.3582839999999976,16.819199999999995,27.504199999999997,-49.51389999999992,0.3582839999999976,16.819199999999995,27.504199999999997,49.51389999999992
2025-08-09 08:00:00+00:00,long_dry,final_eval,0.0,0.0,0.0,999,8,5,8,2025-31,9,5,8,10,5,8,11,5,8,14,5,8,5.191800000000001,16.520970000000005,-35.443629999999985,220.7668000000001,5.191800000000001,16.520970000000005,35.443629999999985,220.7668000000001
2025-08-09 09:00:00+00:00,long_dry,final_eval,0.0,0.0,0.0,999,9,5,8,2025-31,10,5,8,11,5,8,12,5,8,15,5,8,-11.870540000000005,-67.37374999999997,-111.38244999999995,215.3121000000001,11.870540000000005,67.37374999999997,111.38244999999995,215.3121000000001
2025-08-09 10:00:00+00:00,long_dry,final_eval,0.0,0.0,0.0,999,10,5,8,2025-31,11,5,8,12,5,8,13,5,8,16,5,8,-97.37585000000001,-170.7885,-6.018900000000031,342.6876,97.37585000000001,170.7885,6.018900000000031,342.6876
2025-08-09 11:00:00+00:00,long_dry,final_eval,0.0,0.0,0.0,999,11,5,8,2025-31,12,5,8,13,5,8,14,5,8,17,5,8,-191.9986,-12.64689999999996,287.615,285.0248999999999,191.9986,12.64689999999996,287.615,285.0248999999999
2025-08-09 12:00:00+00:00,long_dry,final_eval,0.0,0.0,0.0,999,12,5,8,2025-31,13,5,8,14,5,8,15,5,8,18,5,8,42.21172999999999,264.9103,313.92100000000005,191.01929999999993,42.21172999999999,264.9103,313.92100000000005,191.01929999999993
2025-08-09 13:00:00+00:00,long_dry,final_eval,0.0,0.0,0.0,999,13,5,8,2025-31,14,5,8,15,5,8,16,5,8,19,5,8,169.38760000000002,136.93849999999998,185.3065999999999,74.41650000000004,169.38760000000002,136.93849999999998,185.3065999999999,74.41650000000004
2025-08-09 14:00:00+00:00,long_dry,final_eval,0.0,0.0,0.0,999,14,5,8,2025-31,15,5,8,16,5,8,17,5,8,20,5,8,20.88429999999994,44.8746000000001,39.02669999999989,173.43730000000005,20.88429999999994,44.8746000000001,39.02669999999989,173.43730000000005
2025-08-09 15:00:00+00:00,long_dry,final_eval,0.0,0.0,0.0,999,15,5,8,2025-31,16,5,8,17,5,8,18,5,8,21,5,8,144.5150000000001,99.2826,69.1217999999999,37.34009999999989,144.5150000000001,99.2826,69.1217999999999,37.34009999999989
2025-08-09 16:00:00+00:00,long_dry,final_eval,0.0,0.0,0.0,999,16,5,8,2025-31,17,5,8,18,5,8,19,5,8,22,5,8,144.68859999999995,84.40249999999992,7.370400000000018,5.411100000000033,144.68859999999995,84.40249999999992,7.370400000000018,5.411100000000033
2025-08-09 17:00:00+00:00,long_dry,final_eval,0.0,0.0,0.0,999,17,5,8,2025-31,18,5,8,19,5,8,20,5,8,23,5,8,113.28230000000008,-6.729599999999891,89.46080000000006,84.43370000000004,113.28230000000008,6.729599999999891,89.46080000000006,84.43370000000004
2025-08-09 18:00:00+00:00,long_dry,final_eval,0.0,0.0,0.0,999,18,5,8,2025-31,19,5,8,20,5,8,21,5,8,0,6,8,-46.54359999999997,-7.060199999999895,-189.74479999999994,7.205899999999929,46.54359999999997,7.060199999999895,189.74479999999994,7.205899999999929
2025-08-09 19:00:00+00:00,long_dry,final_eval,0.0,0.0,0.0,999,19,5,8,2025-31,20,5,8,21,5,8,22,5,8,1,6,8,172.5377000000001,-8.367099999999937,8.111699999999928,-207.21939999999995,172.5377000000001,8.367099999999937,8.111699999999928,207.21939999999995
2025-08-09 20:00:00+00:00,long_dry,final_eval,0.0,0.0,0.0,999,20,5,8,2025-31,21,5,8,22,5,8,23,5,8,2,6,8,-199.72800000000007,-212.89339999999993,-82.10580000000004,-21.916259999999966,199.72800000000007,212.89339999999993,82.10580000000004,21.916259999999966
2025-08-09 21:00:00+00:00,long_dry,final_eval,0.0,0.0,0.0,999,21,5,8,2025-31,22,5,8,23,5,8,0,6,8,3,6,8,4.767100000000028,108.43360000000007,-56.065900000000056,71.31994999999995,4.767100000000028,108.43360000000007,56.065900000000056,71.31994999999995
2025-08-09 22:00:00+00:00,long_dry,final_eval,0.0,0.0,0.0,999,22,5,8,2025-31,23,5,8,0,6,8,1,6,8,4,6,8,133.0673999999999,34.530899999999974,-141.51379999999995,89.19506999999999,133.0673999999999,34.530899999999974,141.51379999999995,89.19506999999999
2025-08-09 23:00:00+00:00,long_dry,final_eval,0.0,0.0,0.0,999,23,5,8,2025-31,0,6,8,1,6,8,2,6,8,5,6,8,3.896400000000085,-139.22266000000002,-51.53660000000002,102.31485,3.896400000000085,139.22266000000002,51.53660000000002,102.31485
2025-08-10 00:00:00+00:00,long_dry,final_eval,0.0,0.0,0.0,999,0,6,8,2025-32,1,6,8,2,6,8,3,6,8,6,6,8,-73.58765000000005,71.0906,78.3759,105.35413,73.58765000000005,71.0906,78.3759,105.35413
2025-08-10 01:00:00+00:00,long_dry,final_eval,0.0,0.0,0.0,999,1,6,8,2025-32,2,6,8,3,6,8,4,6,8,7,6,8,82.72955000000002,87.42269999999996,42.43349999999998,36.986990000000006,82.72955000000002,87.42269999999996,42.43349999999998,36.986990000000006
2025-08-10 02:00:00+00:00,long_dry,final_eval,0.0,0.0,0.0,999,2,6,8,2025-32,3,6,8,4,6,8,5,6,8,8,6,8,-33.72000000000003,-62.492200000000025,32.70357999999999,-9.441376000000005,33.72000000000003,62.492200000000025,32.70357999999999,9.441376000000005
2025-08-10 03:00:00+00:00,long_dry,final_eval,0.0,0.0,0.0,999,3,6,8,2025-32,4,6,8,5,6,8,6,6,8,9,6,8,-110.16692999999998,33.32740000000001,105.14840000000001,-20.01034,110.16692999999998,33.32740000000001,105.14840000000001,20.01034
2025-08-10 04:00:00+00:00,long_dry,final_eval,0.0,0.0,0.0,999,4,6,8,2025-32,5,6,8,6,6,8,7,6,8,10,6,8,61.94952000000001,81.2167,27.669494999999998,-31.462099999999992,61.94952000000001,81.2167,27.669494999999998,31.462099999999992
2025-08-10 05:00:00+00:00,long_dry,final_eval,0.0,0.0,0.0,999,5,6,8,2025-32,6,6,8,7,6,8,8,6,8,11,6,8,40.04066,8.541929999999994,-29.520139999999998,-63.09643999999997,40.04066,8.541929999999994,29.520139999999998,63.09643999999997
2025-08-10 06:00:00+00:00,long_dry,final_eval,0.0,0.0,0.0,999,6,6,8,2025-32,7,6,8,8,6,8,9,6,8,12,6,8,25.187389999999994,-18.904309999999995,-1.9450899999999933,60.170439999999985,25.187389999999994,18.904309999999995,1.9450899999999933,60.170439999999985
2025-08-10 07:00:00+00:00,long_dry,final_eval,0.0,0.0,0.0,999,7,6,8,2025-32,8,6,8,9,6,8,10,6,8,13,6,8,-3.026412999999998,2.7515999999999963,-25.79070999999999,-90.9991,3.026412999999998,2.7515999999999963,25.79070999999999,90.9991
2025-08-10 08:00:00+00:00,long_dry,final_eval,0.0,0.0,0.0,999,8,6,8,2025-32,9,6,8,10,6,8,11,6,8,14,6,8,-3.0153799999999933,-22.17517000000001,-123.77505000000002,167.95720000000006,3.0153799999999933,22.17517000000001,123.77505000000002,167.95720000000006
2025-08-10 09:00:00+00:00,long_dry,final_eval,0.0,0.0,0.0,999,9,6,8,2025-32,10,6,8,11,6,8,12,6,8,15,6,8,-58.979839999999996,-178.19675,-201.55679999999995,35.24559999999997,58.979839999999996,178.19675,201.55679999999995,35.24559999999997
2025-08-10 10:00:00+00:00,long_dry,final_eval,0.0,0.0,0.0,999,10,6,8,2025-32,11,6,8,12,6,8,13,6,8,16,6,8,-143.74872,-109.72159999999997,45.500099999999975,173.5537999999999,143.74872,109.72159999999997,45.500099999999975,173.5537999999999
2025-08-10 11:00:00+00:00,long_dry,final_eval,0.0,0.0,0.0,999,11,6,8,2025-32,12,6,8,13,6,8,14,6,8,17,6,8,-75.47284000000002,28.924300000000017,196.83300000000008,132.95000000000005,75.47284000000002,28.924300000000017,196.83300000000008,132.95000000000005
2025-08-10 12:00:00+00:00,long_dry,final_eval,0.0,0.0,0.0,999,12,6,8,2025-32,13,6,8,14,6,8,15,6,8,18,6,8,4.4407300000000305,169.2904000000001,141.41499999999996,63.48289999999997,4.4407300000000305,169.2904000000001,141.41499999999996,63.48289999999997
2025-08-10 13:00:00+00:00,long_dry,final_eval,0.0,0.0,0.0,999,13,6,8,2025-32,14,6,8,15,6,8,16,6,8,19,6,8,81.63750000000005,-34.05819999999994,66.26009999999997,5.336800000000039,81.63750000000005,34.05819999999994,66.26009999999997,5.336800000000039
2025-08-10 14:00:00+00:00,long_dry,final_eval,0.0,0.0,0.0,999,14,6,8,2025-32,15,6,8,16,6,8,17,6,8,20,6,8,-104.69119999999998,-27.209100000000035,-84.11879999999996,-21.80899999999997,104.69119999999998,27.209100000000035,84.11879999999996,21.80899999999997
2025-08-10 15:00:00+00:00,long_dry,final_eval,0.0,0.0,0.0,999,15,6,8,2025-32,16,6,8,17,6,8,18,6,8,21,6,8,123.03539999999998,75.80220000000008,31.789800000000014,51.22900000000004,123.03539999999998,75.80220000000008,31.789800000000014,51.22900000000004
2025-08-10 16:00:00+00:00,long_dry,final_eval,0.0,0.0,0.0,999,16,6,8,2025-32,17,6,8,18,6,8,19,6,8,22,6,8,24.352300000000014,-35.86429999999996,-25.254899999999907,29.66059999999993,24.352300000000014,35.86429999999996,25.254899999999907,29.66059999999993
2025-08-10 17:00:00+00:00,long_dry,final_eval,0.0,0.0,0.0,999,17,6,8,2025-32,18,6,8,19,6,8,20,6,8,23,6,8,160.83979999999997,98.15879999999993,7.955799999999954,-9.49389999999994,160.83979999999997,98.15879999999993,7.955799999999954,9.49389999999994
2025-08-10 18:00:00+00:00,long_dry,final_eval,0.0,0.0,0.0,999,18,6,8,2025-32,19,6,8,20,6,8,21,6,8,0,0,8,16.163600000000088,-80.09920000000011,-62.19620000000009,92.05740000000003,16.163600000000088,80.09920000000011,62.19620000000009,92.05740000000003
2025-08-10 19:00:00+00:00,long_dry,final_eval,0.0,0.0,0.0,999,19,6,8,2025-32,20,6,8,21,6,8,22,6,8,1,0,8,-0.7786000000000968,-18.109300000000076,60.79909999999995,-194.12,0.7786000000000968,18.109300000000076,60.79909999999995,194.12
2025-08-10 20:00:00+00:00,long_dry,final_eval,0.0,0.0,0.0,999,20,6,8,2025-32,21,6,8,22,6,8,23,6,8,2,0,8,73.2648999999999,118.96280000000002,-31.80300000000011,-157.05364999999995,73.2648999999999,118.96280000000002,31.80300000000011,157.05364999999995
2025-08-10 21:00:00+00:00,long_dry,final_eval,0.0,0.0,0.0,999,21,6,8,2025-32,22,6,8,23,6,8,0,0,8,3,0,8,7.418699999999944,-141.62390000000005,-209.84050000000002,-161.82043,7.418699999999944,141.62390000000005,209.84050000000002,161.82043
2025-08-10 22:00:00+00:00,long_dry,final_eval,0.0,0.0,0.0,999,22,6,8,2025-32,23,6,8,0,0,8,1,0,8,4,0,8,-125.25450000000001,-139.01379999999995,-216.68510000000003,-16.67622,125.25450000000001,139.01379999999995,216.68510000000003,16.67622
2025-08-10 23:00:00+00:00,long_dry,final_eval,0.0,0.0,0.0,999,23,6,8,2025-32,0,0,8,1,0,8,2,0,8,5,0,8,-30.685500000000047,-121.38969999999995,-110.32539999999995,-30.61318,30.685500000000047,121.38969999999995,110.32539999999995,30.61318
2025-08-11 00:00:00+00:00,long_dry,final_eval,0.0,0.0,0.0,999,0,0,8,2025-32,1,0,8,2,0,8,3,0,8,6,0,8,-108.64149999999995,-61.17882999999995,23.191070000000025,-16.00493,108.64149999999995,61.17882999999995,23.191070000000025,16.00493
2025-08-11 01:00:00+00:00,long_dry,final_eval,0.0,0.0,0.0,999,1,0,8,2025-32,2,0,8,3,0,8,4,0,8,7,0,8,-59.76189999999997,9.723400000000026,34.35276999999999,-1.0091499999999982,59.76189999999997,9.723400000000026,34.35276999999999,1.0091499999999982
2025-08-11 02:00:00+00:00,long_dry,final_eval,0.0,0.0,0.0,999,2,0,8,2025-32,3,0,8,4,0,8,5,0,8,8,0,8,10.860050000000001,33.68477999999999,-12.101960000000005,6.278713000000003,10.860050000000001,33.68477999999999,12.101960000000005,6.278713000000003
2025-08-11 03:00:00+00:00,long_dry,final_eval,0.0,0.0,0.0,999,3,0,8,2025-32,4,0,8,5,0,8,6,0,8,9,0,8,28.889909999999986,-6.20917,-13.893208000000001,43.45008,28.889909999999986,6.20917,13.893208000000001,43.45008
2025-08-11 04:00:00+00:00,long_dry,final_eval,0.0,0.0,0.0,999,4,0,8,2025-32,5,0,8,6,0,8,7,0,8,10,0,8,-19.333824000000007,-9.460790000000003,0.6559030000000021,146.44885,19.333824000000007,9.460790000000003,0.6559030000000021,146.44885
2025-08-11 05:00:00+00:00,long_dry,final_eval,0.0,0.0,0.0,999,5,0,8,2025-32,6,0,8,7,0,8,8,0,8,11,0,8,-0.9043769999999967,4.580912000000001,12.813046,139.56370000000004,0.9043769999999967,4.580912000000001,12.813046,139.56370000000004
2025-08-11 06:00:00+00:00,long_dry,final_eval,0.0,0.0,0.0,999,6,0,8,2025-32,7,0,8,8,0,8,9,0,8,12,0,8,5.555035,3.7841379999999987,54.94784,53.85770000000002,5.555035,3.7841379999999987,54.94784,53.85770000000002
2025-08-11 07:00:00+00:00,long_dry,final_eval,0.0,0.0,0.0,999,7,0,8,2025-32,8,0,8,9,0,8,10,0,8,13,0,8,5.6751059999999995,66.217865,132.89963,-138.77966000000004,5.6751059999999995,66.217865,132.89963,138.77966000000004
2025-08-11 08:00:00+00:00,long_dry,final_eval,0.0,0.0,0.0,999,8,0,8,2025-32,9,0,8,10,0,8,11,0,8,14,0,8,43.33018,91.11367999999999,46.46320000000003,-155.69870000000003,43.33018,91.11367999999999,46.46320000000003,155.69870000000003
2025-08-11 09:00:00+00:00,long_dry,final_eval,0.0,0.0,0.0,999,9,0,8,2025-32,10,0,8,11,0,8,12,0,8,15,0,8,-97.46857,-106.31110000000001,90.5308,-236.71069999999997,97.46857,106.31110000000001,90.5308,236.71069999999997
2025-08-11 10:00:00+00:00,long_dry,final_eval,0.0,0.0,0.0,999,10,0,8,2025-32,11,0,8,12,0,8,13,0,8,16,0,8,-131.5525,53.77729999999997,-225.2491,-176.98553000000004,131.5525,53.77729999999997,225.2491,176.98553000000004
2025-08-11 11:00:00+00:00,long_dry,final_eval,0.0,0.0,0.0,999,11,0,8,2025-32,12,0,8,13,0,8,14,0,8,17,0,8,59.4221,-246.12869999999998,-392.4525,-193.68640000000005,59.4221,246.12869999999998,392.4525,193.68640000000005
2025-08-11 12:00:00+00:00,long_dry,final_eval,0.0,0.0,0.0,999,12,0,8,2025-32,13,0,8,14,0,8,15,0,8,18,0,8,-271.26099999999997,-288.54589999999996,-103.18933000000004,-100.92553999999996,271.26099999999997,288.54589999999996,103.18933000000004,100.92553999999996
2025-08-11 13:00:00+00:00,long_dry,final_eval,0.0,0.0,0.0,999,13,0,8,2025-32,14,0,8,15,0,8,16,0,8,19,0,8,-294.9347,-196.80139999999994,-171.44775000000004,-81.3732,294.9347,196.80139999999994,171.44775000000004,81.3732
2025-08-11 14:00:00+00:00,long_dry,final_eval,0.0,0.0,0.0,999,14,0,8,2025-32,15,0,8,16,0,8,17,0,8,20,0,8,52.950199999999995,64.34979999999996,-54.619500000000016,-25.62609999999995,52.950199999999995,64.34979999999996,54.619500000000016,25.62609999999995
2025-08-12 16:00:00+00:00,long_dry,final_eval,0.0,0.0,0.0,999,16,1,8,2025-32,17,1,8,18,1,8,19,1,8,22,1,8,-35.30457000000001,-88.74959999999999,-8.625,452.3447000000001,35.30457000000001,88.74959999999999,8.625,452.3447000000001
2025-08-12 17:00:00+00:00,long_dry,final_eval,0.0,0.0,0.0,999,17,1,8,2025-32,18,1,8,19,1,8,20,1,8,23,1,8,-161.31055000000003,-186.4507000000001,95.73250000000007,292.7908,161.31055000000003,186.4507000000001,95.73250000000007,292.7908
2025-08-12 18:00:00+00:00,long_dry,final_eval,0.0,0.0,0.0,999,18,1,8,2025-32,19,1,8,20,1,8,21,1,8,0,2,8,-142.3202000000001,101.82079999999996,766.0011,234.01710000000003,142.3202000000001,101.82079999999996,766.0011,234.01710000000003
2025-08-12 19:00:00+00:00,long_dry,final_eval,0.0,0.0,0.0,999,19,1,8,2025-32,20,1,8,21,1,8,22,1,8,1,2,8,24.973600000000033,609.5088000000001,546.7620999999999,21.124500000000012,24.973600000000033,609.5088000000001,546.7620999999999,21.124500000000012
2025-08-12 20:00:00+00:00,long_dry,final_eval,0.0,0.0,0.0,999,20,1,8,2025-32,21,1,8,22,1,8,23,1,8,2,2,8,545.3779999999999,386.41959999999995,141.56729999999993,-2.75305000000003,545.3779999999999,386.41959999999995,141.56729999999993,2.75305000000003
2025-08-12 21:00:00+00:00,long_dry,final_eval,0.0,0.0,0.0,999,21,1,8,2025-32,22,1,8,23,1,8,0,2,8,3,2,8,398.32950000000005,46.23299999999995,11.87110000000007,-77.97467,398.32950000000005,46.23299999999995,11.87110000000007,77.97467
2025-08-13 18:00:00+00:00,recovery,final_eval,0.0,10.899999999999999,11.499999999999998,1,18,2,8,2025-32,19,2,8,20,2,8,21,2,8,0,3,8,-169.56320000000005,-455.34989999999993,-682.2836,-24.27819999999997,169.56320000000005,455.34989999999993,682.2836,24.27819999999997
2025-08-13 19:00:00+00:00,recovery,final_eval,0.0,10.899999999999999,11.499999999999998,2,19,2,8,2025-32,20,2,8,21,2,8,22,2,8,1,3,8,-467.5006000000001,-762.6042,-709.5925,-147.27520000000004,467.5006000000001,762.6042,709.5925,147.27520000000004
2025-08-13 20:00:00+00:00,recovery,final_eval,0.0,10.899999999999999,11.499999999999998,3,20,2,8,2025-32,21,2,8,22,2,8,23,2,8,2,3,8,-426.9821999999999,-606.0376000000001,-285.16419999999994,-59.370360000000005,426.9821999999999,606.0376000000001,285.16419999999994,59.370360000000005
2025-08-13 22:00:00+00:00,recovery,final_eval,0.0,11.0,11.6,1,22,2,8,2025-32,23,2,8,0,3,8,1,3,8,4,3,8,188.25469999999996,158.1486,87.13649999999996,-53.81915000000001,188.25469999999996,158.1486,87.13649999999996,53.81915000000001
2025-08-14 00:00:00+00:00,recovery,final_eval,0.0,11.399999999999999,11.399999999999999,1,0,3,8,2025-32,1,3,8,2,3,8,3,3,8,6,3,8,3.583499999999958,71.96900000000005,38.1499,-34.75486,3.583499999999958,71.96900000000005,38.1499,34.75486
2025-08-14 01:00:00+00:00,recovery,final_eval,0.0,11.399999999999999,11.399999999999999,2,1,3,8,2025-32,2,3,8,3,3,8,4,3,8,7,3,8,10.052800000000047,4.131869999999992,-8.260250000000013,-16.163580000000003,10.052800000000047,4.131869999999992,8.260250000000013,16.163580000000003
2025-08-14 19:00:00+00:00,recovery,final_eval,0.0,18.200000000000003,19.800000000000004,1,19,3,8,2025-32,20,3,8,21,3,8,22,3,8,1,4,8,29.051899999999932,468.3606,398.4833000000001,225.25725999999997,29.051899999999932,468.3606,398.4833000000001,225.25725999999997
2025-08-14 21:00:00+00:00,recovery,final_eval,0.0,18.8,20.400000000000002,1,21,3,8,2025-32,22,3,8,23,3,8,0,4,8,3,4,8,333.31140000000005,157.75659999999993,177.2865999999999,-32.052279999999996,333.31140000000005,157.75659999999993,177.2865999999999,32.052279999999996
2025-08-14 23:00:00+00:00,recovery,final_eval,0.0,18.9,20.4,1,23,3,8,2025-32,0,4,8,1,4,8,2,4,8,5,4,8,105.35680000000002,140.0756,33.130199999999945,-25.86009999999999,105.35680000000002,140.0756,33.130199999999945,25.86009999999999
2025-08-15 00:00:00+00:00,recovery,final_eval,0.0,18.9,20.0,2,0,4,8,2025-32,1,4,8,2,4,8,3,4,8,6,4,8,147.91656,83.29920000000004,-13.431429999999978,-6.599350000000001,147.91656,83.29920000000004,13.431429999999978,6.599350000000001
2025-08-15 01:00:00+00:00,recovery,final_eval,0.0,18.9,20.0,3,1,4,8,2025-32,2,4,8,3,4,8,4,4,8,7,4,8,38.01909999999998,-60.40487999999999,6.922300000000007,-18.935726000000003,38.01909999999998,60.40487999999999,6.922300000000007,18.935726000000003
2025-08-15 20:00:00+00:00,recovery,final_eval,0.0,5.299999999999999,5.999999999999998,1,20,4,8,2025-32,21,4,8,22,4,8,23,4,8,2,5,8,292.07230000000004,104.84120000000007,-45.05529999999999,247.04736000000003,292.07230000000004,104.84120000000007,45.05529999999999,247.04736000000003
2025-08-15 21:00:00+00:00,recovery,final_eval,0.0,5.299999999999999,5.399999999999999,2,21,4,8,2025-32,22,4,8,23,4,8,0,5,8,3,5,8,7.93730000000005,-98.04050000000007,-91.5199,236.24274000000003,7.93730000000005,98.04050000000007,91.5199,236.24274000000003
2025-08-15 22:00:00+00:00,recovery,final_eval,0.0,5.299999999999999,5.399999999999999,3,22,4,8,2025-32,23,4,8,0,5,8,1,5,8,4,5,8,109.23720000000003,27.000999999999976,-132.51482999999996,194.27526999999998,109.23720000000003,27.000999999999976,132.51482999999996,194.27526999999998
2025-08-16 00:00:00+00:00,recovery,final_eval,0.0,5.399999999999999,5.399999999999999,1,0,5,8,2025-32,1,5,8,2,5,8,3,5,8,6,5,8,-70.27562999999998,234.41503999999998,158.76964999999996,76.57503,70.27562999999998,234.41503999999998,158.76964999999996,76.57503
2025-08-16 01:00:00+00:00,recovery,final_eval,0.0,5.399999999999999,5.399999999999999,2,1,5,8,2025-32,2,5,8,3,5,8,4,5,8,7,5,8,242.6499,165.8284,116.45873999999998,-10.972945999999993,242.6499,165.8284,116.45873999999998,10.972945999999993
2025-08-16 02:00:00+00:00,recovery,final_eval,0.0,5.399999999999999,5.399999999999999,3,2,5,8,2025-32,3,5,8,4,5,8,5,5,8,8,5,8,-14.766100000000051,-24.603399999999965,9.110169999999982,-15.910489999999996,14.766100000000051,24.603399999999965,9.110169999999982,15.910489999999996
2025-08-17 09:00:00+00:00,long_dry,final_eval,0.0,0.0,0.0,999,9,6,8,2025-33,10,6,8,11,6,8,12,6,8,15,6,8,-14.418839999999989,-84.58819999999997,-152.93089999999995,119.24319999999989,14.418839999999989,84.58819999999997,152.93089999999995,119.24319999999989
2025-08-17 10:00:00+00:00,long_dry,final_eval,0.0,0.0,0.0,999,10,6,8,2025-33,11,6,8,12,6,8,13,6,8,16,6,8,-41.53784000000002,-60.40120000000002,-17.51750000000004,86.76710000000003,41.53784000000002,60.40120000000002,17.51750000000004,86.76710000000003
2025-08-17 11:00:00+00:00,long_dry,final_eval,0.0,0.0,0.0,999,11,6,8,2025-33,12,6,8,13,6,8,14,6,8,17,6,8,-150.51635999999996,-108.61450000000002,175.2195999999999,81.78089999999997,150.51635999999996,108.61450000000002,175.2195999999999,81.78089999999997
2025-08-17 12:00:00+00:00,long_dry,final_eval,0.0,0.0,0.0,999,12,6,8,2025-33,13,6,8,14,6,8,15,6,8,18,6,8,-73.55926999999997,185.2904000000001,206.41499999999996,68.48289999999997,73.55926999999997,185.2904000000001,206.41499999999996,68.48289999999997
2025-08-17 13:00:00+00:00,long_dry,final_eval,0.0,0.0,0.0,999,13,6,8,2025-33,14,6,8,15,6,8,16,6,8,19,6,8,154.7672,89.60230000000001,-6.139799999999923,-19.620699999999943,154.7672,89.60230000000001,6.139799999999923,19.620699999999943
2025-08-17 14:00:00+00:00,long_dry,final_eval,0.0,0.0,0.0,999,14,6,8,2025-33,15,6,8,16,6,8,17,6,8,20,6,8,-60.10279999999989,-143.3463999999999,-98.49399999999991,-56.8257000000001,60.10279999999989,143.3463999999999,98.49399999999991,56.8257000000001
2025-08-17 15:00:00+00:00,long_dry,final_eval,0.0,0.0,0.0,999,15,6,8,2025-33,16,6,8,17,6,8,18,6,8,21,6,8,-7.448900000000094,51.49229999999989,31.467499999999973,-85.21460000000002,7.448900000000094,51.49229999999989,31.467499999999973,85.21460000000002
2025-08-17 16:00:00+00:00,long_dry,final_eval,0.0,0.0,0.0,999,16,6,8,2025-33,17,6,8,18,6,8,19,6,8,22,6,8,202.51109999999994,153.0906,48.68470000000002,2.6334999999999127,202.51109999999994,153.0906,48.68470000000002,2.6334999999999127
2025-08-17 17:00:00+00:00,long_dry,final_eval,0.0,0.0,0.0,999,17,6,8,2025-33,18,6,8,19,6,8,20,6,8,23,6,8,77.81750000000011,-38.09130000000005,-112.78469999999993,-620.3278,77.81750000000011,38.09130000000005,112.78469999999993,620.3278
2025-08-17 18:00:00+00:00,long_dry,final_eval,0.0,0.0,0.0,999,18,6,8,2025-33,19,6,8,20,6,8,21,6,8,0,0,8,-12.719000000000051,-98.16039999999998,-172.6790000000001,-500.8356,12.719000000000051,98.16039999999998,172.6790000000001,500.8356
2025-08-17 19:00:00+00:00,long_dry,final_eval,0.0,0.0,0.0,999,19,6,8,2025-33,20,6,8,21,6,8,22,6,8,1,0,8,-28.172600000000102,-111.1241,-3.758199999999988,-359.84979999999996,28.172600000000102,111.1241,3.758199999999988,359.84979999999996
2025-08-17 20:00:00+00:00,long_dry,final_eval,0.0,0.0,0.0,999,20,6,8,2025-33,21,6,8,22,6,8,23,6,8,2,0,8,-61.7786000000001,5.279199999999946,-603.5011,-183.00210000000004,61.7786000000001,5.279199999999946,603.5011,183.00210000000004
2025-08-17 21:00:00+00:00,long_dry,final_eval,0.0,0.0,0.0,999,21,6,8,2025-33,22,6,8,23,6,8,0,0,8,3,0,8,48.9199000000001,-538.4454000000001,-651.0889,-229.90152,48.9199000000001,538.4454000000001,651.0889,229.90152
2025-08-17 22:00:00+00:00,long_dry,final_eval,0.0,0.0,0.0,999,22,6,8,2025-33,23,6,8,0,0,8,1,0,8,4,0,8,-620.2446,-657.6765,-413.50890000000004,-70.53792000000001,620.2446,657.6765,413.50890000000004,70.53792000000001
2025-08-17 23:00:00+00:00,long_dry,final_eval,0.0,0.0,0.0,999,23,6,8,2025-33,0,0,8,1,0,8,2,0,8,5,0,8,-153.94420000000002,17.698849999999993,139.55762,-40.8296,153.94420000000002,17.698849999999993,139.55762,40.8296
2025-08-18 00:00:00+00:00,long_dry,final_eval,0.0,0.0,0.0,999,0,0,8,2025-33,1,0,8,2,0,8,3,0,8,6,0,8,68.48739999999998,155.30075,30.973270000000014,-19.230710000000002,68.48739999999998,155.30075,30.973270000000014,19.230710000000002
2025-08-18 01:00:00+00:00,long_dry,final_eval,0.0,0.0,0.0,999,1,0,8,2025-33,2,0,8,3,0,8,4,0,8,7,0,8,84.09057999999999,-19.966460000000012,-15.266559999999998,-4.923411999999999,84.09057999999999,19.966460000000012,15.266559999999998,4.923411999999999
2025-08-18 02:00:00+00:00,long_dry,final_eval,0.0,0.0,0.0,999,2,0,8,2025-33,3,0,8,4,0,8,5,0,8,8,0,8,-67.77600000000001,-17.111590000000007,-40.752815,16.381100000000004,67.77600000000001,17.111590000000007,40.752815,16.381100000000004
2025-08-18 03:00:00+00:00,long_dry,final_eval,0.0,0.0,0.0,999,3,0,8,2025-33,4,0,8,5,0,8,6,0,8,9,0,8,22.751499999999993,-4.687237000000003,-10.284573000000002,36.762600000000006,22.751499999999993,4.687237000000003,10.284573000000002,36.762600000000006
2025-08-18 04:00:00+00:00,long_dry,final_eval,0.0,0.0,0.0,999,4,0,8,2025-33,5,0,8,6,0,8,7,0,8,10,0,8,-9.510170000000002,-11.549267,1.968005999999999,66.51209999999998,9.510170000000002,11.549267,1.968005999999999,66.51209999999998
2025-08-18 05:00:00+00:00,long_dry,final_eval,0.0,0.0,0.0,999,5,0,8,2025-33,6,0,8,7,0,8,8,0,8,11,0,8,-5.582567000000001,6.3672049999999984,24.442154000000002,143.52779999999996,5.582567000000001,6.3672049999999984,24.442154000000002,143.52779999999996
2025-08-18 06:00:00+00:00,long_dry,final_eval,0.0,0.0,0.0,999,6,0,8,2025-33,7,0,8,8,0,8,9,0,8,12,0,8,7.324449999999999,18.047127000000003,53.811710000000005,195.8424,7.324449999999999,18.047127000000003,53.811710000000005,195.8424
2025-08-18 07:00:00+00:00,long_dry,final_eval,0.0,0.0,0.0,999,7,0,8,2025-33,8,0,8,9,0,8,10,0,8,13,0,8,9.863709999999998,41.799324,36.81909999999999,146.9411,9.863709999999998,41.799324,36.81909999999999,146.9411
2025-08-18 08:00:00+00:00,long_dry,final_eval,0.0,0.0,0.0,999,8,0,8,2025-33,9,0,8,10,0,8,11,0,8,14,0,8,42.033010000000004,117.26693999999998,96.55870000000004,-103.41565000000003,42.033010000000004,117.26693999999998,96.55870000000004,103.41565000000003
2025-08-18 09:00:00+00:00,long_dry,final_eval,0.0,0.0,0.0,999,9,0,8,2025-33,10,0,8,11,0,8,12,0,8,15,0,8,-75.2346,-57.54974000000004,221.2369000000001,-190.65520000000004,75.2346,57.54974000000004,221.2369000000001,190.65520000000004
2025-08-18 10:00:00+00:00,long_dry,final_eval,0.0,0.0,0.0,999,10,0,8,2025-33,11,0,8,12,0,8,13,0,8,16,0,8,-132.92219999999998,166.13940000000002,-94.03379999999993,-93.58954000000006,132.92219999999998,166.13940000000002,94.03379999999993,93.58954000000006
2025-08-18 11:00:00+00:00,long_dry,final_eval,0.0,0.0,0.0,999,11,0,8,2025-33,12,0,8,13,0,8,14,0,8,17,0,8,194.00610000000006,6.5318999999999505,-241.82090000000005,-114.26210000000003,194.00610000000006,6.5318999999999505,241.82090000000005,114.26210000000003
2025-08-18 12:00:00+00:00,long_dry,final_eval,0.0,0.0,0.0,999,12,0,8,2025-33,13,0,8,14,0,8,15,0,8,18,0,8,-82.82709999999997,-216.6685,-55.25243999999998,-100.42786000000001,82.82709999999997,216.6685,55.25243999999998,100.42786000000001
2025-08-18 13:00:00+00:00,long_dry,final_eval,0.0,0.0,0.0,999,13,0,8,2025-33,14,0,8,15,0,8,16,0,8,19,0,8,-289.75210000000004,-189.39056000000005,-119.06255999999996,-83.14699999999993,289.75210000000004,189.39056000000005,119.06255999999996,83.14699999999993
2025-08-18 14:00:00+00:00,long_dry,final_eval,0.0,0.0,0.0,999,14,0,8,2025-33,15,0,8,16,0,8,17,0,8,20,0,8,74.29939999999999,129.71810000000005,-3.7381599999999935,-187.13419999999996,74.29939999999999,129.71810000000005,3.7381599999999935,187.13419999999996
2025-08-19 06:00:00+00:00,recent_rain,final_eval,0.0,2.3000000000000003,2.5000000000000004,3,6,1,8,2025-33,7,1,8,8,1,8,9,1,8,12,1,8,-9.034410000000001,5.467080000000003,48.667984000000004,367.30960000000005,9.034410000000001,5.467080000000003,48.667984000000004,367.30960000000005
2025-08-19 07:00:00+00:00,recent_rain,final_eval,0.0,2.3000000000000003,2.5000000000000004,4,7,1,8,2025-33,8,1,8,9,1,8,10,1,8,13,1,8,9.035179999999997,58.178219999999996,138.4583,91.14306999999997,9.035179999999997,58.178219999999996,138.4583,91.14306999999997
2025-08-19 08:00:00+00:00,recent_rain,final_eval,0.0,2.3000000000000003,2.5000000000000004,5,8,1,8,2025-33,9,1,8,10,1,8,11,1,8,14,1,8,38.101,103.77715999999998,120.15049999999997,-51.41436999999996,38.101,103.77715999999998,120.15049999999997,51.41436999999996
2025-08-19 09:00:00+00:00,recent_rain,final_eval,0.0,2.2,2.5000000000000004,6,9,1,8,2025-33,10,1,8,11,1,8,12,1,8,15,1,8,-83.12316999999996,-34.20450000000005,351.87699999999995,-206.57806000000005,83.12316999999996,34.20450000000005,351.87699999999995,206.57806000000005
2025-08-20 17:00:00+00:00,recent_rain,final_eval,0.0,1.0,1.1,3,17,2,8,2025-33,18,2,8,19,2,8,20,2,8,23,2,8,-115.65499999999997,-64.41550000000007,171.0293999999999,274.5847000000001,115.65499999999997,64.41550000000007,171.0293999999999,274.5847000000001
2025-08-21 09:00:00+00:00,recent_rain,final_eval,0.0,2.1,3.000000000000001,3,9,3,8,2025-33,10,3,8,11,3,8,12,3,8,15,3,8,-62.78679999999997,-18.19665999999995,297.0925,-254.44420000000002,62.78679999999997,18.19665999999995,297.0925,254.44420000000002
2025-08-21 10:00:00+00:00,recent_rain,final_eval,0.0,2.1,2.8000000000000007,4,10,3,8,2025-33,11,3,8,12,3,8,13,3,8,16,3,8,-27.076299999999947,284.81860000000006,-81.95749999999998,-161.46465999999998,27.076299999999947,284.81860000000006,81.95749999999998,161.46465999999998
2025-08-21 11:00:00+00:00,recent_rain,final_eval,0.0,2.1,2.6000000000000005,5,11,3,8,2025-33,12,3,8,13,3,8,14,3,8,17,3,8,296.5624,-70.75369999999998,-311.78216999999995,-254.70460000000003,296.5624,70.75369999999998,311.78216999999995,254.70460000000003
2025-08-21 12:00:00+00:00,recent_rain,final_eval,0.0,2.1,2.5000000000000004,6,12,3,8,2025-33,13,3,8,14,3,8,15,3,8,18,3,8,-116.42190000000005,-254.75824,-147.01556000000005,-76.75109999999995,116.42190000000005,254.75824,147.01556000000005,76.75109999999995
2025-08-21 13:00:00+00:00,recent_rain,final_eval,0.0,2.1,2.5000000000000004,7,13,3,8,2025-33,14,3,8,15,3,8,16,3,8,19,3,8,-243.17780000000005,-202.2414,-146.8863,-127.77590000000009,243.17780000000005,202.2414,146.8863,127.77590000000009
2025-08-22 21:00:00+00:00,long_dry,final_eval,0.0,0.0,0.0,999,21,4,8,2025-33,22,4,8,23,4,8,0,5,8,3,5,8,192.6418000000001,122.99330000000009,-104.10459999999989,133.71660000000003,192.6418000000001,122.99330000000009,104.10459999999989,133.71660000000003
2025-08-22 22:00:00+00:00,long_dry,final_eval,0.0,0.0,0.0,999,22,4,8,2025-33,23,4,8,0,5,8,1,5,8,4,5,8,331.75070000000005,21.52710000000002,-13.397339999999986,201.35687000000001,331.75070000000005,21.52710000000002,13.397339999999986,201.35687000000001
2025-08-22 23:00:00+00:00,long_dry,final_eval,0.0,0.0,0.0,999,23,4,8,2025-33,0,5,8,1,5,8,2,5,8,5,5,8,0.4249999999999545,-8.66229999999996,-10.256899999999973,107.27645999999999,0.4249999999999545,8.66229999999996,10.256899999999973,107.27645999999999
2025-08-23 00:00:00+00:00,long_dry,final_eval,0.0,0.0,0.0,999,0,5,8,2025-33,1,5,8,2,5,8,3,5,8,6,5,8,51.74976000000004,73.00945999999999,56.01953000000003,37.4905,51.74976000000004,73.00945999999999,56.01953000000003,37.4905
2025-08-23 01:00:00+00:00,long_dry,final_eval,0.0,0.0,0.0,999,1,5,8,2025-33,2,5,8,3,5,8,4,5,8,7,5,8,80.75120000000004,61.130070000000046,121.54379999999998,-4.8566,80.75120000000004,61.130070000000046,121.54379999999998,4.8566
2025-08-23 02:00:00+00:00,long_dry,final_eval,0.0,0.0,0.0,999,2,5,8,2025-33,3,5,8,4,5,8,5,5,8,8,5,8,-72.54034000000001,32.607669999999985,30.733220000000017,-21.434800000000003,72.54034000000001,32.607669999999985,30.733220000000017,21.434800000000003
2025-08-23 03:00:00+00:00,long_dry,final_eval,0.0,0.0,0.0,999,3,5,8,2025-33,4,5,8,5,5,8,6,5,8,9,5,8,-34.32820000000004,11.040900000000022,31.01884000000001,-10.925255000000007,34.32820000000004,11.040900000000022,31.01884000000001,10.925255000000007
2025-08-23 04:00:00+00:00,long_dry,final_eval,0.0,0.0,0.0,999,4,5,8,2025-33,5,5,8,6,5,8,7,5,8,10,5,8,25.36144999999999,-6.491710000000012,-24.928489999999996,-20.839159999999993,25.36144999999999,6.491710000000012,24.928489999999996,20.839159999999993
2025-08-23 05:00:00+00:00,long_dry,final_eval,0.0,0.0,0.0,999,5,5,8,2025-33,6,5,8,7,5,8,8,5,8,11,5,8,-23.789019999999994,-21.407684000000003,-33.545649999999995,-9.893219999999985,23.789019999999994,21.407684000000003,33.545649999999995,9.893219999999985
2025-08-23 06:00:00+00:00,long_dry,final_eval,0.0,0.0,0.0,999,6,5,8,2025-33,7,5,8,8,5,8,9,5,8,12,5,8,14.956670000000003,-17.386887,19.967309999999998,-127.51660000000004,14.956670000000003,17.386887,19.967309999999998,127.51660000000004
2025-08-23 07:00:00+00:00,long_dry,final_eval,0.0,0.0,0.0,999,7,5,8,2025-33,8,5,8,9,5,8,10,5,8,13,5,8,-10.956580000000002,20.297970000000007,-9.11957000000001,-135.7926,10.956580000000002,20.297970000000007,9.11957000000001,135.7926
2025-08-23 08:00:00+00:00,long_dry,final_eval,0.0,0.0,0.0,999,8,5,8,2025-33,9,5,8,10,5,8,11,5,8,14,5,8,11.884765999999999,-11.27064999999999,-86.07236,29.96810000000005,11.884765999999999,11.27064999999999,86.07236,29.96810000000005
2025-08-23 09:00:00+00:00,long_dry,final_eval,0.0,0.0,0.0,999,9,5,8,2025-33,10,5,8,11,5,8,12,5,8,15,5,8,-66.04561000000001,-181.76110000000006,-257.24523999999997,327.7095999999999,66.04561000000001,181.76110000000006,257.24523999999997,327.7095999999999
2025-08-23 10:00:00+00:00,long_dry,final_eval,0.0,0.0,0.0,999,10,5,8,2025-33,11,5,8,12,5,8,13,5,8,16,5,8,-124.3349,-168.37634000000003,-15.00750000000005,307.5354,124.3349,168.37634000000003,15.00750000000005,307.5354
2025-08-23 11:00:00+00:00,long_dry,final_eval,0.0,0.0,0.0,999,11,5,8,2025-33,12,5,8,13,5,8,14,5,8,17,5,8,-182.07525999999996,-25.402829999999994,98.65689999999995,191.3364999999999,182.07525999999996,25.402829999999994,98.65689999999995,191.3364999999999
2025-08-23 12:00:00+00:00,long_dry,final_eval,0.0,0.0,0.0,999,12,5,8,2025-33,13,5,8,14,5,8,15,5,8,18,5,8,39.21172999999999,120.9103,429.92100000000005,213.01929999999993,39.21172999999999,120.9103,429.92100000000005,213.01929999999993
2025-08-23 13:00:00+00:00,long_dry,final_eval,0.0,0.0,0.0,999,13,5,8,2025-33,14,5,8,15,5,8,16,5,8,19,5,8,20.745699999999943,246.76250000000005,235.0471,128.2739999999999,20.745699999999943,246.76250000000005,235.0471,128.2739999999999
2025-08-23 14:00:00+00:00,long_dry,final_eval,0.0,0.0,0.0,999,14,5,8,2025-33,15,5,8,16,5,8,17,5,8,20,5,8,242.02829999999994,209.8873000000001,128.7944,115.01710000000003,242.02829999999994,209.8873000000001,128.7944,115.01710000000003
2025-08-23 15:00:00+00:00,long_dry,final_eval,0.0,0.0,0.0,999,15,5,8,2025-33,16,5,8,17,5,8,18,5,8,21,5,8,128.97119999999995,53.02469999999994,58.516200000000026,184.51029999999992,128.97119999999995,53.02469999999994,58.516200000000026,184.51029999999992
2025-08-23 16:00:00+00:00,long_dry,final_eval,0.0,0.0,0.0,999,16,5,8,2025-33,17,5,8,18,5,8,19,5,8,22,5,8,152.25109999999995,133.77970000000005,109.88090000000011,59.49050000000011,152.25109999999995,133.77970000000005,109.88090000000011,59.49050000000011
2025-08-23 17:00:00+00:00,long_dry,final_eval,0.0,0.0,0.0,999,17,5,8,2025-33,18,5,8,19,5,8,20,5,8,23,5,8,188.70589999999993,114.82449999999994,117.72379999999998,101.88059999999996,188.70589999999993,114.82449999999994,117.72379999999998,101.88059999999996
2025-08-23 18:00:00+00:00,long_dry,final_eval,0.0,0.0,0.0,999,18,5,8,2025-33,19,5,8,20,5,8,21,5,8,0,6,8,87.08030000000008,12.882100000000037,3.4793999999999414,47.07670000000007,87.08030000000008,12.882100000000037,3.4793999999999414,47.07670000000007
2025-08-23 19:00:00+00:00,long_dry,final_eval,0.0,0.0,0.0,999,19,5,8,2025-33,20,5,8,21,5,8,22,5,8,1,6,8,111.2505000000001,100.07539999999995,48.23669999999993,-117.69699999999989,111.2505000000001,100.07539999999995,48.23669999999993,117.69699999999989
2025-08-23 20:00:00+00:00,long_dry,final_eval,0.0,0.0,0.0,999,20,5,8,2025-33,21,5,8,22,5,8,23,5,8,2,6,8,111.13460000000009,23.713600000000042,-18.828199999999924,-6.1959000000000515,111.13460000000009,23.713600000000042,18.828199999999924,6.1959000000000515
2025-08-23 21:00:00+00:00,long_dry,final_eval,0.0,0.0,0.0,999,21,5,8,2025-33,22,5,8,23,5,8,0,6,8,3,6,8,-0.5923999999999978,-26.984300000000076,-88.62290000000007,137.74379999999996,0.5923999999999978,26.984300000000076,88.62290000000007,137.74379999999996
2025-08-23 22:00:00+00:00,long_dry,final_eval,0.0,0.0,0.0,999,22,5,8,2025-33,23,5,8,0,6,8,1,6,8,4,6,8,65.09339999999997,66.37290000000007,-46.844600000000014,192.13254,65.09339999999997,66.37290000000007,46.844600000000014,192.13254
2025-08-23 23:00:00+00:00,long_dry,final_eval,0.0,0.0,0.0,999,23,5,8,2025-33,0,6,8,1,6,8,2,6,8,5,6,8,49.54500000000007,-21.589969999999994,-1.201599999999985,135.39793,49.54500000000007,21.589969999999994,1.201599999999985,135.39793
2025-08-24 00:00:00+00:00,long_dry,final_eval,0.0,0.0,0.0,999,0,6,8,2025-34,1,6,8,2,6,8,3,6,8,6,6,8,7.713899999999967,83.08185000000003,145.9389,99.04993999999999,7.713899999999967,83.08185000000003,145.9389,99.04993999999999
2025-08-24 01:00:00+00:00,long_dry,final_eval,0.0,0.0,0.0,999,1,6,8,2025-34,2,6,8,3,6,8,4,6,8,7,6,8,96.50609999999995,150.96749999999997,136.6567,41.32187999999999,96.50609999999995,150.96749999999997,136.6567,41.32187999999999
2025-08-24 02:00:00+00:00,long_dry,final_eval,0.0,0.0,0.0,999,2,6,8,2025-34,3,6,8,4,6,8,5,6,8,8,6,8,30.13059999999996,63.114869999999996,81.62380000000002,-5.770339999999997,30.13059999999996,63.114869999999996,81.62380000000002,5.770339999999997
2025-08-24 03:00:00+00:00,long_dry,final_eval,0.0,0.0,0.0,999,3,6,8,2025-34,4,6,8,5,6,8,6,6,8,9,6,8,-46.689700000000016,39.90674000000001,92.32108,-50.18925,46.689700000000016,39.90674000000001,92.32108,50.18925
2025-08-24 04:00:00+00:00,long_dry,final_eval,0.0,0.0,0.0,999,4,6,8,2025-34,5,6,8,6,6,8,7,6,8,10,6,8,65.85532,49.06563,22.79791,-77.95811,65.85532,49.06563,22.79791,77.95811
2025-08-24 05:00:00+00:00,long_dry,final_eval,0.0,0.0,0.0,999,5,6,8,2025-34,6,6,8,7,6,8,8,6,8,11,6,8,33.28206,15.211089999999999,-31.782684000000003,-46.75265999999999,33.28206,15.211089999999999,31.782684000000003,46.75265999999999
2025-08-24 06:00:00+00:00,long_dry,final_eval,0.0,0.0,0.0,999,6,6,8,2025-34,7,6,8,8,6,8,9,6,8,12,6,8,33.37983,-17.958079999999995,-29.419569999999993,43.27737000000002,33.37983,17.958079999999995,29.419569999999993,43.27737000000002
2025-08-24 07:00:00+00:00,long_dry,final_eval,0.0,0.0,0.0,999,7,6,8,2025-34,8,6,8,9,6,8,10,6,8,13,6,8,-7.319950000000006,-28.723609999999994,-73.07523,-183.40920000000006,7.319950000000006,28.723609999999994,73.07523,183.40920000000006
2025-08-24 08:00:00+00:00,long_dry,final_eval,0.0,0.0,0.0,999,8,6,8,2025-34,9,6,8,10,6,8,11,6,8,14,6,8,-30.187290000000004,-64.9573,-111.67520000000002,41.01350000000002,30.187290000000004,64.9573,111.67520000000002,41.01350000000002
2025-08-24 09:00:00+00:00,long_dry,final_eval,0.0,0.0,0.0,999,9,6,8,2025-34,10,6,8,11,6,8,12,6,8,15,6,8,-22.297290000000004,-53.12234000000001,-118.28689999999995,144.8234,22.297290000000004,53.12234000000001,118.28689999999995,144.8234
2025-08-24 10:00:00+00:00,long_dry,final_eval,0.0,0.0,0.0,999,10,6,8,2025-34,11,6,8,12,6,8,13,6,8,16,6,8,-9.931899999999985,-27.863039999999955,19.172000000000025,216.44810000000007,9.931899999999985,27.863039999999955,19.172000000000025,216.44810000000007
2025-08-24 11:00:00+00:00,long_dry,final_eval,0.0,0.0,0.0,999,11,6,8,2025-34,12,6,8,13,6,8,14,6,8,17,6,8,-160.93619999999999,-86.42975000000001,66.44810000000007,72.0012999999999,160.93619999999999,86.42975000000001,66.44810000000007,72.0012999999999
2025-08-24 12:00:00+00:00,long_dry,final_eval,0.0,0.0,0.0,999,12,6,8,2025-34,13,6,8,14,6,8,15,6,8,18,6,8,-41.472350000000006,78.18579999999997,294.951,71.96569999999997,41.472350000000006,78.18579999999997,294.951,71.96569999999997
2025-08-24 13:00:00+00:00,long_dry,final_eval,0.0,0.0,0.0,999,13,6,8,2025-34,14,6,8,15,6,8,16,6,8,19,6,8,2.5338999999999032,134.25659999999993,87.58330000000001,-68.50070000000005,2.5338999999999032,134.25659999999993,87.58330000000001,68.50070000000005
2025-08-24 14:00:00+00:00,long_dry,final_eval,0.0,0.0,0.0,999,14,6,8,2025-34,15,6,8,16,6,8,17,6,8,20,6,8,115.64550000000008,29.31269999999995,-61.0168000000001,-10.435500000000047,115.64550000000008,29.31269999999995,61.0168000000001,10.435500000000047
2025-08-24 15:00:00+00:00,long_dry,final_eval,0.0,0.0,0.0,999,15,6,8,2025-34,16,6,8,17,6,8,18,6,8,21,6,8,38.94859999999994,-44.12699999999995,-14.762300000000096,74.5,38.94859999999994,44.12699999999995,14.762300000000096,74.5
2025-08-25 04:00:00+00:00,recovery,final_eval,0.0,5.699999999999999,5.699999999999999,1,4,0,8,2025-34,5,0,8,6,0,8,7,0,8,10,0,8,0.45493700000000104,3.0653320000000015,1.7961390000000002,30.85003999999998,0.45493700000000104,3.0653320000000015,1.7961390000000002,30.85003999999998
2025-08-25 05:00:00+00:00,recovery,final_eval,0.0,5.6,5.699999999999999,2,5,0,8,2025-34,6,0,8,7,0,8,8,0,8,11,0,8,1.08249,0.6494919999999986,24.09711,229.32360000000006,1.08249,0.6494919999999986,24.09711,229.32360000000006
2025-08-25 07:00:00+00:00,recovery,final_eval,0.0,5.7,5.8,1,7,0,8,2025-34,8,0,8,9,0,8,10,0,8,13,0,8,19.087097,52.641014,112.33163000000002,-82.44434000000001,19.087097,52.641014,112.33163000000002,82.44434000000001
2025-08-25 08:00:00+00:00,recovery,final_eval,0.0,5.7,5.8,2,8,0,8,2025-34,9,0,8,10,0,8,11,0,8,14,0,8,29.769929999999988,77.73903999999999,162.79192999999998,-69.76139999999998,29.769929999999988,77.73903999999999,162.79192999999998,69.76139999999998
2025-08-25 09:00:00+00:00,recovery,final_eval,0.0,5.7,5.8,3,9,0,8,2025-34,10,0,8,11,0,8,12,0,8,15,0,8,-84.88569999999999,63.97760000000005,339.1107999999999,-265.05346999999995,84.88569999999999,63.97760000000005,339.1107999999999,265.05346999999995
2025-08-26 07:00:00+00:00,long_dry,final_eval,0.0,0.0,0.0,999,7,1,8,2025-34,8,1,8,9,1,8,10,1,8,13,1,8,18.632908,88.33328,220.91052000000002,98.88379999999995,18.632908,88.33328,220.91052000000002,98.88379999999995
2025-08-26 08:00:00+00:00,long_dry,final_eval,0.0,0.0,0.0,999,8,1,8,2025-34,9,1,8,10,1,8,11,1,8,14,1,8,60.91175999999999,176.40206999999998,338.64086999999995,-57.41560000000004,60.91175999999999,176.40206999999998,338.64086999999995,57.41560000000004
2025-08-26 09:00:00+00:00,long_dry,final_eval,0.0,0.0,0.0,999,9,1,8,2025-34,10,1,8,11,1,8,12,1,8,15,1,8,6.40440000000001,235.43176000000005,738.7285999999999,-144.35626000000002,6.40440000000001,235.43176000000005,738.7285999999999,144.35626000000002
2025-08-26 10:00:00+00:00,long_dry,final_eval,0.0,0.0,0.0,999,10,1,8,2025-34,11,1,8,12,1,8,13,1,8,16,1,8,213.20100000000002,740.9031,7.700700000000097,-72.41956000000005,213.20100000000002,740.9031,7.700700000000097,72.41956000000005
2025-08-26 11:00:00+00:00,long_dry,final_eval,0.0,0.0,0.0,999,11,1,8,2025-34,12,1,8,13,1,8,14,1,8,17,1,8,687.9973,116.46094000000005,-178.00275,-59.505199999999945,687.9973,116.46094000000005,178.00275,59.505199999999945
2025-08-26 12:00:00+00:00,long_dry,final_eval,0.0,0.0,0.0,999,12,1,8,2025-34,13,1,8,14,1,8,15,1,8,18,1,8,-45.333900000000085,-221.67003999999997,-18.725900000000024,34.197599999999966,45.333900000000085,221.67003999999997,18.725900000000024,34.197599999999966
2025-08-26 13:00:00+00:00,long_dry,final_eval,0.0,0.0,0.0,999,13,1,8,2025-34,14,1,8,15,1,8,16,1,8,19,1,8,-149.22199999999998,-13.81230000000005,13.436799999999948,182.69350000000009,149.22199999999998,13.81230000000005,13.436799999999948,182.69350000000009
2025-08-26 14:00:00+00:00,long_dry,final_eval,0.0,0.0,0.0,999,14,1,8,2025-34,15,1,8,16,1,8,17,1,8,20,1,8,89.12854000000004,134.72090000000003,-59.640750000000025,182.00369999999998,89.12854000000004,134.72090000000003,59.640750000000025,182.00369999999998
2025-08-26 15:00:00+00:00,long_dry,final_eval,0.0,0.0,0.0,999,15,1,8,2025-34,16,1,8,17,1,8,18,1,8,21,1,8,41.75945999999999,-91.69866999999999,-135.9783,931.1857,41.75945999999999,91.69866999999999,135.9783,931.1857
2025-08-26 16:00:00+00:00,long_dry,final_eval,0.0,0.0,0.0,999,16,1,8,2025-34,17,1,8,18,1,8,19,1,8,22,1,8,-39.79876999999999,6.002299999999991,151.6001000000001,493.0900999999999,39.79876999999999,6.002299999999991,151.6001000000001,493.0900999999999
2025-08-26 17:00:00+00:00,long_dry,final_eval,0.0,0.0,0.0,999,17,1,8,2025-34,18,1,8,19,1,8,20,1,8,23,1,8,-31.995100000000093,58.892700000000104,283.3695,407.86979999999994,31.995100000000093,58.892700000000104,283.3695,407.86979999999994
2025-08-26 18:00:00+00:00,long_dry,final_eval,0.0,0.0,0.0,999,18,1,8,2025-34,19,1,8,20,1,8,21,1,8,0,2,8,-60.309099999999944,56.50430000000006,923.3009,155.3687,60.309099999999944,56.50430000000006,923.3009,155.3687
2025-08-26 19:00:00+00:00,long_dry,final_eval,0.0,0.0,0.0,999,19,1,8,2025-34,20,1,8,21,1,8,22,1,8,1,2,8,-10.179300000000012,825.4825000000001,599.1718000000001,-10.0231,10.179300000000012,825.4825000000001,599.1718000000001,10.0231
2025-08-26 20:00:00+00:00,long_dry,final_eval,0.0,0.0,0.0,999,20,1,8,2025-34,21,1,8,22,1,8,23,1,8,2,2,8,800.3834999999999,426.7674999999999,193.3451,18.696530000000052,800.3834999999999,426.7674999999999,193.3451,18.696530000000052
2025-08-26 21:00:00+00:00,long_dry,final_eval,0.0,0.0,0.0,999,21,1,8,2025-34,22,1,8,23,1,8,0,2,8,3,2,8,414.0420999999999,64.51099999999997,-22.453199999999924,-107.02120000000002,414.0420999999999,64.51099999999997,22.453199999999924,107.02120000000002
2025-08-26 22:00:00+00:00,long_dry,final_eval,0.0,0.0,0.0,999,22,1,8,2025-34,23,1,8,0,2,8,1,2,8,4,2,8,273.7394999999999,62.07030000000009,-11.736899999999991,-43.380480000000006,273.7394999999999,62.07030000000009,11.736899999999991,43.380480000000006
2025-08-26 23:00:00+00:00,long_dry,final_eval,0.0,0.0,0.0,999,23,1,8,2025-34,0,2,8,1,2,8,2,2,8,5,2,8,57.7666999999999,-27.24929999999995,-16.153800000000047,-50.886116,57.7666999999999,27.24929999999995,16.153800000000047,50.886116
2025-08-27 00:00:00+00:00,long_dry,final_eval,0.0,0.0,0.0,999,0,2,8,2025-34,1,2,8,2,2,8,3,2,8,6,2,8,1.213700000000017,32.96270000000004,-34.91991999999999,-23.481262,1.213700000000017,32.96270000000004,34.91991999999999,23.481262
2025-08-27 01:00:00+00:00,long_dry,final_eval,0.0,0.0,0.0,999,1,2,8,2025-34,2,2,8,3,2,8,4,2,8,7,2,8,-0.2358000000000402,-60.66705000000002,-30.232910000000004,-18.500445999999997,0.2358000000000402,60.66705000000002,30.232910000000004,18.500445999999997
2025-08-27 02:00:00+00:00,long_dry,final_eval,0.0,0.0,0.0,999,2,2,8,2025-34,3,2,8,4,2,8,5,2,8,8,2,8,-73.90546,-34.44072,-24.068855,4.269024000000002,73.90546,34.44072,24.068855,4.269024000000002
2025-08-27 03:00:00+00:00,long_dry,final_eval,0.0,0.0,0.0,999,3,2,8,2025-34,4,2,8,5,2,8,6,2,8,9,2,8,1.2839500000000044,-2.78557,-11.527057999999997,28.845889999999997,1.2839500000000044,2.78557,11.527057999999997,28.845889999999997
2025-08-27 04:00:00+00:00,long_dry,final_eval,0.0,0.0,0.0,999,4,2,8,2025-34,5,2,8,6,2,8,7,2,8,10,2,8,-0.5240399999999994,-8.98001,-17.42557,67.40616,0.5240399999999994,8.98001,17.42557,67.40616
2025-08-27 05:00:00+00:00,long_dry,final_eval,0.0,0.0,0.0,999,5,2,8,2025-34,6,2,8,7,2,8,8,2,8,11,2,8,-7.3129729999999995,-14.858619999999998,9.034843000000002,371.33136,7.3129729999999995,14.858619999999998,9.034843000000002,371.33136
2025-08-27 06:00:00+00:00,long_dry,final_eval,0.0,0.0,0.0,999,6,2,8,2025-34,7,2,8,8,2,8,9,2,8,12,2,8,-15.236122000000002,-0.7733199999999982,43.88505000000001,631.9694999999999,15.236122000000002,0.7733199999999982,43.88505000000001,631.9694999999999
2025-08-27 07:00:00+00:00,long_dry,final_eval,0.0,0.0,0.0,999,7,2,8,2025-34,8,2,8,9,2,8,10,2,8,13,2,8,2.872844999999998,55.27063,168.14523000000003,79.46749999999997,2.872844999999998,55.27063,168.14523000000003,79.46749999999997
2025-08-27 08:00:00+00:00,long_dry,final_eval,0.0,0.0,0.0,999,8,2,8,2025-34,9,2,8,10,2,8,11,2,8,14,2,8,32.14689999999999,129.34195,300.87865999999997,-80.06119999999999,32.14689999999999,129.34195,300.87865999999997,80.06119999999999
2025-08-27 09:00:00+00:00,long_dry,final_eval,0.0,0.0,0.0,999,9,2,8,2025-34,10,2,8,11,2,8,12,2,8,15,2,8,-27.89319999999998,219.57850000000008,694.1516999999999,-292.1096,27.89319999999998,219.57850000000008,694.1516999999999,292.1096
2025-08-27 10:00:00+00:00,long_dry,final_eval,0.0,0.0,0.0,999,10,2,8,2025-34,11,2,8,12,2,8,13,2,8,16,2,8,217.45530000000008,709.0134,-23.870100000000093,-207.07279999999992,217.45530000000008,709.0134,23.870100000000093,207.07279999999992
2025-08-27 11:00:00+00:00,long_dry,final_eval,0.0,0.0,0.0,999,11,2,8,2025-34,12,2,8,13,2,8,14,2,8,17,2,8,714.3568,99.72559999999999,-228.6549,-93.93035999999995,714.3568,99.72559999999999,228.6549,93.93035999999995
2025-08-27 12:00:00+00:00,long_dry,final_eval,0.0,0.0,0.0,999,12,2,8,2025-34,13,2,8,14,2,8,15,2,8,18,2,8,18.475799999999936,-143.78859999999997,-83.81793000000005,5.525759999999991,18.475799999999936,143.78859999999997,83.81793000000005,5.525759999999991
2025-08-27 13:00:00+00:00,long_dry,final_eval,0.0,0.0,0.0,999,13,2,8,2025-34,14,2,8,15,2,8,16,2,8,19,2,8,-127.58410000000003,-106.58180000000004,-83.8759,114.6998000000001,127.58410000000003,106.58180000000004,83.8759,114.6998000000001
2025-08-27 14:00:00+00:00,long_dry,final_eval,0.0,0.0,0.0,999,14,2,8,2025-34,15,2,8,16,2,8,17,2,8,20,2,8,-13.926759999999945,42.247100000000046,-92.59704999999997,223.45749999999998,13.926759999999945,42.247100000000046,92.59704999999997,223.45749999999998
2025-08-27 15:00:00+00:00,long_dry,final_eval,0.0,0.0,0.0,999,15,2,8,2025-34,16,2,8,17,2,8,18,2,8,21,2,8,46.75744999999995,-45.04205000000002,-126.92180000000008,939.1177,46.75744999999995,45.04205000000002,126.92180000000008,939.1177
2025-08-27 16:00:00+00:00,long_dry,final_eval,0.0,0.0,0.0,999,16,2,8,2025-34,17,2,8,18,2,8,19,2,8,22,2,8,-10.433300000000031,5.502399999999966,161.10950000000003,410.7029,10.433300000000031,5.502399999999966,161.10950000000003,410.7029
2025-08-27 17:00:00+00:00,long_dry,final_eval,0.0,0.0,0.0,999,17,2,8,2025-34,18,2,8,19,2,8,20,2,8,23,2,8,-126.34789999999998,-53.88609999999994,251.3219999999999,240.3193000000001,126.34789999999998,53.88609999999994,251.3219999999999,240.3193000000001
2025-08-27 18:00:00+00:00,long_dry,final_eval,0.0,0.0,0.0,999,18,2,8,2025-34,19,2,8,20,2,8,21,2,8,0,3,8,-89.61819999999989,162.34860000000003,845.2150999999999,74.44779999999992,89.61819999999989,162.34860000000003,845.2150999999999,74.44779999999992
2025-08-27 19:00:00+00:00,long_dry,final_eval,0.0,0.0,0.0,999,19,2,8,2025-34,20,2,8,21,2,8,22,2,8,1,3,8,106.16959999999995,752.2325000000001,482.08850000000007,-47.500099999999975,106.16959999999995,752.2325000000001,482.08850000000007,47.500099999999975
2025-08-27 20:00:00+00:00,long_dry,final_eval,0.0,0.0,0.0,999,20,2,8,2025-34,21,2,8,22,2,8,23,2,8,2,3,8,707.6608000000001,329.48620000000005,111.99330000000009,-13.619699999999966,707.6608000000001,329.48620000000005,111.99330000000009,13.619699999999966
2025-08-27 21:00:00+00:00,long_dry,final_eval,0.0,0.0,0.0,999,21,2,8,2025-34,22,2,8,23,2,8,0,3,8,3,3,8,325.7603999999999,-18.24499999999989,-62.855600000000095,-124.15089999999998,325.7603999999999,18.24499999999989,62.855600000000095,124.15089999999998
2025-08-27 22:00:00+00:00,long_dry,final_eval,0.0,0.0,0.0,999,22,2,8,2025-34,23,2,8,0,3,8,1,3,8,4,3,8,200.70100000000002,38.53970000000004,-2.810359999999946,-78.23948999999999,200.70100000000002,38.53970000000004,2.810359999999946,78.23948999999999
2025-08-27 23:00:00+00:00,long_dry,final_eval,0.0,0.0,0.0,999,23,2,8,2025-34,0,3,8,1,3,8,2,3,8,5,3,8,64.46190000000001,17.373500000000035,-14.6558,-84.06123,64.46190000000001,17.373500000000035,14.6558,84.06123
2025-08-28 00:00:00+00:00,long_dry,final_eval,0.0,0.0,0.0,999,0,3,8,2025-34,1,3,8,2,3,8,3,3,8,6,3,8,17.783300000000054,26.20519999999999,-23.25308000000001,-23.820213000000003,17.783300000000054,26.20519999999999,23.25308000000001,23.820213000000003
2025-08-28 01:00:00+00:00,long_dry,final_eval,0.0,0.0,0.0,999,1,3,8,2025-34,2,3,8,3,3,8,4,3,8,7,3,8,-3.6843000000000075,-46.83035000000001,-40.919700000000006,-26.576770000000003,3.6843000000000075,46.83035000000001,40.919700000000006,26.576770000000003
2025-08-28 02:00:00+00:00,long_dry,final_eval,0.0,0.0,0.0,999,2,3,8,2025-34,3,3,8,4,3,8,5,3,8,8,3,8,-123.34285999999997,-62.99583000000001,-44.319916000000006,-2.4905299999999997,123.34285999999997,62.99583000000001,44.319916000000006,2.4905299999999997
2025-08-28 03:00:00+00:00,long_dry,final_eval,0.0,0.0,0.0,999,3,3,8,2025-34,4,3,8,5,3,8,6,3,8,9,3,8,-23.03635,-32.120514,-12.19236,36.86174,23.03635,32.120514,12.19236,36.86174
2025-08-28 04:00:00+00:00,long_dry,final_eval,0.0,0.0,0.0,999,4,3,8,2025-34,5,3,8,6,3,8,7,3,8,10,3,8,-12.211365,1.3048319999999975,-15.460236000000002,62.82895000000002,12.211365,1.3048319999999975,15.460236000000002,62.82895000000002
2025-08-28 05:00:00+00:00,long_dry,final_eval,0.0,0.0,0.0,999,5,3,8,2025-34,6,3,8,7,3,8,8,3,8,11,3,8,4.043064000000001,-12.540365000000001,8.586030000000001,248.3813,4.043064000000001,12.540365000000001,8.586030000000001,248.3813
2025-08-28 06:00:00+00:00,long_dry,final_eval,0.0,0.0,0.0,999,6,3,8,2025-34,7,3,8,8,3,8,9,3,8,12,3,8,-14.020233000000001,-2.395645000000002,47.55047999999999,446.10940000000005,14.020233000000001,2.395645000000002,47.55047999999999,446.10940000000005
2025-08-28 07:00:00+00:00,long_dry,final_eval,0.0,0.0,0.0,999,7,3,8,2025-34,8,3,8,9,3,8,10,3,8,13,3,8,1.8567350000000005,62.98683,171.46237000000002,77.1074000000001,1.8567350000000005,62.98683,171.46237000000002,77.1074000000001
2025-08-28 08:00:00+00:00,long_dry,final_eval,0.0,0.0,0.0,999,8,3,8,2025-34,9,3,8,10,3,8,11,3,8,14,3,8,39.45955000000001,125.69232,178.01739999999995,-135.76104999999995,39.45955000000001,125.69232,178.01739999999995,135.76104999999995
2025-08-28 09:00:00+00:00,long_dry,final_eval,0.0,0.0,0.0,999,9,3,8,2025-34,10,3,8,11,3,8,12,3,8,15,3,8,-29.5933,97.51649999999995,515.2533000000001,-318.0265999999999,29.5933,97.51649999999995,515.2533000000001,318.0265999999999
2025-08-28 10:00:00+00:00,long_dry,final_eval,0.0,0.0,0.0,999,10,3,8,2025-34,11,3,8,12,3,8,13,3,8,16,3,8,90.52449999999999,523.8806,-50.261799999999994,-167.05179999999996,90.52449999999999,523.8806,50.261799999999994,167.05179999999996
2025-08-28 11:00:00+00:00,long_dry,final_eval,0.0,0.0,0.0,999,11,3,8,2025-34,12,3,8,13,3,8,14,3,8,17,3,8,562.0269000000001,85.38750000000005,-263.82196,-67.78340000000003,562.0269000000001,85.38750000000005,263.82196,67.78340000000003
2025-08-28 12:00:00+00:00,long_dry,final_eval,0.0,0.0,0.0,999,12,3,8,2025-34,13,3,8,14,3,8,15,3,8,18,3,8,-49.30179999999996,-241.01030000000003,-145.10753999999997,-102.69430000000011,49.30179999999996,241.01030000000003,145.10753999999997,102.69430000000011
2025-08-28 13:00:00+00:00,long_dry,final_eval,0.0,0.0,0.0,999,13,3,8,2025-34,14,3,8,15,3,8,16,3,8,19,3,8,-210.38666,-161.15015000000005,-55.72630000000004,267.2798,210.38666,161.15015000000005,55.72630000000004,267.2798
2025-08-28 14:00:00+00:00,long_dry,final_eval,0.0,0.0,0.0,999,14,3,8,2025-34,15,3,8,16,3,8,17,3,8,20,3,8,4.295839999999998,126.48140000000001,41.075000000000045,140.25289999999995,4.295839999999998,126.48140000000001,41.075000000000045,140.25289999999995
2025-08-28 15:00:00+00:00,long_dry,final_eval,0.0,0.0,0.0,999,15,3,8,2025-34,16,3,8,17,3,8,18,3,8,21,3,8,113.61170000000004,80.08730000000003,-159.45209999999997,837.4933000000001,113.61170000000004,80.08730000000003,159.45209999999997,837.4933000000001
2025-08-28 16:00:00+00:00,long_dry,final_eval,0.0,0.0,0.0,999,16,3,8,2025-34,17,3,8,18,3,8,19,3,8,22,3,8,89.1839,-54.33203000000003,340.7251000000001,370.8641,89.1839,54.33203000000003,340.7251000000001,370.8641
2025-08-28 17:00:00+00:00,long_dry,final_eval,0.0,0.0,0.0,999,17,3,8,2025-34,18,3,8,19,3,8,20,3,8,23,3,8,-300.08230000000003,13.790299999999888,93.89540000000011,259.2506000000001,300.08230000000003,13.790299999999888,93.89540000000011,259.2506000000001
2025-08-28 18:00:00+00:00,long_dry,final_eval,0.0,0.0,0.0,999,18,3,8,2025-34,19,3,8,20,3,8,21,3,8,0,4,8,227.00649999999996,277.97530000000006,925.2046,151.59680000000003,227.00649999999996,277.97530000000006,925.2046,151.59680000000003
2025-08-28 19:00:00+00:00,long_dry,final_eval,0.0,0.0,0.0,999,19,3,8,2025-34,20,3,8,21,3,8,22,3,8,1,4,8,-130.14589999999998,540.1344999999999,392.04150000000004,3.1720000000000255,130.14589999999998,540.1344999999999,392.04150000000004,3.1720000000000255
2025-08-28 20:00:00+00:00,long_dry,final_eval,0.0,0.0,0.0,999,20,3,8,2025-34,21,3,8,22,3,8,23,3,8,2,4,8,625.406,250.49479999999994,101.5003999999999,88.22649999999999,625.406,250.49479999999994,101.5003999999999,88.22649999999999
2025-08-28 21:00:00+00:00,long_dry,final_eval,0.0,0.0,0.0,999,21,3,8,2025-34,22,3,8,23,3,8,0,4,8,3,4,8,255.3157000000001,14.426799999999957,-65.08899999999994,-24.756770000000017,255.3157000000001,14.426799999999957,65.08899999999994,24.756770000000017
2025-08-28 22:00:00+00:00,long_dry,final_eval,0.0,0.0,0.0,999,22,3,8,2025-34,23,3,8,0,4,8,1,4,8,4,4,8,225.84140000000002,10.086700000000064,-14.055100000000039,-26.042450000000002,225.84140000000002,10.086700000000064,14.055100000000039,26.042450000000002
2025-08-28 23:00:00+00:00,long_dry,final_eval,0.0,0.0,0.0,999,23,3,8,2025-34,0,4,8,1,4,8,2,4,8,5,4,8,87.5947000000001,54.97860000000003,103.84969999999998,-34.98514,87.5947000000001,54.97860000000003,103.84969999999998,34.98514
2025-08-29 00:00:00+00:00,long_dry,final_eval,0.0,0.0,0.0,999,0,4,8,2025-34,1,4,8,2,4,8,3,4,8,6,4,8,41.12900000000002,121.9194,36.03348,-32.28305,41.12900000000002,121.9194,36.03348,32.28305
2025-08-29 01:00:00+00:00,long_dry,final_eval,0.0,0.0,0.0,999,1,4,8,2025-34,2,4,8,3,4,8,4,4,8,7,4,8,113.42376999999999,22.798979999999972,10.136490000000009,-30.172801999999997,113.42376999999999,22.798979999999972,10.136490000000009,30.172801999999997
2025-08-29 02:00:00+00:00,long_dry,final_eval,0.0,0.0,0.0,999,2,4,8,2025-34,3,4,8,4,4,8,5,4,8,8,4,8,-95.20399999999995,-31.539780000000007,-14.964780000000005,0.7524450000000016,95.20399999999995,31.539780000000007,14.964780000000005,0.7524450000000016
2025-08-29 03:00:00+00:00,long_dry,final_eval,0.0,0.0,0.0,999,3,4,8,2025-34,4,4,8,5,4,8,6,4,8,9,4,8,-13.696179999999998,-4.005939999999995,-30.068910000000002,19.627379999999988,13.696179999999998,4.005939999999995,30.068910000000002,19.627379999999988
2025-08-29 04:00:00+00:00,long_dry,final_eval,0.0,0.0,0.0,999,4,4,8,2025-34,5,4,8,6,4,8,7,4,8,10,4,8,-3.493163999999993,-11.813319999999997,-20.219659999999998,121.82465000000002,3.493163999999993,11.813319999999997,20.219659999999998,121.82465000000002
2025-08-29 05:00:00+00:00,long_dry,final_eval,0.0,0.0,0.0,999,5,4,8,2025-34,6,4,8,7,4,8,8,4,8,11,4,8,-7.295628000000001,-16.966099999999997,13.261330000000001,20.20029999999997,7.295628000000001,16.966099999999997,13.261330000000001,20.20029999999997
2025-08-29 06:00:00+00:00,long_dry,final_eval,0.0,0.0,0.0,999,6,4,8,2025-34,7,4,8,8,4,8,9,4,8,12,4,8,-14.200916,8.0182,48.672619999999995,72.5299,14.200916,8.0182,48.672619999999995,72.5299
2025-08-29 07:00:00+00:00,long_dry,final_eval,0.0,0.0,0.0,999,7,4,8,2025-34,8,4,8,9,4,8,10,4,8,13,4,8,10.144739999999999,56.230239999999995,81.47237999999999,-20.16540000000009,10.144739999999999,56.230239999999995,81.47237999999999,20.16540000000009
2025-08-29 08:00:00+00:00,long_dry,final_eval,0.0,0.0,0.0,999,8,4,8,2025-34,9,4,8,10,4,8,11,4,8,14,4,8,38.825230000000005,59.751739999999984,-40.60500000000002,94.56579999999997,38.825230000000005,59.751739999999984,40.60500000000002,94.56579999999997
2025-08-29 09:00:00+00:00,long_dry,final_eval,0.0,0.0,0.0,999,9,4,8,2025-34,10,4,8,11,4,8,12,4,8,15,4,8,-119.56783999999999,-155.11080000000004,122.19309999999996,-119.90390000000002,119.56783999999999,155.11080000000004,122.19309999999996,119.90390000000002
2025-08-29 10:00:00+00:00,long_dry,final_eval,0.0,0.0,0.0,999,10,4,8,2025-34,11,4,8,12,4,8,13,4,8,16,4,8,-83.06470000000002,228.89329999999995,-64.41879999999992,-33.90750000000003,83.06470000000002,228.89329999999995,64.41879999999992,33.90750000000003
2025-08-29 11:00:00+00:00,long_dry,final_eval,0.0,0.0,0.0,999,11,4,8,2025-34,12,4,8,13,4,8,14,4,8,17,4,8,180.93689999999992,-117.49759999999992,-154.64830000000006,9.977300000000014,180.93689999999992,117.49759999999992,154.64830000000006,9.977300000000014
2025-08-29 12:00:00+00:00,long_dry,final_eval,0.0,0.0,0.0,999,12,4,8,2025-34,13,4,8,14,4,8,15,4,8,18,4,8,-23.73160000000007,69.48816,43.60064999999997,223.5951,23.73160000000007,69.48816,43.60064999999997,223.5951
2025-08-29 13:00:00+00:00,long_dry,final_eval,0.0,0.0,0.0,999,13,4,8,2025-34,14,4,8,15,4,8,16,4,8,19,4,8,84.03020000000004,51.949160000000006,226.15729999999996,564.3494000000001,84.03020000000004,51.949160000000006,226.15729999999996,564.3494000000001
2025-08-29 14:00:00+00:00,long_dry,final_eval,0.0,0.0,0.0,999,14,4,8,2025-34,15,4,8,16,4,8,17,4,8,20,4,8,-36.2876,115.00600000000009,39.50170000000003,400.64470000000006,36.2876,115.00600000000009,39.50170000000003,400.64470000000006
2025-08-30 18:00:00+00:00,long_dry,final_eval,0.0,0.0,0.0,999,18,5,8,2025-34,19,5,8,20,5,8,21,5,8,0,6,8,-16.538999999999987,-295.8108,-280.79089999999997,-132.27729999999997,16.538999999999987,295.8108,280.79089999999997,132.27729999999997
2025-08-30 19:00:00+00:00,long_dry,final_eval,0.0,0.0,0.0,999,19,5,8,2025-34,20,5,8,21,5,8,22,5,8,1,6,8,-92.21090000000004,-105.00299999999993,39.8599999999999,-271.25806,92.21090000000004,105.00299999999993,39.8599999999999,271.25806
2025-08-30 20:00:00+00:00,long_dry,final_eval,0.0,0.0,0.0,999,20,5,8,2025-34,21,5,8,22,5,8,23,5,8,2,6,8,55.65840000000003,170.77800000000002,84.72779999999989,-80.73157000000003,55.65840000000003,170.77800000000002,84.72779999999989,80.73157000000003
2025-08-30 21:00:00+00:00,long_dry,final_eval,0.0,0.0,0.0,999,21,5,8,2025-34,22,5,8,23,5,8,0,6,8,3,6,8,172.31850000000009,95.16129999999998,-216.6344999999999,12.350649999999973,172.31850000000009,95.16129999999998,216.6344999999999,12.350649999999973
2025-08-30 22:00:00+00:00,long_dry,final_eval,0.0,0.0,0.0,999,22,5,8,2025-34,23,5,8,0,6,8,1,6,8,4,6,8,104.37889999999993,-162.15840000000003,-269.2858,109.49331999999998,104.37889999999993,162.15840000000003,269.2858,109.49331999999998
2025-08-30 23:00:00+00:00,long_dry,final_eval,0.0,0.0,0.0,999,23,5,8,2025-34,0,6,8,1,6,8,2,6,8,5,6,8,-139.22029999999995,-211.75775,-106.00660000000005,146.05931,139.22029999999995,211.75775,106.00660000000005,146.05931
2025-08-31 00:00:00+00:00,long_dry,final_eval,0.0,0.0,0.0,999,0,6,8,2025-35,1,6,8,2,6,8,3,6,8,6,6,8,-104.62756000000002,28.333499999999958,70.02544999999998,31.249329999999986,104.62756000000002,28.333499999999958,70.02544999999998,31.249329999999986
2025-08-31 01:00:00+00:00,long_dry,final_eval,0.0,0.0,0.0,999,1,6,8,2025-35,2,6,8,3,6,8,4,6,8,7,6,8,29.755430000000047,64.87919999999997,82.7579,-7.146240000000006,29.755430000000047,64.87919999999997,82.7579,7.146240000000006
2025-08-31 02:00:00+00:00,long_dry,final_eval,0.0,0.0,0.0,999,2,6,8,2025-35,3,6,8,4,6,8,5,6,8,8,6,8,-90.70025999999996,-48.39281999999997,55.72125,-19.692210000000003,90.70025999999996,48.39281999999997,55.72125,19.692210000000003
2025-08-31 03:00:00+00:00,long_dry,final_eval,0.0,0.0,0.0,999,3,6,8,2025-35,4,6,8,5,6,8,6,6,8,9,6,8,7.8706000000000245,97.73782,27.8211,-36.78497,7.8706000000000245,97.73782,27.8211,36.78497
2025-08-31 04:00:00+00:00,long_dry,final_eval,0.0,0.0,0.0,999,4,6,8,2025-35,5,6,8,6,6,8,7,6,8,10,6,8,88.37018,-0.560149999999993,-20.06505,-64.43817000000001,88.37018,0.560149999999993,20.06505,64.43817000000001
2025-08-31 05:00:00+00:00,long_dry,final_eval,0.0,0.0,0.0,999,5,6,8,2025-35,6,6,8,7,6,8,8,6,8,11,6,8,-42.88980000000001,-39.422470000000004,-36.977149999999995,-57.48797999999999,42.88980000000001,39.422470000000004,36.977149999999995,57.48797999999999
2025-08-31 06:00:00+00:00,long_dry,final_eval,0.0,0.0,0.0,999,6,6,8,2025-35,7,6,8,8,6,8,9,6,8,12,6,8,12.358540000000005,-9.736645000000003,-9.833404999999999,-145.05742999999995,12.358540000000005,9.736645000000003,9.833404999999999,145.05742999999995
2025-08-31 07:00:00+00:00,long_dry,final_eval,0.0,0.0,0.0,999,7,6,8,2025-35,8,6,8,9,6,8,10,6,8,13,6,8,-2.335250000000002,-7.650459999999995,-53.44798,-204.6364000000001,2.335250000000002,7.650459999999995,53.44798,204.6364000000001
2025-08-31 08:00:00+00:00,long_dry,final_eval,0.0,0.0,0.0,999,8,6,8,2025-35,9,6,8,10,6,8,11,6,8,14,6,8,-18.78658,-63.88257999999999,-151.45350000000002,64.32639999999992,18.78658,63.88257999999999,151.45350000000002,64.32639999999992
2025-08-31 09:00:00+00:00,long_dry,final_eval,0.0,0.0,0.0,999,9,6,8,2025-35,10,6,8,11,6,8,12,6,8,15,6,8,-56.56976,-171.8945,-250.76909999999998,205.38779999999997,56.56976,171.8945,250.76909999999998,205.38779999999997
2025-08-31 10:00:00+00:00,long_dry,final_eval,0.0,0.0,0.0,999,10,6,8,2025-35,11,6,8,12,6,8,13,6,8,16,6,8,-59.842960000000005,-78.35900000000004,-39.101260000000025,229.86329999999998,59.842960000000005,78.35900000000004,39.101260000000025,229.86329999999998
2025-08-31 11:00:00+00:00,long_dry,final_eval,0.0,0.0,0.0,999,11,6,8,2025-35,12,6,8,13,6,8,14,6,8,17,6,8,-108.98253999999997,-90.26324,113.8293000000001,150.5869,108.98253999999997,90.26324,113.8293000000001,150.5869
2025-08-31 12:00:00+00:00,long_dry,final_eval,0.0,0.0,0.0,999,12,6,8,2025-35,13,6,8,14,6,8,15,6,8,18,6,8,-92.63604999999995,98.91630000000009,205.20810000000006,178.45759999999996,92.63604999999995,98.91630000000009,205.20810000000006,178.45759999999996
2025-08-31 13:00:00+00:00,long_dry,final_eval,0.0,0.0,0.0,999,13,6,8,2025-35,14,6,8,15,6,8,16,6,8,19,6,8,67.79809999999998,86.11020000000008,125.35279999999989,265.8357000000001,67.79809999999998,86.11020000000008,125.35279999999989,265.8357000000001
2025-08-31 14:00:00+00:00,long_dry,final_eval,0.0,0.0,0.0,999,14,6,8,2025-35,15,6,8,16,6,8,17,6,8,20,6,8,42.39869999999996,55.46239999999989,-8.839699999999993,-24.377700000000004,42.39869999999996,55.46239999999989,8.839699999999993,24.377700000000004
2025-08-31 15:00:00+00:00,long_dry,final_eval,0.0,0.0,0.0,999,15,6,8,2025-35,16,6,8,17,6,8,18,6,8,21,6,8,82.00700000000006,15.087500000000091,58.084499999999935,118.55420000000004,82.00700000000006,15.087500000000091,58.084499999999935,118.55420000000004
2025-08-31 16:00:00+00:00,long_dry,final_eval,0.0,0.0,0.0,999,16,6,8,2025-35,17,6,8,18,6,8,19,6,8,22,6,8,60.684099999999944,80.86149999999998,209.15830000000005,254.5743,60.684099999999944,80.86149999999998,209.15830000000005,254.5743
2025-08-31 17:00:00+00:00,long_dry,final_eval,0.0,0.0,0.0,999,17,6,8,2025-35,18,6,8,19,6,8,20,6,8,23,6,8,172.34860000000003,271.4253000000001,1.5083999999999378,33.72990000000004,172.34860000000003,271.4253000000001,1.5083999999999378,33.72990000000004
2025-08-31 18:00:00+00:00,long_dry,final_eval,0.0,0.0,0.0,999,18,6,8,2025-35,19,6,8,20,6,8,21,6,8,0,0,9,187.16280000000006,-123.55659999999989,-11.50630000000001,-6.351499999999987,187.16280000000006,123.55659999999989,11.50630000000001,6.351499999999987
2025-08-31 19:00:00+00:00,long_dry,final_eval,0.0,0.0,0.0,999,19,6,8,2025-35,20,6,8,21,6,8,22,6,8,1,0,9,-213.0845999999999,-197.01379999999995,64.95039999999995,-70.10559999999998,213.0845999999999,197.01379999999995,64.95039999999995,70.10559999999998
2025-08-31 20:00:00+00:00,long_dry,final_eval,0.0,0.0,0.0,999,20,6,8,2025-35,21,6,8,22,6,8,23,6,8,2,0,9,148.39830000000006,341.10349999999994,34.15339999999992,-20.855500000000006,148.39830000000006,341.10349999999994,34.15339999999992,20.855500000000006
2025-08-31 21:00:00+00:00,long_dry,final_eval,0.0,0.0,0.0,999,21,6,8,2025-35,22,6,8,23,6,8,0,0,9,3,0,9,161.1026999999999,-143.98180000000002,-305.1262999999999,20.431730000000016,161.1026999999999,143.98180000000002,305.1262999999999,20.431730000000016
2025-08-31 22:00:00+00:00,long_dry,final_eval,0.0,0.0,0.0,999,22,6,8,2025-35,23,6,8,0,0,9,1,0,9,4,0,9,-168.9867999999999,-259.47489999999993,-68.7835,179.60933,168.9867999999999,259.47489999999993,68.7835,179.60933
2025-08-31 23:00:00+00:00,long_dry,final_eval,0.0,0.0,0.0,999,23,6,8,2025-35,0,0,9,1,0,9,2,0,9,5,0,9,-154.3447000000001,2.928959999999961,14.247439999999983,70.64904,154.3447000000001,2.928959999999961,14.247439999999983,70.64904
2025-09-01 00:00:00+00:00,long_dry,final_eval,0.0,0.0,0.0,999,0,0,9,2025-35,1,0,9,2,0,9,3,0,9,6,0,9,93.39549999999997,106.14087,234.58215,33.635235,93.39549999999997,106.14087,234.58215,33.635235
2025-09-01 01:00:00+00:00,long_dry,final_eval,0.0,0.0,0.0,999,1,0,9,2025-35,2,0,9,3,0,9,4,0,9,7,0,9,-12.450399999999945,154.74603000000002,219.48268,19.473625,12.450399999999945,154.74603000000002,219.48268,19.473625
2025-09-01 02:00:00+00:00,long_dry,final_eval,0.0,0.0,0.0,999,2,0,9,2025-35,3,0,9,4,0,9,5,0,9,8,0,9,137.74924,209.91533,81.000885,8.08988,137.74924,209.91533,81.000885,8.08988
2025-09-01 03:00:00+00:00,long_dry,final_eval,0.0,0.0,0.0,999,3,0,9,2025-35,4,0,9,5,0,9,6,0,9,9,0,9,140.91025,55.83681,21.247860000000003,-49.48459,140.91025,55.83681,21.247860000000003,49.48459
2025-09-01 04:00:00+00:00,long_dry,final_eval,0.0,0.0,0.0,999,4,0,9,2025-35,5,0,9,6,0,9,7,0,9,10,0,9,-16.513239999999996,-5.128360000000001,-2.726604000000002,-91.76674,16.513239999999996,5.128360000000001,2.726604000000002,91.76674
2025-09-01 05:00:00+00:00,long_dry,final_eval,0.0,0.0,0.0,999,5,0,9,2025-35,6,0,9,7,0,9,8,0,9,11,0,9,12.624440000000007,14.439632000000003,9.958412000000003,-342.79926,12.624440000000007,14.439632000000003,9.958412000000003,342.79926
2025-09-01 06:00:00+00:00,long_dry,final_eval,0.0,0.0,0.0,999,6,0,9,2025-35,7,0,9,8,0,9,9,0,9,12,0,9,19.577779999999997,6.689594,-17.659805000000006,-655.8335,19.577779999999997,6.689594,17.659805000000006,655.8335
2025-09-01 07:00:00+00:00,long_dry,final_eval,0.0,0.0,0.0,999,7,0,9,2025-35,8,0,9,9,0,9,10,0,9,13,0,9,3.912329999999997,-19.969350000000006,-136.2457,-296.5283999999999,3.912329999999997,19.969350000000006,136.2457,296.5283999999999
2025-09-01 08:00:00+00:00,long_dry,final_eval,0.0,0.0,0.0,999,8,0,9,2025-35,9,0,9,10,0,9,11,0,9,14,0,9,-12.846633999999995,-107.56348,-294.50323000000003,107.44695999999999,12.846633999999995,107.56348,294.50323000000003,107.44695999999999
2025-09-01 09:00:00+00:00,long_dry,final_eval,0.0,0.0,0.0,999,9,0,9,2025-35,10,0,9,11,0,9,12,0,9,15,0,9,-91.57427999999999,-359.2247,-544.9666,435.35400000000004,91.57427999999999,359.2247,544.9666,435.35400000000004
2025-09-01 10:00:00+00:00,long_dry,final_eval,0.0,0.0,0.0,999,10,0,9,2025-35,11,0,9,12,0,9,13,0,9,16,0,9,-120.54187000000002,-331.99210000000005,-298.58979999999997,394.41959999999995,120.54187000000002,331.99210000000005,298.58979999999997,394.41959999999995
2025-09-01 11:00:00+00:00,long_dry,final_eval,0.0,0.0,0.0,999,11,0,9,2025-35,12,0,9,13,0,9,14,0,9,17,0,9,-175.47220000000004,-157.4787,17.516359999999963,253.8391999999999,175.47220000000004,157.4787,17.516359999999963,253.8391999999999
2025-09-01 12:00:00+00:00,long_dry,final_eval,0.0,0.0,0.0,999,12,0,9,2025-35,13,0,9,14,0,9,15,0,9,18,0,9,-161.56510000000003,15.991999999999962,355.70135000000005,421.31359999999995,161.56510000000003,15.991999999999962,355.70135000000005,421.31359999999995
2025-09-01 13:00:00+00:00,long_dry,final_eval,0.0,0.0,0.0,999,13,0,9,2025-35,14,0,9,15,0,9,16,0,9,19,0,9,-45.55179999999996,188.39429999999993,224.4641999999999,267.1841999999999,45.55179999999996,188.39429999999993,224.4641999999999,267.1841999999999
2025-09-01 14:00:00+00:00,long_dry,final_eval,0.0,0.0,0.0,999,14,0,9,2025-35,15,0,9,16,0,9,17,0,9,20,0,9,169.86380000000008,151.0485000000001,81.22350000000006,71.99990000000003,169.86380000000008,151.0485000000001,81.22350000000006,71.99990000000003
2025-09-01 15:00:00+00:00,long_dry,final_eval,0.0,0.0,0.0,999,15,0,9,2025-35,16,0,9,17,0,9,18,0,9,21,0,9,89.55400000000009,51.82030000000009,148.87040000000002,-18.489299999999957,89.55400000000009,51.82030000000009,148.87040000000002,18.489299999999957
2025-09-01 16:00:00+00:00,long_dry,final_eval,0.0,0.0,0.0,999,16,0,9,2025-35,17,0,9,18,0,9,19,0,9,22,0,9,176.72289999999998,255.61899999999991,239.5933,1.8563999999998941,176.72289999999998,255.61899999999991,239.5933,1.8563999999998941
2025-09-01 17:00:00+00:00,long_dry,final_eval,0.0,0.0,0.0,999,17,0,9,2025-35,18,0,9,19,0,9,20,0,9,23,0,9,293.58310000000006,171.8945000000001,2.4972000000000207,-44.46309999999994,293.58310000000006,171.8945000000001,2.4972000000000207,44.46309999999994
2025-09-01 18:00:00+00:00,long_dry,final_eval,0.0,0.0,0.0,999,18,0,9,2025-35,19,0,9,20,0,9,21,0,9,0,1,9,62.20839999999998,-216.24890000000005,-406.2031999999999,-163.90923999999995,62.20839999999998,216.24890000000005,406.2031999999999,163.90923999999995
2025-09-01 19:00:00+00:00,long_dry,final_eval,0.0,0.0,0.0,999,19,0,9,2025-35,20,0,9,21,0,9,22,0,9,1,1,9,-46.238599999999906,-341.7762,-248.789,-245.33460000000002,46.238599999999906,341.7762,248.789,245.33460000000002
2025-09-01 20:00:00+00:00,long_dry,final_eval,0.0,0.0,0.0,999,20,0,9,2025-35,21,0,9,22,0,9,23,0,9,2,1,9,-111.86390000000006,-89.16129999999998,-138.82809999999995,-105.42096000000004,111.86390000000006,89.16129999999998,138.82809999999995,105.42096000000004
2025-09-01 21:00:00+00:00,long_dry,final_eval,0.0,0.0,0.0,999,21,0,9,2025-35,22,0,9,23,0,9,0,1,9,3,1,9,120.06999999999994,47.29829999999993,-207.68566999999996,-165.6017,120.06999999999994,47.29829999999993,207.68566999999996,165.6017
2025-09-01 22:00:00+00:00,long_dry,final_eval,0.0,0.0,0.0,999,22,0,9,2025-35,23,0,9,0,1,9,1,1,9,4,1,9,-64.57899999999995,-269.84799999999996,-279.0494,-125.47432,64.57899999999995,269.84799999999996,279.0494,125.47432
2025-09-01 23:00:00+00:00,long_dry,final_eval,0.0,0.0,0.0,999,23,0,9,2025-35,0,1,9,1,1,9,2,1,9,5,1,9,-223.69500000000005,-229.49030000000005,-161.72879999999998,-58.066315,223.69500000000005,229.49030000000005,161.72879999999998,58.066315
2025-09-02 00:00:00+00:00,long_dry,final_eval,0.0,0.0,0.0,999,0,1,9,2025-35,1,1,9,2,1,9,3,1,9,6,1,9,-112.1893,-30.84591999999998,-43.19049000000001,-23.879333000000003,112.1893,30.84591999999998,43.19049000000001,23.879333000000003
2025-09-02 01:00:00+00:00,long_dry,final_eval,0.0,0.0,0.0,999,1,1,9,2025-35,2,1,9,3,1,9,4,1,9,7,1,9,15.546969999999988,-43.87456,-54.43799999999999,-14.243303000000001,15.546969999999988,43.87456,54.43799999999999,14.243303000000001
2025-09-02 02:00:00+00:00,long_dry,final_eval,0.0,0.0,0.0,999,2,1,9,2025-35,3,1,9,4,1,9,5,1,9,8,1,9,-68.64004999999997,-45.636669999999995,-22.220020000000005,16.75683,68.64004999999997,45.636669999999995,22.220020000000005,16.75683
2025-09-02 03:00:00+00:00,long_dry,final_eval,0.0,0.0,0.0,999,3,1,9,2025-35,4,1,9,5,1,9,6,1,9,9,1,9,-17.705864000000005,-0.44156300000000215,-7.785587,39.44424000000001,17.705864000000005,0.44156300000000215,7.785587,39.44424000000001
2025-09-02 04:00:00+00:00,long_dry,final_eval,0.0,0.0,0.0,999,4,1,9,2025-35,5,1,9,6,1,9,7,1,9,10,1,9,7.3514669999999995,-2.8314100000000018,-8.738897000000001,60.76047,7.3514669999999995,2.8314100000000018,8.738897000000001,60.76047
2025-09-02 05:00:00+00:00,long_dry,final_eval,0.0,0.0,0.0,999,5,1,9,2025-35,6,1,9,7,1,9,8,1,9,11,1,9,-8.344479999999997,-12.952827,17.632869999999997,331.82354999999995,8.344479999999997,12.952827,17.632869999999997,331.82354999999995
2025-09-02 06:00:00+00:00,long_dry,final_eval,0.0,0.0,0.0,999,6,1,9,2025-35,7,1,9,8,1,9,9,1,9,12,1,9,-11.46284,12.200420000000001,60.079575000000006,655.6521,11.46284,12.200420000000001,60.079575000000006,655.6521
2025-09-02 07:00:00+00:00,long_dry,final_eval,0.0,0.0,0.0,999,7,1,9,2025-35,8,1,9,9,1,9,10,1,9,13,1,9,15.894302000000003,67.66034,154.7341,64.57690000000002,15.894302000000003,67.66034,154.7341,64.57690000000002
2025-09-02 08:00:00+00:00,long_dry,final_eval,0.0,0.0,0.0,999,8,1,9,2025-35,9,1,9,10,1,9,11,1,9,14,1,9,37.85735,108.75385,285.01874,-52.144649999999956,37.85735,108.75385,285.01874,52.144649999999956
2025-09-02 09:00:00+00:00,long_dry,final_eval,0.0,0.0,0.0,999,9,1,9,2025-35,10,1,9,11,1,9,12,1,9,15,1,9,-70.26415999999995,164.46050000000002,677.6539,-201.02795000000003,70.26415999999995,164.46050000000002,677.6539,201.02795000000003
2025-09-02 10:00:00+00:00,long_dry,final_eval,0.0,0.0,0.0,999,10,1,9,2025-35,11,1,9,12,1,9,13,1,9,16,1,9,107.5739000000001,615.0143,-75.39030000000002,-92.60109999999997,107.5739000000001,615.0143,75.39030000000002,92.60109999999997
2025-09-02 11:00:00+00:00,long_dry,final_eval,0.0,0.0,0.0,999,11,1,9,2025-35,12,1,9,13,1,9,14,1,9,17,1,9,639.5001,36.31024000000002,-198.61599999999999,-139.14149999999995,639.5001,36.31024000000002,198.61599999999999,139.14149999999995
2025-09-02 12:00:00+00:00,long_dry,final_eval,0.0,0.0,0.0,999,12,1,9,2025-35,13,1,9,14,1,9,15,1,9,18,1,9,-75.13000000000011,-160.56066999999996,-50.080299999999966,-67.80706999999995,75.13000000000011,160.56066999999996,50.080299999999966,67.80706999999995
2025-09-02 13:00:00+00:00,long_dry,final_eval,0.0,0.0,0.0,999,13,1,9,2025-35,14,1,9,15,1,9,16,1,9,19,1,9,-227.82389999999998,-166.02013999999997,-84.13580000000002,79.28800000000001,227.82389999999998,166.02013999999997,84.13580000000002,79.28800000000001
2025-09-02 14:00:00+00:00,long_dry,final_eval,0.0,0.0,0.0,999,14,1,9,2025-35,15,1,9,16,1,9,17,1,9,20,1,9,10.663270000000011,89.74927000000002,-85.79100000000005,182.1871000000001,10.663270000000011,89.74927000000002,85.79100000000005,182.1871000000001
2025-09-02 15:00:00+00:00,long_dry,final_eval,0.0,0.0,0.0,999,15,1,9,2025-35,16,1,9,17,1,9,18,1,9,21,1,9,70.86329999999998,-50.12559999999996,-151.3976,829.3823,70.86329999999998,50.12559999999996,151.3976,829.3823
2025-09-02 16:00:00+00:00,long_dry,final_eval,0.0,0.0,0.0,999,16,1,9,2025-35,17,1,9,18,1,9,19,1,9,22,1,9,-26.106199999999944,-25.048340000000053,177.63339999999994,341.52639999999997,26.106199999999944,25.048340000000053,177.63339999999994,341.52639999999997
2025-09-02 17:00:00+00:00,long_dry,final_eval,0.0,0.0,0.0,999,17,1,9,2025-35,18,1,9,19,1,9,20,1,9,23,1,9,-80.75139999999999,64.70450000000005,334.5336,319.3058000000001,80.75139999999999,64.70450000000005,334.5336,319.3058000000001
2025-09-02 18:00:00+00:00,long_dry,final_eval,0.0,0.0,0.0,999,18,1,9,2025-35,19,1,9,20,1,9,21,1,9,0,2,9,-10.446500000000015,192.6980000000001,841.3983000000001,144.16359999999997,10.446500000000015,192.6980000000001,841.3983000000001,144.16359999999997
2025-09-02 19:00:00+00:00,long_dry,final_eval,0.0,0.0,0.0,999,19,1,9,2025-35,20,1,9,21,1,9,22,1,9,1,2,9,89.38660000000004,690.0784000000001,467.0848000000001,-18.588870000000043,89.38660000000004,690.0784000000001,467.0848000000001,18.588870000000043
2025-09-02 20:00:00+00:00,long_dry,final_eval,0.0,0.0,0.0,999,20,1,9,2025-35,21,1,9,22,1,9,23,1,9,2,2,9,739.1001000000001,333.97839999999997,160.95759999999996,-20.26419999999996,739.1001000000001,333.97839999999997,160.95759999999996,20.26419999999996
2025-09-02 21:00:00+00:00,long_dry,final_eval,0.0,0.0,0.0,999,21,1,9,2025-35,22,1,9,23,1,9,0,2,9,3,2,9,349.4976999999999,82.9181000000001,-51.56040000000007,-127.09372000000002,349.4976999999999,82.9181000000001,51.56040000000007,127.09372000000002
2025-09-02 22:00:00+00:00,long_dry,final_eval,0.0,0.0,0.0,999,22,1,9,2025-35,23,1,9,0,2,9,1,2,9,4,2,9,211.04700000000003,-14.885600000000068,-67.29660000000001,-57.58063999999999,211.04700000000003,14.885600000000068,67.29660000000001,57.58063999999999
2025-09-02 23:00:00+00:00,long_dry,final_eval,0.0,0.0,0.0,999,23,1,9,2025-35,0,2,9,1,2,9,2,2,9,5,2,9,-16.186999999999898,-60.85170000000005,-70.56129999999996,-48.529610000000005,16.186999999999898,60.85170000000005,70.56129999999996,48.529610000000005
2025-09-03 00:00:00+00:00,long_dry,final_eval,0.0,0.0,0.0,999,0,2,9,2025-35,1,2,9,2,2,9,3,2,9,6,2,9,-54.90160000000003,-37.353200000000015,-61.995900000000006,-15.835895999999998,54.90160000000003,37.353200000000015,61.995900000000006,15.835895999999998
2025-09-03 01:00:00+00:00,long_dry,final_eval,0.0,0.0,0.0,999,1,2,9,2025-35,2,2,9,3,2,9,4,2,9,7,2,9,-80.22090000000003,-89.33246000000003,-44.608779999999996,-17.995926,80.22090000000003,89.33246000000003,44.608779999999996,17.995926
2025-09-03 02:00:00+00:00,long_dry,final_eval,0.0,0.0,0.0,999,2,2,9,2025-35,3,2,9,4,2,9,5,2,9,8,2,9,-65.22656,-35.814449999999994,-30.62012,3.7399559999999994,65.22656,35.814449999999994,30.62012,3.7399559999999994
2025-09-03 03:00:00+00:00,long_dry,final_eval,0.0,0.0,0.0,999,3,2,9,2025-35,4,2,9,5,2,9,6,2,9,9,2,9,-11.500373999999994,-9.356819999999999,-2.731696999999997,26.779650000000004,11.500373999999994,9.356819999999999,2.731696999999997,26.779650000000004
2025-09-03 04:00:00+00:00,long_dry,final_eval,0.0,0.0,0.0,999,4,2,9,2025-35,5,2,9,6,2,9,7,2,9,10,2,9,-3.739918000000003,2.6143779999999985,-13.390685999999999,92.86610000000002,3.739918000000003,2.6143779999999985,13.390685999999999,92.86610000000002
2025-09-03 05:00:00+00:00,long_dry,final_eval,0.0,0.0,0.0,999,5,2,9,2025-35,6,2,9,7,2,9,8,2,9,11,2,9,0.4999430000000018,-15.448813999999999,5.722940000000001,466.179,0.4999430000000018,15.448813999999999,5.722940000000001,466.179
2025-09-03 06:00:00+00:00,long_dry,final_eval,0.0,0.0,0.0,999,6,2,9,2025-35,7,2,9,8,2,9,9,2,9,12,2,9,-16.174679,-4.458770000000001,43.4058,752.357,16.174679,4.458770000000001,43.4058,752.357
2025-09-03 07:00:00+00:00,long_dry,final_eval,0.0,0.0,0.0,999,7,2,9,2025-35,8,2,9,9,2,9,10,2,9,13,2,9,1.541953999999997,55.435069999999996,182.01413000000002,71.39733999999999,1.541953999999997,55.435069999999996,182.01413000000002,71.39733999999999
2025-09-03 08:00:00+00:00,long_dry,final_eval,0.0,0.0,0.0,999,8,2,9,2025-35,9,2,9,10,2,9,11,2,9,14,2,9,32.81764000000001,142.64188000000001,396.293,-35.05849999999998,32.81764000000001,142.64188000000001,396.293,35.05849999999998
2025-09-03 09:00:00+00:00,long_dry,final_eval,0.0,0.0,0.0,999,9,2,9,2025-35,10,2,9,11,2,9,12,2,9,15,2,9,-16.25824,299.65819999999997,789.5283,-220.77215999999999,16.25824,299.65819999999997,789.5283,220.77215999999999
2025-09-03 10:00:00+00:00,long_dry,final_eval,0.0,0.0,0.0,999,10,2,9,2025-35,11,2,9,12,2,9,13,2,9,16,2,9,293.71295,786.4712,-56.6579999999999,-136.46245999999996,293.71295,786.4712,56.6579999999999,136.46245999999996
2025-09-03 11:00:00+00:00,long_dry,final_eval,0.0,0.0,0.0,999,11,2,9,2025-35,12,2,9,13,2,9,14,2,9,17,2,9,798.954,124.14599999999996,-137.52515000000005,-138.85969999999998,798.954,124.14599999999996,137.52515000000005,138.85969999999998
2025-09-03 12:00:00+00:00,long_dry,final_eval,0.0,0.0,0.0,999,12,2,9,2025-35,13,2,9,14,2,9,15,2,9,18,2,9,-84.2944,-172.97955000000002,-87.11580000000004,6.503900000000044,84.2944,172.97955000000002,87.11580000000004,6.503900000000044
2025-09-03 13:00:00+00:00,long_dry,final_eval,0.0,0.0,0.0,999,13,2,9,2025-35,14,2,9,15,2,9,16,2,9,19,2,9,-105.99360000000001,-67.73220000000003,-40.44780000000003,144.59359999999992,105.99360000000001,67.73220000000003,40.44780000000003,144.59359999999992
2025-09-03 14:00:00+00:00,long_dry,final_eval,0.0,0.0,0.0,999,14,2,9,2025-35,15,2,9,16,2,9,17,2,9,20,2,9,-2.5778000000000247,59.24994000000004,-147.71387000000004,194.7098000000001,2.5778000000000247,59.24994000000004,147.71387000000004,194.7098000000001
2025-09-03 15:00:00+00:00,long_dry,final_eval,0.0,0.0,0.0,999,15,2,9,2025-35,16,2,9,17,2,9,18,2,9,21,2,9,18.387500000000045,-142.96929999999998,-137.62149999999997,931.7026000000001,18.387500000000045,142.96929999999998,137.62149999999997,931.7026000000001
2025-09-03 16:00:00+00:00,long_dry,final_eval,0.0,0.0,0.0,999,16,2,9,2025-35,17,2,9,18,2,9,19,2,9,22,2,9,-70.91547000000003,28.307739999999967,150.8400999999999,565.5174999999999,70.91547000000003,28.307739999999967,150.8400999999999,565.5174999999999
2025-09-03 17:00:00+00:00,long_dry,final_eval,0.0,0.0,0.0,999,17,2,9,2025-35,18,2,9,19,2,9,20,2,9,23,2,9,16.013239999999996,139.4994999999999,442.5925,449.1292000000001,16.013239999999996,139.4994999999999,442.5925,449.1292000000001
2025-09-03 18:00:00+00:00,long_dry,final_eval,0.0,0.0,0.0,999,18,2,9,2025-35,19,2,9,20,2,9,21,2,9,0,3,9,-138.6744000000001,43.112499999999955,839.9114,89.64730000000009,138.6744000000001,43.112499999999955,839.9114,89.64730000000009
2025-09-03 19:00:00+00:00,long_dry,final_eval,0.0,0.0,0.0,999,19,2,9,2025-35,20,2,9,21,2,9,22,2,9,1,3,9,55.269000000000005,759.0605,635.5220999999999,-47.44200000000001,55.269000000000005,759.0605,635.5220999999999,47.44200000000001
2025-09-03 20:00:00+00:00,long_dry,final_eval,0.0,0.0,0.0,999,20,2,9,2025-35,21,2,9,22,2,9,23,2,9,2,3,9,760.7682,492.4614999999999,221.5094999999999,-36.76433999999995,760.7682,492.4614999999999,221.5094999999999,36.76433999999995
2025-09-03 21:00:00+00:00,long_dry,final_eval,0.0,0.0,0.0,999,21,2,9,2025-35,22,2,9,23,2,9,0,3,9,3,3,9,483.86069999999995,109.30659999999989,-40.902000000000044,-110.82060000000001,483.86069999999995,109.30659999999989,40.902000000000044,110.82060000000001
2025-09-03 22:00:00+00:00,long_dry,final_eval,0.0,0.0,0.0,999,22,2,9,2025-35,23,2,9,0,3,9,1,3,9,4,3,9,313.4358,38.845600000000104,-16.157400000000052,-84.97513000000001,313.4358,38.845600000000104,16.157400000000052,84.97513000000001
2025-09-03 23:00:00+00:00,long_dry,final_eval,0.0,0.0,0.0,999,23,2,9,2025-35,0,3,9,1,3,9,2,3,9,5,3,9,28.011099999999942,-26.218799999999987,-48.72149999999999,-62.691185000000004,28.011099999999942,26.218799999999987,48.72149999999999,62.691185000000004
2025-09-04 00:00:00+00:00,long_dry,final_eval,0.0,0.0,0.0,999,0,3,9,2025-35,1,3,9,2,3,9,3,3,9,6,3,9,11.277799999999957,11.003360000000043,-16.78512999999998,-25.418137,11.277799999999957,11.003360000000043,16.78512999999998,25.418137
2025-09-04 01:00:00+00:00,long_dry,final_eval,0.0,0.0,0.0,999,1,3,9,2025-35,2,3,9,3,3,9,4,3,9,7,3,9,-18.59979999999996,-40.034940000000006,-54.924800000000005,-19.223605999999997,18.59979999999996,40.034940000000006,54.924800000000005,19.223605999999997
2025-09-04 02:00:00+00:00,long_dry,final_eval,0.0,0.0,0.0,999,2,3,9,2025-35,3,3,9,4,3,9,5,3,9,8,3,9,-52.901729999999986,-59.26465999999999,-28.896034,-7.173831999999997,52.901729999999986,59.26465999999999,28.896034,7.173831999999997
2025-09-04 03:00:00+00:00,long_dry,final_eval,0.0,0.0,0.0,999,3,3,9,2025-35,4,3,9,5,3,9,6,3,9,9,3,9,-49.92098999999999,-22.69574,-21.137695,41.61859999999999,49.92098999999999,22.69574,21.137695,41.61859999999999
2025-09-04 04:00:00+00:00,long_dry,final_eval,0.0,0.0,0.0,999,4,3,9,2025-35,5,3,9,6,3,9,7,3,9,10,3,9,1.7236329999999995,-5.955475,-15.516502,93.55743000000001,1.7236329999999995,5.955475,15.516502,93.55743000000001
2025-09-04 05:00:00+00:00,long_dry,final_eval,0.0,0.0,0.0,999,5,3,9,2025-35,6,3,9,7,3,9,8,3,9,11,3,9,-6.3129729999999995,-13.858619999999998,2.034843000000002,421.33136,6.3129729999999995,13.858619999999998,2.034843000000002,421.33136
2025-09-04 06:00:00+00:00,long_dry,final_eval,0.0,0.0,0.0,999,6,3,9,2025-35,7,3,9,8,3,9,9,3,9,12,3,9,-14.236122000000002,-7.773319999999998,54.88505000000001,739.9694999999999,14.236122000000002,7.773319999999998,54.88505000000001,739.9694999999999
2025-09-04 07:00:00+00:00,long_dry,final_eval,0.0,0.0,0.0,999,7,3,9,2025-35,8,3,9,9,3,9,10,3,9,13,3,9,-4.105150000000002,65.02327,198.20215000000002,128.38300000000004,4.105150000000002,65.02327,198.20215000000002,128.38300000000004
2025-09-04 08:00:00+00:00,long_dry,final_eval,0.0,0.0,0.0,999,8,3,9,2025-35,9,3,9,10,3,9,11,3,9,14,3,9,43.14689999999999,162.34195,350.87865999999997,-46.061199999999985,43.14689999999999,162.34195,350.87865999999997,46.061199999999985
2025-09-04 09:00:00+00:00,long_dry,final_eval,0.0,0.0,0.0,999,9,3,9,2025-35,10,3,9,11,3,9,12,3,9,15,3,9,2.258850000000052,266.16419999999994,806.3967,-243.5673999999999,2.258850000000052,266.16419999999994,806.3967,243.5673999999999
2025-09-04 10:00:00+00:00,long_dry,final_eval,0.0,0.0,0.0,999,10,3,9,2025-35,11,3,9,12,3,9,13,3,9,16,3,9,262.37210000000005,808.7760000000001,11.770099999999957,-178.0245,262.37210000000005,808.7760000000001,11.770099999999957,178.0245
2025-09-04 11:00:00+00:00,long_dry,final_eval,0.0,0.0,0.0,999,11,3,9,2025-35,12,3,9,13,3,9,14,3,9,17,3,9,793.5038999999999,149.18579999999997,-188.82294000000002,-130.02380000000005,793.5038999999999,149.18579999999997,188.82294000000002,130.02380000000005
2025-09-04 12:00:00+00:00,long_dry,final_eval,0.0,0.0,0.0,999,12,3,9,2025-35,13,3,9,14,3,9,15,3,9,18,3,9,14.606199999999944,-134.7224,-58.04693999999995,-57.690700000000106,14.606199999999944,134.7224,58.04693999999995,57.690700000000106
2025-09-04 13:00:00+00:00,long_dry,final_eval,0.0,0.0,0.0,999,13,3,9,2025-35,14,3,9,15,3,9,16,3,9,19,3,9,-184.53394000000003,-149.42190000000005,-126.57960000000003,-469.6120000000001,184.53394000000003,149.42190000000005,126.57960000000003,469.6120000000001
2025-09-04 14:00:00+00:00,long_dry,final_eval,0.0,0.0,0.0,999,14,3,9,2025-35,15,3,9,16,3,9,17,3,9,20,3,9,-30.31529999999998,25.23630000000003,-152.28600000000006,-284.3484000000001,30.31529999999998,25.23630000000003,152.28600000000006,284.3484000000001
2025-09-04 15:00:00+00:00,long_dry,final_eval,0.0,0.0,0.0,999,15,3,9,2025-35,16,3,9,17,3,9,18,3,9,21,3,9,25.665300000000002,-103.53980000000001,-214.94350000000009,502.45309999999995,25.665300000000002,103.53980000000001,214.94350000000009,502.45309999999995
2025-09-04 16:00:00+00:00,long_dry,final_eval,0.0,0.0,0.0,999,16,3,9,2025-35,17,3,9,18,3,9,19,3,9,22,3,9,-36.356199999999944,-51.00739999999996,-415.58799999999997,209.22669999999994,36.356199999999944,51.00739999999996,415.58799999999997,209.22669999999994
2025-09-04 17:00:00+00:00,long_dry,final_eval,0.0,0.0,0.0,999,17,3,9,2025-35,18,3,9,19,3,9,20,3,9,23,3,9,-108.85719999999992,-545.5884000000001,-163.1497999999999,21.459800000000087,108.85719999999992,545.5884000000001,163.1497999999999,21.459800000000087
2025-09-04 18:00:00+00:00,long_dry,final_eval,0.0,0.0,0.0,999,18,3,9,2025-35,19,3,9,20,3,9,21,3,9,0,4,9,-565.3752,-246.48450000000003,471.4214999999999,-333.4266,565.3752,246.48450000000003,471.4214999999999,333.4266
2025-09-04 19:00:00+00:00,long_dry,final_eval,0.0,0.0,0.0,999,19,3,9,2025-35,20,3,9,21,3,9,22,3,9,1,4,9,254.4208000000001,1022.1112,761.5598,-129.04224,254.4208000000001,1022.1112,761.5598,129.04224
2025-09-04 20:00:00+00:00,long_dry,final_eval,0.0,0.0,0.0,999,20,3,9,2025-35,21,3,9,22,3,9,23,3,9,2,4,9,488.6195,268.27829999999994,-60.49050000000011,44.95416,488.6195,268.27829999999994,60.49050000000011,44.95416
2025-09-04 22:00:00+00:00,recovery,final_eval,0.0,6.7,6.7,1,22,3,9,2025-35,23,3,9,0,4,9,1,4,9,4,4,9,46.47510000000011,-327.5138999999999,-95.50072999999998,11.025620000000004,46.47510000000011,327.5138999999999,95.50072999999998,11.025620000000004
2025-09-04 23:00:00+00:00,recovery,final_eval,0.0,6.7,6.7,2,23,3,9,2025-35,0,4,9,1,4,9,2,4,9,5,4,9,-315.5802000000001,-93.87225000000001,0.7586000000000013,-29.286419999999993,315.5802000000001,93.87225000000001,0.7586000000000013,29.286419999999993
2025-09-05 00:00:00+00:00,recovery,final_eval,0.0,6.7,6.7,3,0,4,9,2025-35,1,4,9,2,4,9,3,4,9,6,4,9,72.50995,147.6793,76.73865,-18.733829999999998,72.50995,147.6793,76.73865,18.733829999999998
2025-09-05 02:00:00+00:00,recovery,final_eval,0.0,7.0,7.0,1,2,4,9,2025-35,3,4,9,4,4,9,5,4,9,8,4,9,-105.47354000000001,7.907759999999996,-5.508579999999995,7.723346999999997,105.47354000000001,7.907759999999996,5.508579999999995,7.723346999999997
2025-09-05 03:00:00+00:00,recovery,final_eval,0.0,7.0,7.0,2,3,4,9,2025-35,4,4,9,5,4,9,6,4,9,9,4,9,16.681150000000002,0.7601549999999975,-20.705280000000002,18.556639999999987,16.681150000000002,0.7601549999999975,20.705280000000002,18.556639999999987
2025-09-05 04:00:00+00:00,recovery,final_eval,0.0,7.0,7.0,3,4,4,9,2025-35,5,4,9,6,4,9,7,4,9,10,4,9,-9.905090000000001,-7.541454000000002,-14.270508,192.37334,9.905090000000001,7.541454000000002,14.270508,192.37334
2025-09-06 23:00:00+00:00,recovery,final_eval,0.0,6.299999999999999,6.299999999999999,1,23,5,9,2025-35,0,6,9,1,6,9,2,6,9,5,6,9,-130.89624000000003,-203.03060000000005,-83.38574000000006,-60.82083,130.89624000000003,203.03060000000005,83.38574000000006,60.82083
2025-09-07 00:00:00+00:00,recovery,final_eval,0.0,6.299999999999999,6.299999999999999,2,0,6,9,2025-36,1,6,9,2,6,9,3,6,9,6,6,9,-104.20043999999996,75.07476999999994,48.556460000000015,12.673169999999999,104.20043999999996,75.07476999999994,48.556460000000015,12.673169999999999
2025-09-07 07:00:00+00:00,recovery,final_eval,0.0,9.7,9.899999999999999,1,7,6,9,2025-36,8,6,9,9,6,9,10,6,9,13,6,9,-11.505215,-19.756029999999996,-38.84360000000001,-420.03880000000004,11.505215,19.756029999999996,38.84360000000001,420.03880000000004
2025-09-07 08:00:00+00:00,recovery,final_eval,0.0,6.5,9.899999999999999,2,8,6,9,2025-36,9,6,9,10,6,9,11,6,9,14,6,9,-34.24552,-56.71494000000001,-258.2369,-95.01459999999997,34.24552,56.71494000000001,258.2369,95.01459999999997
2025-09-07 15:00:00+00:00,recovery,final_eval,0.0,5.3,13.299999999999997,1,15,6,9,2025-36,16,6,9,17,6,9,18,6,9,21,6,9,245.6470999999999,220.9568999999999,133.596,165.2509,245.6470999999999,220.9568999999999,133.596,165.2509
2025-09-08 15:00:00+00:00,long_dry,final_eval,0.0,0.0,0.0,999,15,0,9,2025-36,16,0,9,17,0,9,18,0,9,21,0,9,10.608799999999974,0.7299000000000433,-163.99340000000007,806.5050000000001,10.608799999999974,0.7299000000000433,163.99340000000007,806.5050000000001
2025-09-08 16:00:00+00:00,long_dry,final_eval,0.0,0.0,0.0,999,16,0,9,2025-36,17,0,9,18,0,9,19,0,9,22,0,9,54.65814,-8.115599999999972,153.97990000000004,386.33089999999993,54.65814,8.115599999999972,153.97990000000004,386.33089999999993
2025-09-08 17:00:00+00:00,long_dry,final_eval,0.0,0.0,0.0,999,17,0,9,2025-36,18,0,9,19,0,9,20,0,9,23,0,9,-214.13339999999994,-111.1119000000001,128.23620000000005,266.13840000000005,214.13339999999994,111.1119000000001,128.23620000000005,266.13840000000005
2025-09-08 18:00:00+00:00,long_dry,final_eval,0.0,0.0,0.0,999,18,0,9,2025-36,19,0,9,20,0,9,21,0,9,0,1,9,41.69340000000011,212.73469999999998,922.7798,165.0489,41.69340000000011,212.73469999999998,922.7798,165.0489
2025-09-08 19:00:00+00:00,long_dry,final_eval,0.0,0.0,0.0,999,19,0,9,2025-36,20,0,9,21,0,9,22,0,9,1,1,9,8.431900000000041,693.1393,511.08950000000004,-152.50900000000001,8.431900000000041,693.1393,511.08950000000004,152.50900000000001
2025-09-08 20:00:00+00:00,long_dry,final_eval,0.0,0.0,0.0,999,20,0,9,2025-36,21,0,9,22,0,9,23,0,9,2,1,9,725.78,359.63879999999995,156.1162999999999,-60.68566999999996,725.78,359.63879999999995,156.1162999999999,60.68566999999996
2025-09-08 21:00:00+00:00,long_dry,final_eval,0.0,0.0,0.0,999,21,0,9,2025-36,22,0,9,23,0,9,0,1,9,3,1,9,443.3390999999999,136.64689999999996,-7.7228000000000065,-77.51767000000001,443.3390999999999,136.64689999999996,7.7228000000000065,77.51767000000001
2025-09-08 22:00:00+00:00,long_dry,final_eval,0.0,0.0,0.0,999,22,0,9,2025-36,23,0,9,0,1,9,1,1,9,4,1,9,219.0139999999999,-3.9511999999999716,-182.00279999999998,-73.24635,219.0139999999999,3.9511999999999716,182.00279999999998,73.24635
2025-09-08 23:00:00+00:00,long_dry,final_eval,0.0,0.0,0.0,999,23,0,9,2025-36,0,1,9,1,1,9,2,1,9,5,1,9,-0.3693000000000666,-177.52560000000005,-109.2835,-63.53573,0.3693000000000666,177.52560000000005,109.2835,63.53573
2025-09-09 00:00:00+00:00,long_dry,final_eval,0.0,0.0,0.0,999,0,1,9,2025-36,1,1,9,2,1,9,3,1,9,6,1,9,-160.90160000000003,-62.353200000000015,-33.995900000000006,-23.835895999999998,160.90160000000003,62.353200000000015,33.995900000000006,23.835895999999998
2025-09-09 01:00:00+00:00,long_dry,final_eval,0.0,0.0,0.0,999,1,1,9,2025-36,2,1,9,3,1,9,4,1,9,7,1,9,-22.485839999999996,-24.72521999999998,-48.74373,-9.124210000000001,22.485839999999996,24.72521999999998,48.74373,9.124210000000001
2025-09-09 02:00:00+00:00,long_dry,final_eval,0.0,0.0,0.0,999,2,1,9,2025-36,3,1,9,4,1,9,5,1,9,8,1,9,-43.214170000000024,-52.47991999999999,-43.783553999999995,-3.4675829999999976,43.214170000000024,52.47991999999999,43.783553999999995,3.4675829999999976
2025-09-09 03:00:00+00:00,long_dry,final_eval,0.0,0.0,0.0,999,3,1,9,2025-36,4,1,9,5,1,9,6,1,9,9,1,9,-38.51060000000001,-26.361490000000003,-12.847202000000003,38.25098,38.51060000000001,26.361490000000003,12.847202000000003,38.25098
2025-09-09 04:00:00+00:00,long_dry,final_eval,0.0,0.0,0.0,999,4,1,9,2025-36,5,1,9,6,1,9,7,1,9,10,1,9,-13.492336000000002,-4.675937999999999,-6.267332,103.75887999999998,13.492336000000002,4.675937999999999,6.267332,103.75887999999998
2025-09-09 05:00:00+00:00,long_dry,final_eval,0.0,0.0,0.0,999,5,1,9,2025-36,6,1,9,7,1,9,8,1,9,11,1,9,-5.6722660000000005,-8.189575000000001,1.3258549999999971,449.31476,5.6722660000000005,8.189575000000001,1.3258549999999971,449.31476
2025-09-09 06:00:00+00:00,long_dry,final_eval,0.0,0.0,0.0,999,6,1,9,2025-36,7,1,9,8,1,9,9,1,9,12,1,9,-9.174679000000001,-8.458770000000001,44.4058,804.357,9.174679000000001,8.458770000000001,44.4058,804.357
2025-09-09 07:00:00+00:00,long_dry,final_eval,0.0,0.0,0.0,999,7,1,9,2025-36,8,1,9,9,1,9,10,1,9,13,1,9,-5.708958000000003,52.88575,181.76,111.01790000000005,5.708958000000003,52.88575,181.76,111.01790000000005
2025-09-09 08:00:00+00:00,long_dry,final_eval,0.0,0.0,0.0,999,8,1,9,2025-36,9,1,9,10,1,9,11,1,9,14,1,9,33.81764000000001,148.64188000000001,378.293,-51.05849999999998,33.81764000000001,148.64188000000001,378.293,51.05849999999998
2025-09-09 09:00:00+00:00,long_dry,final_eval,0.0,0.0,0.0,999,9,1,9,2025-36,10,1,9,11,1,9,12,1,9,15,1,9,-10.25824,281.65819999999997,841.5283,-225.77215999999999,10.25824,281.65819999999997,841.5283,225.77215999999999
2025-09-09 10:00:00+00:00,long_dry,final_eval,0.0,0.0,0.0,999,10,1,9,2025-36,11,1,9,12,1,9,13,1,9,16,1,9,275.71295,838.4712,-18.6579999999999,-142.46245999999996,275.71295,838.4712,18.6579999999999,142.46245999999996
2025-09-09 11:00:00+00:00,long_dry,final_eval,0.0,0.0,0.0,999,11,1,9,2025-36,12,1,9,13,1,9,14,1,9,17,1,9,879.373,203.62570000000005,-120.09590000000003,-79.6454,879.373,203.62570000000005,120.09590000000003,79.6454
2025-09-09 12:00:00+00:00,long_dry,final_eval,0.0,0.0,0.0,999,12,1,9,2025-36,13,1,9,14,1,9,15,1,9,18,1,9,13.255599999999959,-120.64549999999997,-32.68744000000004,-82.90923999999995,13.255599999999959,120.64549999999997,32.68744000000004,82.90923999999995
2025-09-09 13:00:00+00:00,long_dry,final_eval,0.0,0.0,0.0,999,13,1,9,2025-36,14,1,9,15,1,9,16,1,9,19,1,9,-187.14984000000004,-135.1304,-81.73789999999997,142.0105000000001,187.14984000000004,135.1304,81.73789999999997,142.0105000000001
2025-09-09 14:00:00+00:00,long_dry,final_eval,0.0,0.0,0.0,999,14,1,9,2025-36,15,1,9,16,1,9,17,1,9,20,1,9,-7.2090500000000475,54.7953,-97.37819999999999,175.42399999999998,7.2090500000000475,54.7953,97.37819999999999,175.42399999999998
2025-09-09 15:00:00+00:00,long_dry,final_eval,0.0,0.0,0.0,999,15,1,9,2025-36,16,1,9,17,1,9,18,1,9,21,1,9,39.95860000000005,-78.2192,-247.5757000000001,932.5043000000001,39.95860000000005,78.2192,247.5757000000001,932.5043000000001
2025-09-09 16:00:00+00:00,long_dry,final_eval,0.0,0.0,0.0,999,16,1,9,2025-36,17,1,9,18,1,9,19,1,9,22,1,9,-28.756099999999947,-103.13800000000003,153.89969999999994,508.47900000000004,28.756099999999947,103.13800000000003,153.89969999999994,508.47900000000004
2025-09-09 17:00:00+00:00,long_dry,final_eval,0.0,0.0,0.0,999,17,1,9,2025-36,18,1,9,19,1,9,20,1,9,23,1,9,-163.75980000000004,21.274400000000014,227.4770000000001,318.3136999999999,163.75980000000004,21.274400000000014,227.4770000000001,318.3136999999999
2025-09-09 18:00:00+00:00,long_dry,final_eval,0.0,0.0,0.0,999,18,1,9,2025-36,19,1,9,20,1,9,21,1,9,0,2,9,94.17399999999998,261.78649999999993,1006.4132999999999,126.58579999999995,94.17399999999998,261.78649999999993,1006.4132999999999,126.58579999999995
2025-09-09 19:00:00+00:00,long_dry,final_eval,0.0,0.0,0.0,999,19,1,9,2025-36,20,1,9,21,1,9,22,1,9,1,2,9,-5.069300000000112,772.5431000000001,624.316,-3.2812000000000126,5.069300000000112,772.5431000000001,624.316,3.2812000000000126
2025-09-09 20:00:00+00:00,long_dry,final_eval,0.0,0.0,0.0,999,20,1,9,2025-36,21,1,9,22,1,9,23,1,9,2,2,9,760.8058000000001,455.66380000000004,165.5118,-14.870670000000018,760.8058000000001,455.66380000000004,165.5118,14.870670000000018
2025-09-09 21:00:00+00:00,long_dry,final_eval,0.0,0.0,0.0,999,21,1,9,2025-36,22,1,9,23,1,9,0,2,9,3,2,9,431.0420999999999,36.51099999999997,-68.45319999999992,-163.02120000000002,431.0420999999999,36.51099999999997,68.45319999999992,163.02120000000002
2025-09-09 22:00:00+00:00,long_dry,final_eval,0.0,0.0,0.0,999,22,1,9,2025-36,23,1,9,0,2,9,1,2,9,4,2,9,245.7394999999999,16.07030000000009,-8.736899999999991,-56.380480000000006,245.7394999999999,16.07030000000009,8.736899999999991,56.380480000000006
2025-09-09 23:00:00+00:00,long_dry,final_eval,0.0,0.0,0.0,999,23,1,9,2025-36,0,2,9,1,2,9,2,2,9,5,2,9,27.220100000000002,-4.61284999999998,-38.29625999999996,-53.02942,27.220100000000002,4.61284999999998,38.29625999999996,53.02942
2025-09-10 00:00:00+00:00,long_dry,final_eval,0.0,0.0,0.0,999,0,2,9,2025-36,1,2,9,2,2,9,3,2,9,6,2,9,9.630499999999984,0.7339500000000498,-88.5806,-21.30196,9.630499999999984,0.7339500000000498,88.5806,21.30196
2025-09-10 01:00:00+00:00,long_dry,final_eval,0.0,0.0,0.0,999,1,2,9,2025-36,2,2,9,3,2,9,4,2,9,7,2,9,-32.16039999999998,-113.33136000000002,-41.22438,-19.609428,32.16039999999998,113.33136000000002,41.22438,19.609428
2025-09-10 02:00:00+00:00,long_dry,final_eval,0.0,0.0,0.0,999,2,2,9,2025-36,3,2,9,4,2,9,5,2,9,8,2,9,-101.65026999999998,-37.363249999999994,-23.660880000000006,0.9834249999999969,101.65026999999998,37.363249999999994,23.660880000000006,0.9834249999999969
2025-09-10 03:00:00+00:00,long_dry,final_eval,0.0,0.0,0.0,999,3,2,9,2025-36,4,2,9,5,2,9,6,2,9,9,2,9,5.0168000000000035,4.060046999999997,-4.2542899999999975,16.992739999999998,5.0168000000000035,4.060046999999997,4.2542899999999975,16.992739999999998
2025-09-10 04:00:00+00:00,long_dry,final_eval,0.0,0.0,0.0,999,4,2,9,2025-36,5,2,9,6,2,9,7,2,9,10,2,9,-0.1144869999999969,-6.000970000000002,-20.599308,99.2414,0.1144869999999969,6.000970000000002,20.599308,99.2414
2025-09-10 05:00:00+00:00,long_dry,final_eval,0.0,0.0,0.0,999,5,2,9,2025-36,6,2,9,7,2,9,8,2,9,11,2,9,-4.7586999999999975,-18.68677,4.314279999999997,313.67816000000005,4.7586999999999975,18.68677,4.314279999999997,313.67816000000005
2025-09-10 06:00:00+00:00,long_dry,final_eval,0.0,0.0,0.0,999,6,2,9,2025-36,7,2,9,8,2,9,9,2,9,12,2,9,-19.1399,-5.315429999999999,34.727630000000005,102.32850000000008,19.1399,5.315429999999999,34.727630000000005,102.32850000000008
2025-09-10 07:00:00+00:00,long_dry,final_eval,0.0,0.0,0.0,999,7,2,9,2025-36,8,2,9,9,2,9,10,2,9,13,2,9,-0.7575900000000004,42.965630000000004,182.53415,-567.8531,0.7575900000000004,42.965630000000004,182.53415,567.8531
2025-09-10 08:00:00+00:00,long_dry,final_eval,0.0,0.0,0.0,999,8,2,9,2025-36,9,2,9,10,2,9,11,2,9,14,2,9,20.918380000000013,147.5503,240.4683,-444.37145999999996,20.918380000000013,147.5503,240.4683,444.37145999999996
2025-09-10 20:00:00+00:00,recent_rain,final_eval,0.0,1.8,1.8,3,20,2,9,2025-36,21,2,9,22,2,9,23,2,9,2,3,9,491.58979999999997,84.61930000000007,74.54160000000002,-67.47906,491.58979999999997,84.61930000000007,74.54160000000002,67.47906
2025-09-10 21:00:00+00:00,recent_rain,final_eval,0.0,1.8,1.8,4,21,2,9,2025-36,22,2,9,23,2,9,0,3,9,3,3,9,154.6956,45.46730000000002,-166.33120000000008,-128.78958,154.6956,45.46730000000002,166.33120000000008,128.78958
2025-09-10 22:00:00+00:00,recent_rain,final_eval,0.0,1.7,1.8,5,22,2,9,2025-36,23,2,9,0,3,9,1,3,9,4,3,9,249.69000000000005,-54.37256000000002,-50.60850000000005,-85.56555,249.69000000000005,54.37256000000002,50.60850000000005,85.56555
2025-09-10 23:00:00+00:00,recent_rain,final_eval,0.0,1.7,1.8,6,23,2,9,2025-36,0,3,9,1,3,9,2,3,9,5,3,9,-64.93000000000006,-52.82820000000004,-60.53705000000002,-58.298649999999995,64.93000000000006,52.82820000000004,60.53705000000002,58.298649999999995
2025-09-11 00:00:00+00:00,recent_rain,final_eval,0.0,1.7,1.8,7,0,3,9,2025-36,1,3,9,2,3,9,3,3,9,6,3,9,-14.873100000000022,4.868839999999977,-17.008879999999976,-30.85873,14.873100000000022,4.868839999999977,17.008879999999976,30.85873
2025-09-11 01:00:00+00:00,recent_rain,final_eval,0.0,1.7,1.8,8,1,3,9,2025-36,2,3,9,3,3,9,4,3,9,7,3,9,-54.13440000000003,-49.71762000000001,-50.89278999999999,-23.295302999999997,54.13440000000003,49.71762000000001,50.89278999999999,23.295302999999997
2025-09-11 08:00:00+00:00,recovery,final_eval,0.0,5.3,7.1,1,8,3,9,2025-36,9,3,9,10,3,9,11,3,9,14,3,9,26.101,184.77715999999998,388.15049999999997,-6.414369999999963,26.101,184.77715999999998,388.15049999999997,6.414369999999963
2025-09-11 09:00:00+00:00,recovery,final_eval,0.0,5.3,7.1,2,9,3,9,2025-36,10,3,9,11,3,9,12,3,9,15,3,9,29.003780000000006,265.50145999999995,789.8812,-182.2228,29.003780000000006,265.50145999999995,789.8812,182.2228
2025-09-11 10:00:00+00:00,recovery,final_eval,0.0,5.3,7.0,3,10,3,9,2025-36,11,3,9,12,3,9,13,3,9,16,3,9,201.1427000000001,759.8235,-37.57680000000005,-72.08294999999998,201.1427000000001,759.8235,37.57680000000005,72.08294999999998
2025-09-11 12:00:00+00:00,recovery,final_eval,0.0,5.3999999999999995,7.1,1,12,3,9,2025-36,13,3,9,14,3,9,15,3,9,18,3,9,-34.35570000000007,-146.55370000000005,-92.25220000000002,-44.560100000000034,34.35570000000007,146.55370000000005,92.25220000000002,44.560100000000034
2025-09-11 13:00:00+00:00,recovery,final_eval,0.0,5.3999999999999995,7.1,2,13,3,9,2025-36,14,3,9,15,3,9,16,3,9,19,3,9,-95.01056000000005,-91.65449999999998,-11.033500000000004,210.65300000000002,95.01056000000005,91.65449999999998,11.033500000000004,210.65300000000002
2025-09-11 14:00:00+00:00,recovery,final_eval,0.0,5.3999999999999995,6.3999999999999995,3,14,3,9,2025-36,15,3,9,16,3,9,17,3,9,20,3,9,-48.221000000000004,69.66974000000005,1.1935399999999845,272.76430000000005,48.221000000000004,69.66974000000005,1.1935399999999845,272.76430000000005
2025-09-12 20:00:00+00:00,long_dry,final_eval,0.0,0.0,0.0,999,20,4,9,2025-36,21,4,9,22,4,9,23,4,9,2,5,9,522.8768,382.6567,116.76749999999993,143.15229999999997,522.8768,382.6567,116.76749999999993,143.15229999999997
2025-09-12 21:00:00+00:00,long_dry,final_eval,0.0,0.0,0.0,999,21,4,9,2025-36,22,4,9,23,4,9,0,5,9,3,5,9,390.1648,29.288299999999936,-116.10500000000002,243.72289999999998,390.1648,29.288299999999936,116.10500000000002,243.72289999999998
2025-09-12 22:00:00+00:00,long_dry,final_eval,0.0,0.0,0.0,999,22,4,9,2025-36,23,4,9,0,5,9,1,5,9,4,5,9,204.5073,-18.9991,-35.23375999999996,210.19216999999998,204.5073,18.9991,35.23375999999996,210.19216999999998
2025-09-12 23:00:00+00:00,long_dry,final_eval,0.0,0.0,0.0,999,23,4,9,2025-36,0,5,9,1,5,9,2,5,9,5,5,9,-19.100200000000086,-1.9378000000000384,42.84739999999999,195.29242,19.100200000000086,1.9378000000000384,42.84739999999999,195.29242
2025-09-13 00:00:00+00:00,long_dry,final_eval,0.0,0.0,0.0,999,0,5,9,2025-36,1,5,9,2,5,9,3,5,9,6,5,9,19.93640000000005,109.07763999999997,166.76059999999995,109.45589000000001,19.93640000000005,109.07763999999997,166.76059999999995,109.45589000000001
2025-09-13 01:00:00+00:00,long_dry,final_eval,0.0,0.0,0.0,999,1,5,9,2025-36,2,5,9,3,5,9,4,5,9,7,5,9,106.33214999999996,148.90639999999996,107.2937,18.326009999999997,106.33214999999996,148.90639999999996,107.2937,18.326009999999997
2025-09-13 02:00:00+00:00,long_dry,final_eval,0.0,0.0,0.0,999,2,5,9,2025-36,3,5,9,4,5,9,5,5,9,8,5,9,45.08092999999997,39.42682000000002,117.93655000000001,-8.207274999999996,45.08092999999997,39.42682000000002,117.93655000000001,8.207274999999996
2025-09-13 03:00:00+00:00,long_dry,final_eval,0.0,0.0,0.0,999,3,5,9,2025-36,4,5,9,5,5,9,6,5,9,9,5,9,-60.47500000000002,82.16232000000002,96.22089,-29.21821,60.47500000000002,82.16232000000002,96.22089,29.21821
2025-09-13 04:00:00+00:00,long_dry,final_eval,0.0,0.0,0.0,999,4,5,9,2025-36,5,5,9,6,5,9,7,5,9,10,5,9,108.85638,54.049589999999995,-3.5695599999999956,-53.14026999999999,108.85638,54.049589999999995,3.5695599999999956,53.14026999999999
2025-09-13 05:00:00+00:00,long_dry,final_eval,0.0,0.0,0.0,999,5,5,9,2025-36,6,5,9,7,5,9,8,5,9,11,5,9,21.746340000000004,-27.41561999999999,-50.09619000000001,-6.1938200000000165,21.746340000000004,27.41561999999999,50.09619000000001,6.1938200000000165
2025-09-13 06:00:00+00:00,long_dry,final_eval,0.0,0.0,0.0,999,6,5,9,2025-36,7,5,9,8,5,9,9,5,9,12,5,9,1.2678499999999957,-25.346435999999997,-1.3341300000000018,164.52139999999997,1.2678499999999957,25.346435999999997,1.3341300000000018,164.52139999999997
2025-09-13 07:00:00+00:00,long_dry,final_eval,0.0,0.0,0.0,999,7,5,9,2025-36,8,5,9,9,5,9,10,5,9,13,5,9,-6.887233999999999,1.0613560000000035,-36.715329999999994,-75.99839999999995,6.887233999999999,1.0613560000000035,36.715329999999994,75.99839999999995
2025-09-13 08:00:00+00:00,long_dry,final_eval,0.0,0.0,0.0,999,8,5,9,2025-36,9,5,9,10,5,9,11,5,9,14,5,9,-1.0845000000000056,-29.039569999999998,-54.88990000000001,172.587,1.0845000000000056,29.039569999999998,54.88990000000001,172.587
2025-09-13 09:00:00+00:00,long_dry,final_eval,0.0,0.0,0.0,999,9,5,9,2025-36,10,5,9,11,5,9,12,5,9,15,5,9,-58.701130000000006,-94.99691999999999,-109.31304999999998,271.9151999999999,58.701130000000006,94.99691999999999,109.31304999999998,271.9151999999999
2025-09-13 10:00:00+00:00,long_dry,final_eval,0.0,0.0,0.0,999,10,5,9,2025-36,11,5,9,12,5,9,13,5,9,16,5,9,-48.078160000000025,6.707599999999957,137.0838,403.2433000000001,48.078160000000025,6.707599999999957,137.0838,403.2433000000001
2025-09-13 11:00:00+00:00,long_dry,final_eval,0.0,0.0,0.0,999,11,5,9,2025-36,12,5,9,13,5,9,14,5,9,17,5,9,-143.38336000000004,28.789600000000064,261.27189999999996,373.20180000000005,143.38336000000004,28.789600000000064,261.27189999999996,373.20180000000005
2025-09-13 12:00:00+00:00,long_dry,final_eval,0.0,0.0,0.0,999,12,5,9,2025-36,13,5,9,14,5,9,15,5,9,18,5,9,-6.0651000000000295,192.39640000000009,373.0311999999999,384.90380000000005,6.0651000000000295,192.39640000000009,373.0311999999999,384.90380000000005
2025-09-13 13:00:00+00:00,long_dry,final_eval,0.0,0.0,0.0,999,13,5,9,2025-36,14,5,9,15,5,9,16,5,9,19,5,9,130.0757000000001,241.26459999999997,346.0160000000001,318.3864000000001,130.0757000000001,241.26459999999997,346.0160000000001,318.3864000000001
2025-09-13 14:00:00+00:00,long_dry,final_eval,0.0,0.0,0.0,999,14,5,9,2025-36,15,5,9,16,5,9,17,5,9,20,5,9,121.5942,206.5543,187.98029999999994,161.17039999999997,121.5942,206.5543,187.98029999999994,161.17039999999997
2025-09-13 15:00:00+00:00,long_dry,final_eval,0.0,0.0,0.0,999,15,5,9,2025-36,16,5,9,17,5,9,18,5,9,21,5,9,218.9574,166.97350000000006,283.04269999999997,212.5510999999999,218.9574,166.97350000000006,283.04269999999997,212.5510999999999
2025-09-13 16:00:00+00:00,long_dry,final_eval,0.0,0.0,0.0,999,16,5,9,2025-36,17,5,9,18,5,9,19,5,9,22,5,9,223.15859999999998,284.95129999999995,241.02060000000006,280.8148000000001,223.15859999999998,284.95129999999995,241.02060000000006,280.8148000000001
2025-09-13 17:00:00+00:00,long_dry,final_eval,0.0,0.0,0.0,999,17,5,9,2025-36,18,5,9,19,5,9,20,5,9,23,5,9,368.54320000000007,270.8924999999999,113.20299999999997,222.5114000000001,368.54320000000007,270.8924999999999,113.20299999999997,222.5114000000001
2025-09-13 18:00:00+00:00,long_dry,final_eval,0.0,0.0,0.0,999,18,5,9,2025-36,19,5,9,20,5,9,21,5,9,0,6,9,103.95399999999995,-147.94910000000004,-76.35940000000005,6.0945999999999,103.95399999999995,147.94910000000004,76.35940000000005,6.0945999999999
2025-09-13 19:00:00+00:00,long_dry,final_eval,0.0,0.0,0.0,999,19,5,9,2025-36,20,5,9,21,5,9,22,5,9,1,6,9,108.74540000000002,163.65390000000002,302.04999999999995,-26.28150000000005,108.74540000000002,163.65390000000002,302.04999999999995,26.28150000000005
2025-09-13 20:00:00+00:00,long_dry,final_eval,0.0,0.0,0.0,999,20,5,9,2025-36,21,5,9,22,5,9,23,5,9,2,6,9,266.2765999999999,388.16409999999996,254.4281000000001,104.48626999999999,266.2765999999999,388.16409999999996,254.4281000000001,104.48626999999999
2025-09-13 21:00:00+00:00,long_dry,final_eval,0.0,0.0,0.0,999,21,5,9,2025-36,22,5,9,23,5,9,0,6,9,3,6,9,360.2736,244.9260999999999,-85.87169999999992,123.08905000000004,360.2736,244.9260999999999,85.87169999999992,123.08905000000004
2025-09-13 22:00:00+00:00,long_dry,final_eval,0.0,0.0,0.0,999,22,5,9,2025-36,23,5,9,0,6,9,1,6,9,4,6,9,181.2188000000001,-79.25600000000009,-77.52119999999991,236.31372,181.2188000000001,79.25600000000009,77.52119999999991,236.31372
2025-09-13 23:00:00+00:00,long_dry,final_eval,0.0,0.0,0.0,999,23,5,9,2025-36,0,6,9,1,6,9,2,6,9,5,6,9,-40.56230000000005,12.712769999999978,77.76430000000005,208.19461,40.56230000000005,12.712769999999978,77.76430000000005,208.19461
2025-09-14 00:00:00+00:00,long_dry,final_eval,0.0,0.0,0.0,999,0,6,9,2025-37,1,6,9,2,6,9,3,6,9,6,6,9,51.49614999999994,160.86239999999998,151.44209999999998,136.97813,51.49614999999994,160.86239999999998,151.44209999999998,136.97813
2025-09-14 01:00:00+00:00,long_dry,final_eval,0.0,0.0,0.0,999,1,6,9,2025-37,2,6,9,3,6,9,4,6,9,7,6,9,166.06259999999997,155.05695000000003,186.89594,49.61109999999999,166.06259999999997,155.05695000000003,186.89594,49.61109999999999
2025-09-14 02:00:00+00:00,long_dry,final_eval,0.0,0.0,0.0,999,2,6,9,2025-37,3,6,9,4,6,9,5,6,9,8,6,9,37.18353000000002,111.8467,143.3139,3.680400000000006,37.18353000000002,111.8467,143.3139,3.680400000000006
2025-09-14 03:00:00+00:00,long_dry,final_eval,0.0,0.0,0.0,999,3,6,9,2025-37,4,6,9,5,6,9,6,6,9,9,6,9,20.725099999999998,111.35270000000003,139.02914,106.65598,20.725099999999998,111.35270000000003,139.02914,106.65598
2025-09-14 04:00:00+00:00,long_dry,final_eval,0.0,0.0,0.0,999,4,6,9,2025-37,5,6,9,6,6,9,7,6,9,10,6,9,114.57144,83.91399000000001,29.401899999999998,395.48695,114.57144,83.91399000000001,29.401899999999998,395.48695
2025-09-14 05:00:00+00:00,long_dry,final_eval,0.0,0.0,0.0,999,5,6,9,2025-37,6,6,9,7,6,9,8,6,9,11,6,9,67.42155,6.200490000000002,-38.90066,98.2656,67.42155,6.200490000000002,38.90066,98.2656
2025-09-14 06:00:00+00:00,long_dry,final_eval,0.0,0.0,0.0,999,6,6,9,2025-37,7,6,9,8,6,9,9,6,9,12,6,9,17.05623,-30.267269999999996,118.25528,310.5882,17.05623,30.267269999999996,118.25528,310.5882
2025-09-14 07:00:00+00:00,long_dry,final_eval,0.0,0.0,0.0,999,7,6,9,2025-37,8,6,9,9,6,9,10,6,9,13,6,9,-0.5790559999999942,125.002266,393.98189,194.98630000000003,0.5790559999999942,125.002266,393.98189,194.98630000000003
2025-09-14 08:00:00+00:00,long_dry,final_eval,0.0,0.0,0.0,999,8,6,9,2025-37,9,6,9,10,6,9,11,6,9,14,6,9,127.97525,409.56845,40.90636999999998,495.5942,127.97525,409.56845,40.90636999999998,495.5942
2025-09-14 09:00:00+00:00,long_dry,final_eval,0.0,0.0,0.0,999,9,6,9,2025-37,10,6,9,11,6,9,12,6,9,15,6,9,140.37195000000003,-325.69854999999995,-282.9512,256.5154,140.37195000000003,325.69854999999995,282.9512,256.5154
2025-09-14 10:00:00+00:00,long_dry,final_eval,0.0,0.0,0.0,999,10,6,9,2025-37,11,6,9,12,6,9,13,6,9,16,6,9,-578.9447,-458.7611999999999,7.756800000000112,301.42049999999995,578.9447,458.7611999999999,7.756800000000112,301.42049999999995
2025-09-14 11:00:00+00:00,long_dry,final_eval,0.0,0.0,0.0,999,11,6,9,2025-37,12,6,9,13,6,9,14,6,9,17,6,9,-51.7346,283.30219999999997,624.261,368.3868,51.7346,283.30219999999997,624.261,368.3868
2025-09-14 12:00:00+00:00,long_dry,final_eval,0.0,0.0,0.0,999,12,6,9,2025-37,13,6,9,14,6,9,15,6,9,18,6,9,32.2811999999999,378.60339999999997,276.8972000000001,162.2645,32.2811999999999,378.60339999999997,276.8972000000001,162.2645
2025-09-14 13:00:00+00:00,long_dry,final_eval,0.0,0.0,0.0,999,13,6,9,2025-37,14,6,9,15,6,9,16,6,9,19,6,9,280.9722999999999,178.52060000000006,242.34609999999998,96.84999999999991,280.9722999999999,178.52060000000006,242.34609999999998,96.84999999999991
2025-09-14 14:00:00+00:00,long_dry,final_eval,0.0,0.0,0.0,999,14,6,9,2025-37,15,6,9,16,6,9,17,6,9,20,6,9,17.249399999999923,56.97790000000009,98.93309999999997,262.6243999999999,17.249399999999923,56.97790000000009,98.93309999999997,262.6243999999999
2025-09-14 15:00:00+00:00,long_dry,final_eval,0.0,0.0,0.0,999,15,6,9,2025-37,16,6,9,17,6,9,18,6,9,21,6,9,367.5954999999999,386.2699,288.27610000000004,261.42769999999996,367.5954999999999,386.2699,288.27610000000004,261.42769999999996
2025-09-14 16:00:00+00:00,long_dry,final_eval,0.0,0.0,0.0,999,16,6,9,2025-37,17,6,9,18,6,9,19,6,9,22,6,9,235.34159999999997,185.0121999999999,111.21309999999994,11.820600000000013,235.34159999999997,185.0121999999999,111.21309999999994,11.820600000000013
2025-09-14 17:00:00+00:00,long_dry,final_eval,0.0,0.0,0.0,999,17,6,9,2025-37,18,6,9,19,6,9,20,6,9,23,6,9,242.01999999999998,122.91329999999994,241.0130999999999,-74.1255000000001,242.01999999999998,122.91329999999994,241.0130999999999,74.1255000000001
2025-09-15 19:00:00+00:00,long_dry,final_eval,0.0,0.0,0.0,999,19,0,9,2025-37,20,0,9,21,0,9,22,0,9,1,1,9,-23.408699999999953,751.502,519.8077000000001,-0.4981000000000222,23.408699999999953,751.502,519.8077000000001,0.4981000000000222
2025-09-15 20:00:00+00:00,long_dry,final_eval,0.0,0.0,0.0,999,20,0,9,2025-37,21,0,9,22,0,9,23,0,9,2,1,9,827.5836999999999,380.0404000000001,118.72600000000011,-57.04407000000003,827.5836999999999,380.0404000000001,118.72600000000011,57.04407000000003
2025-09-15 21:00:00+00:00,long_dry,final_eval,0.0,0.0,0.0,999,21,0,9,2025-37,22,0,9,23,0,9,0,1,9,3,1,9,376.0927999999999,50.83510000000001,-174.99109999999996,-119.63348000000002,376.0927999999999,50.83510000000001,174.99109999999996,119.63348000000002
2025-09-15 22:00:00+00:00,long_dry,final_eval,0.0,0.0,0.0,999,22,0,9,2025-37,23,0,9,0,1,9,1,1,9,4,1,9,213.0139999999999,-105.95119999999997,-29.00279999999998,-25.246350000000007,213.0139999999999,105.95119999999997,29.00279999999998,25.246350000000007
2025-09-15 23:00:00+00:00,long_dry,final_eval,0.0,0.0,0.0,999,23,0,9,2025-37,0,1,9,1,1,9,2,1,9,5,1,9,-123.10030000000006,-47.32854999999995,-99.58050000000003,-48.957245,123.10030000000006,47.32854999999995,99.58050000000003,48.957245
2025-09-16 00:00:00+00:00,long_dry,final_eval,0.0,0.0,0.0,999,0,1,9,2025-37,1,1,9,2,1,9,3,1,9,6,1,9,25.543800000000033,-17.380739999999946,-30.414800000000014,-22.119625,25.543800000000033,17.380739999999946,30.414800000000014,22.119625
2025-09-16 01:00:00+00:00,long_dry,final_eval,0.0,0.0,0.0,999,1,1,9,2025-37,2,1,9,3,1,9,4,1,9,7,1,9,-98.37009999999998,-83.695,-18.732380000000006,-17.094679999999997,98.37009999999998,83.695,18.732380000000006,17.094679999999997
2025-09-16 02:00:00+00:00,long_dry,final_eval,0.0,0.0,0.0,999,2,1,9,2025-37,3,1,9,4,1,9,5,1,9,8,1,9,-49.81774999999999,-4.917280000000005,-25.120689999999996,5.1051,49.81774999999999,4.917280000000005,25.120689999999996,5.1051
2025-09-16 03:00:00+00:00,long_dry,final_eval,0.0,0.0,0.0,999,3,1,9,2025-37,4,1,9,5,1,9,6,1,9,9,1,9,17.018919999999994,-3.9584199999999967,-8.975610000000003,42.62968000000001,17.018919999999994,3.9584199999999967,8.975610000000003,42.62968000000001
2025-09-16 04:00:00+00:00,long_dry,final_eval,0.0,0.0,0.0,999,4,1,9,2025-37,5,1,9,6,1,9,7,1,9,10,1,9,-6.447116999999999,-9.280697000000004,-14.270336,145.15890000000002,6.447116999999999,9.280697000000004,14.270336,145.15890000000002
2025-09-16 05:00:00+00:00,long_dry,final_eval,0.0,0.0,0.0,999,5,1,9,2025-37,6,1,9,7,1,9,8,1,9,11,1,9,-7.591785000000002,-12.241783000000002,12.150646000000002,473.4443,7.591785000000002,12.241783000000002,12.150646000000002,473.4443
2025-09-16 06:00:00+00:00,long_dry,final_eval,0.0,0.0,0.0,999,6,1,9,2025-37,7,1,9,8,1,9,9,1,9,12,1,9,-13.23585,1.1060500000000033,53.026830000000004,822.4929999999999,13.23585,1.1060500000000033,53.026830000000004,822.4929999999999
2025-09-16 07:00:00+00:00,long_dry,final_eval,0.0,0.0,0.0,999,7,1,9,2025-37,8,1,9,9,1,9,10,1,9,13,1,9,5.700580000000002,64.819954,228.09152,82.54029999999989,5.700580000000002,64.819954,228.09152,82.54029999999989
2025-09-16 08:00:00+00:00,long_dry,final_eval,0.0,0.0,0.0,999,8,1,9,2025-37,9,1,9,10,1,9,11,1,9,14,1,9,40.44308000000001,186.23987,378.9483,-101.09969999999998,40.44308000000001,186.23987,378.9483,101.09969999999998
2025-09-16 09:00:00+00:00,long_dry,final_eval,0.0,0.0,0.0,999,9,1,9,2025-37,10,1,9,11,1,9,12,1,9,15,1,9,25.270449999999983,286.33810000000005,855.3315,-319.83230000000003,25.270449999999983,286.33810000000005,855.3315,319.83230000000003
2025-09-16 10:00:00+00:00,long_dry,final_eval,0.0,0.0,0.0,999,10,1,9,2025-37,11,1,9,12,1,9,13,1,9,16,1,9,263.7844,850.749,-25.061500000000024,-227.7431999999999,263.7844,850.749,25.061500000000024,227.7431999999999
2025-09-16 11:00:00+00:00,long_dry,final_eval,0.0,0.0,0.0,999,11,1,9,2025-37,12,1,9,13,1,9,14,1,9,17,1,9,828.5426,95.92759999999998,-242.82776,-243.05899999999997,828.5426,95.92759999999998,242.82776,243.05899999999997
2025-09-16 12:00:00+00:00,long_dry,final_eval,0.0,0.0,0.0,999,12,1,9,2025-37,13,1,9,14,1,9,15,1,9,18,1,9,-28.648300000000063,-205.19050000000004,-146.0376,-327.12714000000005,28.648300000000063,205.19050000000004,146.0376,327.12714000000005
2025-09-16 13:00:00+00:00,long_dry,final_eval,0.0,0.0,0.0,999,13,1,9,2025-37,14,1,9,15,1,9,16,1,9,19,1,9,-215.33429999999998,-206.45820000000003,-153.81780000000003,-473.2137,215.33429999999998,206.45820000000003,153.81780000000003,473.2137
2025-09-16 14:00:00+00:00,long_dry,final_eval,0.0,0.0,0.0,999,14,1,9,2025-37,15,1,9,16,1,9,17,1,9,20,1,9,-49.81115999999997,8.973629999999957,-221.81769999999995,-1022.1597999999999,49.81115999999997,8.973629999999957,221.81769999999995,1022.1597999999999
2025-09-16 15:00:00+00:00,long_dry,final_eval,0.0,0.0,0.0,999,15,1,9,2025-37,16,1,9,17,1,9,18,1,9,21,1,9,64.77044999999998,-151.53859999999997,-397.9685999999999,-850.903,64.77044999999998,151.53859999999997,397.9685999999999,850.903
2025-09-16 16:00:00+00:00,long_dry,final_eval,0.0,0.0,0.0,999,16,1,9,2025-37,17,1,9,18,1,9,19,1,9,22,1,9,-148.57153000000005,-295.0122,-421.3610000000001,-691.6437000000001,148.57153000000005,295.0122,421.3610000000001,691.6437000000001
2025-09-16 17:00:00+00:00,long_dry,final_eval,0.0,0.0,0.0,999,17,1,9,2025-37,18,1,9,19,1,9,20,1,9,23,1,9,-259.73979999999995,-402.7134000000001,-751.9878000000001,-722.1300000000001,259.73979999999995,402.7134000000001,751.9878000000001,722.1300000000001
2025-09-16 18:00:00+00:00,long_dry,final_eval,0.0,0.0,0.0,999,18,1,9,2025-37,19,1,9,20,1,9,21,1,9,0,2,9,-240.57117000000005,-591.8049000000001,-486.5718999999999,-503.58770000000004,240.57117000000005,591.8049000000001,486.5718999999999,503.58770000000004
2025-09-17 04:00:00+00:00,recovery,final_eval,0.0,11.999999999999998,11.999999999999998,1,4,2,9,2025-37,5,2,9,6,2,9,7,2,9,10,2,9,0.6438300000000012,-0.7421909999999983,-8.056358,79.03735,0.6438300000000012,0.7421909999999983,8.056358,79.03735
2025-09-17 05:00:00+00:00,recovery,final_eval,0.0,11.999999999999998,11.999999999999998,2,5,2,9,2025-37,6,2,9,7,2,9,8,2,9,11,2,9,-0.6465759999999996,-7.673735000000001,8.761177,366.91729999999995,0.6465759999999996,7.673735000000001,8.761177,366.91729999999995
2025-09-17 09:00:00+00:00,recovery,final_eval,0.0,15.100000000000001,15.4,1,9,2,9,2025-37,10,2,9,11,2,9,12,2,9,15,2,9,-95.35284000000001,126.73030000000006,644.6155000000001,-279.76649999999995,95.35284000000001,126.73030000000006,644.6155000000001,279.76649999999995
2025-09-17 10:00:00+00:00,recovery,final_eval,0.0,15.100000000000001,15.4,2,10,2,9,2025-37,11,2,9,12,2,9,13,2,9,16,2,9,138.96939999999995,628.6305,-122.7491,-227.22955000000002,138.96939999999995,628.6305,122.7491,227.22955000000002
2025-09-19 16:00:00+00:00,long_dry,final_eval,0.0,0.0,0.0,999,16,4,9,2025-37,17,4,9,18,4,9,19,4,9,22,4,9,29.934999999999945,-44.037199999999984,308.30420000000004,427.27649999999994,29.934999999999945,44.037199999999984,308.30420000000004,427.27649999999994
2025-09-19 17:00:00+00:00,long_dry,final_eval,0.0,0.0,0.0,999,17,4,9,2025-37,18,4,9,19,4,9,20,4,9,23,4,9,-114.66409999999996,184.4054000000001,311.3242,357.0609999999999,114.66409999999996,184.4054000000001,311.3242,357.0609999999999
2025-09-19 18:00:00+00:00,long_dry,final_eval,0.0,0.0,0.0,999,18,4,9,2025-37,19,4,9,20,4,9,21,4,9,0,5,9,133.70479999999998,230.32420000000002,578.6123,76.64450000000011,133.70479999999998,230.32420000000002,578.6123,76.64450000000011
2025-09-19 19:00:00+00:00,long_dry,final_eval,0.0,0.0,0.0,999,19,4,9,2025-37,20,4,9,21,4,9,22,4,9,1,5,9,91.51099999999997,426.47569999999996,431.01800000000003,-22.671699999999987,91.51099999999997,426.47569999999996,431.01800000000003,22.671699999999987
2025-09-19 20:00:00+00:00,long_dry,final_eval,0.0,0.0,0.0,999,20,4,9,2025-37,21,4,9,22,4,9,23,4,9,2,5,9,457.20399999999995,291.6029000000001,197.70679999999993,173.8139,457.20399999999995,291.6029000000001,197.70679999999993,173.8139
2025-09-19 21:00:00+00:00,long_dry,final_eval,0.0,0.0,0.0,999,21,4,9,2025-37,22,4,9,23,4,9,0,5,9,3,5,9,292.7014999999999,105.2672,-131.8198,279.91265999999996,292.7014999999999,105.2672,131.8198,279.91265999999996
2025-09-19 22:00:00+00:00,long_dry,final_eval,0.0,0.0,0.0,999,22,4,9,2025-37,23,4,9,0,5,9,1,5,9,4,5,9,313.2801999999999,-15.569500000000062,-66.16980000000001,241.22833000000003,313.2801999999999,15.569500000000062,66.16980000000001,241.22833000000003
2025-09-19 23:00:00+00:00,long_dry,final_eval,0.0,0.0,0.0,999,23,4,9,2025-37,0,5,9,1,5,9,2,5,9,5,5,9,-8.006599999999935,-25.584960000000024,80.06537000000003,115.05788999999999,8.006599999999935,25.584960000000024,80.06537000000003,115.05788999999999
2025-09-20 00:00:00+00:00,long_dry,final_eval,0.0,0.0,0.0,999,0,5,9,2025-37,1,5,9,2,5,9,3,5,9,6,5,9,-11.41143999999997,144.4991,204.71370000000002,154.13402,11.41143999999997,144.4991,204.71370000000002,154.13402
2025-09-20 01:00:00+00:00,long_dry,final_eval,0.0,0.0,0.0,999,1,5,9,2025-37,2,5,9,3,5,9,4,5,9,7,5,9,168.04949999999997,210.15210000000002,160.28512999999998,-7.385819999999995,168.04949999999997,210.15210000000002,160.28512999999998,7.385819999999995
2025-09-20 02:00:00+00:00,long_dry,final_eval,0.0,0.0,0.0,999,2,5,9,2025-37,3,5,9,4,5,9,5,5,9,8,5,9,97.94866999999999,60.81157999999999,24.293330000000026,-23.006119999999996,97.94866999999999,60.81157999999999,24.293330000000026,23.006119999999996
2025-09-20 03:00:00+00:00,long_dry,final_eval,0.0,0.0,0.0,999,3,5,9,2025-37,4,5,9,5,5,9,6,5,9,9,5,9,-18.475000000000023,9.162320000000022,143.22089,-32.21821,18.475000000000023,9.162320000000022,143.22089,32.21821
2025-09-20 04:00:00+00:00,long_dry,final_eval,0.0,0.0,0.0,999,4,5,9,2025-37,5,5,9,6,5,9,7,5,9,10,5,9,35.85638,101.04959,-28.569559999999996,-34.14026999999999,35.85638,101.04959,28.569559999999996,34.14026999999999
2025-09-20 05:00:00+00:00,long_dry,final_eval,0.0,0.0,0.0,999,5,5,9,2025-37,6,5,9,7,5,9,8,5,9,11,5,9,88.2919,-31.930854999999994,-44.841606,72.61728,88.2919,31.930854999999994,44.841606,72.61728
2025-09-20 06:00:00+00:00,long_dry,final_eval,0.0,0.0,0.0,999,6,5,9,2025-37,7,5,9,8,5,9,9,5,9,12,5,9,-50.881820000000005,-62.78743,-22.324295000000006,229.52344,50.881820000000005,62.78743,22.324295000000006,229.52344
2025-09-20 07:00:00+00:00,long_dry,final_eval,0.0,0.0,0.0,999,7,5,9,2025-37,8,5,9,9,5,9,10,5,9,13,5,9,-9.820174999999999,4.784164000000004,-8.550479999999993,-14.364299999999957,9.820174999999999,4.784164000000004,8.550479999999993,14.364299999999957
2025-09-20 08:00:00+00:00,long_dry,final_eval,0.0,0.0,0.0,999,8,5,9,2025-37,9,5,9,10,5,9,11,5,9,14,5,9,-4.541880000000006,-12.594850000000008,19.055799999999977,211.8723,4.541880000000006,12.594850000000008,19.055799999999977,211.8723
2025-09-20 09:00:00+00:00,long_dry,final_eval,0.0,0.0,0.0,999,9,5,9,2025-37,10,5,9,11,5,9,12,5,9,15,5,9,-38.256519999999995,-17.720899999999972,-73.4873,243.5353,38.256519999999995,17.720899999999972,73.4873,243.5353
2025-09-20 10:00:00+00:00,long_dry,final_eval,0.0,0.0,0.0,999,10,5,9,2025-37,11,5,9,12,5,9,13,5,9,16,5,9,-28.730160000000012,-77.39750000000004,99.5302999999999,316.5598,28.730160000000012,77.39750000000004,99.5302999999999,316.5598
2025-09-20 11:00:00+00:00,long_dry,final_eval,0.0,0.0,0.0,999,11,5,9,2025-37,12,5,9,13,5,9,14,5,9,17,5,9,-225.96130000000005,13.291899999999941,247.19170000000008,253.01160000000004,225.96130000000005,13.291899999999941,247.19170000000008,253.01160000000004
2025-09-20 12:00:00+00:00,long_dry,final_eval,0.0,0.0,0.0,999,12,5,9,2025-37,13,5,9,14,5,9,15,5,9,18,5,9,21.755100000000084,199.54150000000004,303.71579999999994,370.8224,21.755100000000084,199.54150000000004,303.71579999999994,370.8224
2025-09-20 13:00:00+00:00,long_dry,final_eval,0.0,0.0,0.0,999,13,5,9,2025-37,14,5,9,15,5,9,16,5,9,19,5,9,132.11940000000004,226.61899999999991,285.65149999999994,490.3293000000001,132.11940000000004,226.61899999999991,285.65149999999994,490.3293000000001
2025-09-20 18:00:00+00:00,recovery,final_eval,0.0,8.7,8.7,1,18,5,9,2025-37,19,5,9,20,5,9,21,5,9,0,6,9,212.24170000000004,-145.48160000000007,-36.3753999999999,24.548099999999977,212.24170000000004,145.48160000000007,36.3753999999999,24.548099999999977
2025-09-20 19:00:00+00:00,recovery,final_eval,0.0,8.7,8.7,2,19,5,9,2025-37,20,5,9,21,5,9,22,5,9,1,6,9,-26.796100000000024,-56.41260000000011,20.064800000000105,-114.79410000000007,26.796100000000024,56.41260000000011,20.064800000000105,114.79410000000007
2025-09-20 20:00:00+00:00,recovery,final_eval,0.0,8.7,8.7,3,20,5,9,2025-37,21,5,9,22,5,9,23,5,9,2,6,9,228.97129999999993,233.02510000000007,189.1914999999999,51.40120000000002,228.97129999999993,233.02510000000007,189.1914999999999,51.40120000000002
2025-09-21 02:00:00+00:00,recovery,final_eval,0.0,8.8,8.8,1,2,6,9,2025-38,3,6,9,4,6,9,5,6,9,8,6,9,40.18353000000002,61.8467,108.31389999999999,-7.319599999999994,40.18353000000002,61.8467,108.31389999999999,7.319599999999994
2025-09-21 03:00:00+00:00,recovery,final_eval,0.0,7.6000000000000005,8.8,2,3,6,9,2025-38,4,6,9,5,6,9,6,6,9,9,6,9,-29.274900000000002,76.35270000000003,108.02914000000001,-43.34402,29.274900000000002,76.35270000000003,108.02914000000001,43.34402
2025-09-21 20:00:00+00:00,recent_rain,final_eval,0.0,4.5,4.6,3,20,6,9,2025-38,21,6,9,22,6,9,23,6,9,2,0,9,-22.04060000000004,-116.28989999999999,-350.076,-258.3271,22.04060000000004,116.28989999999999,350.076,258.3271
2025-09-21 21:00:00+00:00,recent_rain,final_eval,0.0,4.5,4.6,4,21,6,9,2025-38,22,6,9,23,6,9,0,0,9,3,0,9,-109.86869999999999,-306.9667999999999,-480.4755,-200.93414,109.86869999999999,306.9667999999999,480.4755,200.93414
2025-09-21 22:00:00+00:00,recent_rain,final_eval,0.0,4.5,4.6,5,22,6,9,2025-38,23,6,9,0,0,9,1,0,9,4,0,9,-240.3818000000001,-329.74879999999996,-307.84090000000003,-39.293350000000004,240.3818000000001,329.74879999999996,307.84090000000003,39.293350000000004
2025-09-21 23:00:00+00:00,recent_rain,final_eval,0.0,4.5,4.6,6,23,6,9,2025-38,0,0,9,1,0,9,2,0,9,5,0,9,-208.99030000000005,-194.62305000000003,-39.10843,-39.005340000000004,208.99030000000005,194.62305000000003,39.10843,39.005340000000004
2025-09-22 00:00:00+00:00,recent_rain,final_eval,0.0,4.5,4.6,7,0,0,9,2025-38,1,0,9,2,0,9,3,0,9,6,0,9,-122.92830000000004,38.46071999999998,21.127460000000013,-32.00742,122.92830000000004,38.46071999999998,21.127460000000013,32.00742
2025-09-22 01:00:00+00:00,recent_rain,final_eval,0.0,4.5,4.6,8,1,0,9,2025-38,2,0,9,3,0,9,4,0,9,7,0,9,111.89935000000003,39.76468,32.016340000000014,-17.839534999999998,111.89935000000003,39.76468,32.016340000000014,17.839534999999998
2025-09-22 02:00:00+00:00,recent_rain,final_eval,0.0,2.2,4.5,9,2,0,9,2025-38,3,0,9,4,0,9,5,0,9,8,0,9,-47.960800000000006,-0.7049599999999998,-28.187619999999995,-2.653053,47.960800000000006,0.7049599999999998,28.187619999999995,2.653053
2025-09-22 18:00:00+00:00,long_dry,final_eval,0.0,0.0,0.0,999,18,0,9,2025-38,19,0,9,20,0,9,21,0,9,0,1,9,167.77999999999997,432.39599999999996,1158.3472,207.15374999999995,167.77999999999997,432.39599999999996,1158.3472,207.15374999999995
2025-09-22 19:00:00+00:00,long_dry,final_eval,0.0,0.0,0.0,999,19,0,9,2025-38,20,0,9,21,0,9,22,0,9,1,1,9,105.18869999999993,772.8447000000001,517.358,5.0312999999999874,105.18869999999993,772.8447000000001,517.358,5.0312999999999874
2025-09-22 20:00:00+00:00,long_dry,final_eval,0.0,0.0,0.0,999,20,0,9,2025-38,21,0,9,22,0,9,23,0,9,2,1,9,792.8082999999999,342.8109999999999,150.6947,7.64689999999996,792.8082999999999,342.8109999999999,150.6947,7.64689999999996
2025-09-22 21:00:00+00:00,long_dry,final_eval,0.0,0.0,0.0,999,21,0,9,2025-38,22,0,9,23,0,9,0,1,9,3,1,9,388.4976999999999,96.9181000000001,-92.56040000000007,-128.09372000000002,388.4976999999999,96.9181000000001,92.56040000000007,128.09372000000002
2025-09-22 22:00:00+00:00,long_dry,final_eval,0.0,0.0,0.0,999,22,0,9,2025-38,23,0,9,0,1,9,1,1,9,4,1,9,225.04700000000003,-55.88560000000007,-47.29660000000001,-72.58063999999999,225.04700000000003,55.88560000000007,47.29660000000001,72.58063999999999
2025-09-22 23:00:00+00:00,long_dry,final_eval,0.0,0.0,0.0,999,23,0,9,2025-38,0,1,9,1,1,9,2,1,9,5,1,9,-57.1869999999999,-40.85170000000005,-36.56129999999996,-42.529610000000005,57.1869999999999,40.85170000000005,36.56129999999996,42.529610000000005
2025-09-23 00:00:00+00:00,long_dry,final_eval,0.0,0.0,0.0,999,0,1,9,2025-38,1,1,9,2,1,9,3,1,9,6,1,9,-25.880899999999997,0.9823000000000093,-60.53417999999999,-25.985832000000002,25.880899999999997,0.9823000000000093,60.53417999999999,25.985832000000002
2025-09-23 01:00:00+00:00,long_dry,final_eval,0.0,0.0,0.0,999,1,1,9,2025-38,2,1,9,3,1,9,4,1,9,7,1,9,-67.13810000000001,-104.65660000000003,-67.02448999999999,-16.738419999999998,67.13810000000001,104.65660000000003,67.02448999999999,16.738419999999998
2025-09-23 02:00:00+00:00,long_dry,final_eval,0.0,0.0,0.0,999,2,1,9,2025-38,3,1,9,4,1,9,5,1,9,8,1,9,-101.32114000000001,-67.08528000000001,-29.06814,-2.4675829999999976,101.32114000000001,67.08528000000001,29.06814,2.4675829999999976
2025-09-23 03:00:00+00:00,long_dry,final_eval,0.0,0.0,0.0,999,3,1,9,2025-38,4,1,9,5,1,9,6,1,9,9,1,9,-25.944580000000002,-3.567630000000001,-12.975610000000003,52.658770000000004,25.944580000000002,3.567630000000001,12.975610000000003,52.658770000000004
2025-09-23 04:00:00+00:00,long_dry,final_eval,0.0,0.0,0.0,999,4,1,9,2025-38,5,1,9,6,1,9,7,1,9,10,1,9,4.507663999999998,-6.675937999999999,-10.267332,102.75887999999998,4.507663999999998,6.675937999999999,10.267332,102.75887999999998
2025-09-23 05:00:00+00:00,long_dry,final_eval,0.0,0.0,0.0,999,5,1,9,2025-38,6,1,9,7,1,9,8,1,9,11,1,9,-11.600417999999998,-13.224672000000002,2.537272999999999,353.76337,11.600417999999998,13.224672000000002,2.537272999999999,353.76337
2025-09-23 06:00:00+00:00,long_dry,final_eval,0.0,0.0,0.0,999,6,1,9,2025-38,7,1,9,8,1,9,9,1,9,12,1,9,-13.126831,-6.507866,69.33655,697.8936000000001,13.126831,6.507866,69.33655,697.8936000000001
2025-09-23 07:00:00+00:00,long_dry,final_eval,0.0,0.0,0.0,999,7,1,9,2025-38,8,1,9,9,1,9,10,1,9,13,1,9,-3.790165000000002,75.663216,181.99400000000003,73.95087000000001,3.790165000000002,75.663216,181.99400000000003,73.95087000000001
2025-09-23 08:00:00+00:00,long_dry,final_eval,0.0,0.0,0.0,999,8,1,9,2025-38,9,1,9,10,1,9,11,1,9,14,1,9,55.81764000000001,147.64188000000001,280.293,-74.05849999999998,55.81764000000001,147.64188000000001,280.293,74.05849999999998
2025-09-23 09:00:00+00:00,long_dry,final_eval,0.0,0.0,0.0,999,9,1,9,2025-38,10,1,9,11,1,9,12,1,9,15,1,9,-14.091859999999997,180.28409999999997,728.6500000000001,-220.39293999999995,14.091859999999997,180.28409999999997,728.6500000000001,220.39293999999995
2025-09-23 10:00:00+00:00,long_dry,final_eval,0.0,0.0,0.0,999,10,1,9,2025-38,11,1,9,12,1,9,13,1,9,16,1,9,165.89300000000003,729.8214,-44.803300000000036,-101.38750000000005,165.89300000000003,729.8214,44.803300000000036,101.38750000000005
2025-09-23 11:00:00+00:00,long_dry,final_eval,0.0,0.0,0.0,999,11,1,9,2025-38,12,1,9,13,1,9,14,1,9,17,1,9,700.0623,50.78150000000005,-202.2717,-57.82060000000001,700.0623,50.78150000000005,202.2717,57.82060000000001
2025-09-23 12:00:00+00:00,long_dry,final_eval,0.0,0.0,0.0,999,12,1,9,2025-38,13,1,9,14,1,9,15,1,9,18,1,9,-64.0172,-212.50836000000004,-71.80280000000005,-28.49000000000001,64.0172,212.50836000000004,71.80280000000005,28.49000000000001
2025-09-23 13:00:00+00:00,long_dry,final_eval,0.0,0.0,0.0,999,13,1,9,2025-38,14,1,9,15,1,9,16,1,9,19,1,9,-194.91063999999994,-118.40329999999994,-44.169899999999984,271.173,194.91063999999994,118.40329999999994,44.169899999999984,271.173
2025-09-23 14:00:00+00:00,long_dry,final_eval,0.0,0.0,0.0,999,14,1,9,2025-38,15,1,9,16,1,9,17,1,9,20,1,9,31.046749999999975,109.3392,-33.42629999999997,-114.63979999999992,31.046749999999975,109.3392,33.42629999999997,114.63979999999992
2025-09-23 15:00:00+00:00,long_dry,final_eval,0.0,0.0,0.0,999,15,1,9,2025-38,16,1,9,17,1,9,18,1,9,21,1,9,71.95860000000005,-29.2192,-177.5757000000001,478.50430000000006,71.95860000000005,29.2192,177.5757000000001,478.50430000000006
2025-09-23 16:00:00+00:00,long_dry,final_eval,0.0,0.0,0.0,999,16,1,9,2025-38,17,1,9,18,1,9,19,1,9,22,1,9,15.388500000000022,-36.42145000000005,284.7656999999999,240.92270000000008,15.388500000000022,36.42145000000005,284.7656999999999,240.92270000000008
2025-09-23 17:00:00+00:00,long_dry,final_eval,0.0,0.0,0.0,999,17,1,9,2025-38,18,1,9,19,1,9,20,1,9,23,1,9,-120.1223,105.19270000000006,-116.23630000000003,131.7831000000001,120.1223,105.19270000000006,116.23630000000003,131.7831000000001
2025-09-23 18:00:00+00:00,long_dry,final_eval,0.0,0.0,0.0,999,18,1,9,2025-38,19,1,9,20,1,9,21,1,9,0,2,9,145.9598000000001,-135.2394999999999,456.5311999999999,-3.6615600000000086,145.9598000000001,135.2394999999999,456.5311999999999,3.6615600000000086
2025-09-23 19:00:00+00:00,long_dry,final_eval,0.0,0.0,0.0,999,19,1,9,2025-38,20,1,9,21,1,9,22,1,9,1,2,9,-371.19270000000006,278.73569999999995,356.3751,-31.17003999999997,371.19270000000006,278.73569999999995,356.3751,31.17003999999997
2025-09-23 20:00:00+00:00,long_dry,final_eval,0.0,0.0,0.0,999,20,1,9,2025-38,21,1,9,22,1,9,23,1,9,2,2,9,541.413,348.8882000000001,1.8722999999999956,-38.606899999999996,541.413,348.8882000000001,1.8722999999999956,38.606899999999996
2025-09-24 00:00:00+00:00,recent_rain,final_eval,0.0,1.7,1.7,3,0,2,9,2025-38,1,2,9,2,2,9,3,2,9,6,2,9,15.628199999999993,14.772950000000037,-81.55270000000002,-31.315407,15.628199999999993,14.772950000000037,81.55270000000002,31.315407
2025-09-24 03:00:00+00:00,recovery,final_eval,0.0,12.5,12.5,1,3,2,9,2025-38,4,2,9,5,2,9,6,2,9,9,2,9,6.7689359999999965,-14.706499999999998,-14.045093999999999,36.94655,6.7689359999999965,14.706499999999998,14.045093999999999,36.94655
2025-09-24 04:00:00+00:00,recovery,final_eval,0.0,12.5,12.5,2,4,2,9,2025-38,5,2,9,6,2,9,7,2,9,10,2,9,-18.901114999999997,-15.828000000000003,-19.411798,99.15496999999999,18.901114999999997,15.828000000000003,19.411798,99.15496999999999
2025-09-24 05:00:00+00:00,recovery,final_eval,0.0,12.5,12.5,3,5,2,9,2025-38,6,2,9,7,2,9,8,2,9,11,2,9,-10.374324999999999,-17.725874,4.326855000000002,298.89844000000005,10.374324999999999,17.725874,4.326855000000002,298.89844000000005
2025-09-25 04:00:00+00:00,recent_rain,final_eval,0.0,1.5,1.5,3,4,3,9,2025-38,5,3,9,6,3,9,7,3,9,10,3,9,19.728749999999998,-10.030163000000002,-6.0688819999999986,67.6293,19.728749999999998,10.030163000000002,6.0688819999999986,67.6293
2025-09-25 05:00:00+00:00,recent_rain,final_eval,0.0,1.4,1.5,4,5,3,9,2025-38,6,3,9,7,3,9,8,3,9,11,3,9,-10.887455000000003,-4.925901,12.99613,-310.80859999999996,10.887455000000003,4.925901,12.99613,310.80859999999996
2025-09-25 06:00:00+00:00,recent_rain,final_eval,0.0,1.4,1.5,5,6,3,9,2025-38,7,3,9,8,3,9,9,3,9,12,3,9,-5.139011,4.4295100000000005,62.03506,-542.1525999999999,5.139011,4.4295100000000005,62.03506,542.1525999999999
2025-09-25 07:00:00+00:00,recent_rain,final_eval,0.0,1.4,1.5,6,7,3,9,2025-38,8,3,9,9,3,9,10,3,9,13,3,9,2.1984139999999996,55.76089,139.8789,-178.16269999999997,2.1984139999999996,55.76089,139.8789,178.16269999999997
2025-09-25 08:00:00+00:00,recent_rain,final_eval,0.0,1.4,1.5,7,8,3,9,2025-38,9,3,9,10,3,9,11,3,9,14,3,9,39.426440000000014,117.22894000000002,-399.34265000000005,-155.24779999999998,39.426440000000014,117.22894000000002,399.34265000000005,155.24779999999998
2025-09-25 16:00:00+00:00,recovery,final_eval,0.0,6.8,8.299999999999999,1,16,3,9,2025-38,17,3,9,18,3,9,19,3,9,22,3,9,-104.31244000000004,-49.94244000000003,169.49900000000002,513.5050000000001,104.31244000000004,49.94244000000003,169.49900000000002,513.5050000000001
2025-09-25 17:00:00+00:00,recovery,final_eval,0.0,6.8,8.2,2,17,3,9,2025-38,18,3,9,19,3,9,20,3,9,23,3,9,-90.94617000000005,63.4828,266.15139999999997,328.5802000000001,90.94617000000005,63.4828,266.15139999999997,328.5802000000001
2025-09-25 19:00:00+00:00,recovery,final_eval,0.0,6.8999999999999995,8.299999999999999,1,19,3,9,2025-38,20,3,9,21,3,9,22,3,9,1,4,9,39.977300000000014,655.6155000000001,441.89329999999995,-35.85260000000005,39.977300000000014,655.6155000000001,441.89329999999995,35.85260000000005
2025-09-25 20:00:00+00:00,recovery,final_eval,0.0,6.8999999999999995,8.299999999999999,2,20,3,9,2025-38,21,3,9,22,3,9,23,3,9,2,4,9,694.9626000000001,289.2808,100.11629999999991,99.02526999999998,694.9626000000001,289.2808,100.11629999999991,99.02526999999998
2025-09-25 21:00:00+00:00,recovery,final_eval,0.0,6.8999999999999995,8.1,3,21,3,9,2025-38,22,3,9,23,3,9,0,4,9,3,4,9,358.90920000000006,67.19299999999998,5.045000000000073,38.924620000000004,358.90920000000006,67.19299999999998,5.045000000000073,38.924620000000004
2025-09-26 03:00:00+00:00,recovery,final_eval,0.0,9.499999999999998,16.1,1,3,4,9,2025-38,4,4,9,5,4,9,6,4,9,9,4,9,1.9993399999999895,22.520775,1.0442500000000052,37.43724,1.9993399999999895,22.520775,1.0442500000000052,37.43724
2025-09-26 04:00:00+00:00,recovery,final_eval,0.0,9.299999999999999,16.1,2,4,4,9,2025-38,5,4,9,6,4,9,7,4,9,10,4,9,20.42868,17.540053999999998,-5.62932,203.04507,20.42868,17.540053999999998,5.62932,203.04507
2025-09-26 05:00:00+00:00,recovery,final_eval,0.0,9.299999999999999,16.1,3,5,4,9,2025-38,6,4,9,7,4,9,8,4,9,11,4,9,17.900123999999998,-6.211174,2.552653999999997,273.1684,17.900123999999998,6.211174,2.552653999999997,273.1684
2025-09-28 05:00:00+00:00,recent_rain,final_eval,0.0,1.0,1.0,3,5,6,9,2025-39,6,6,9,7,6,9,8,6,9,11,6,9,44.21986000000001,-11.43611,-11.21051,-33.75810000000001,44.21986000000001,11.43611,11.21051,33.75810000000001
2025-09-29 03:00:00+00:00,long_dry,final_eval,0.0,0.0,0.0,999,3,0,9,2025-39,4,0,9,5,0,9,6,0,9,9,0,9,19.827520000000007,-8.314148000000003,-7.142707999999999,28.222759999999994,19.827520000000007,8.314148000000003,7.142707999999999,28.222759999999994
2025-09-29 04:00:00+00:00,long_dry,final_eval,0.0,0.0,0.0,999,4,0,9,2025-39,5,0,9,6,0,9,7,0,9,10,0,9,-9.033707,-6.582160000000002,-6.850679999999997,38.34667999999999,9.033707,6.582160000000002,6.850679999999997,38.34667999999999
2025-09-29 05:00:00+00:00,long_dry,final_eval,0.0,0.0,0.0,999,5,0,9,2025-39,6,0,9,7,0,9,8,0,9,11,0,9,-3.644942999999998,-3.641252999999999,-0.4499629999999968,285.94214,3.644942999999998,3.641252999999999,0.4499629999999968,285.94214
2025-09-29 06:00:00+00:00,long_dry,final_eval,0.0,0.0,0.0,999,6,0,9,2025-39,7,0,9,8,0,9,9,0,9,12,0,9,-3.758749999999999,-10.791780000000003,37.67782,462.48350000000005,3.758749999999999,10.791780000000003,37.67782,462.48350000000005
2025-09-29 07:00:00+00:00,long_dry,final_eval,0.0,0.0,0.0,999,7,0,9,2025-39,8,0,9,9,0,9,10,0,9,13,0,9,-7.636916999999997,49.17188,117.7622,-38.77890000000002,7.636916999999997,49.17188,117.7622,38.77890000000002
2025-09-29 08:00:00+00:00,long_dry,final_eval,0.0,0.0,0.0,999,8,0,9,2025-39,9,0,9,10,0,9,11,0,9,14,0,9,30.968900000000005,82.71870000000001,200.7165,-61.76969999999994,30.968900000000005,82.71870000000001,200.7165,61.76969999999994
2025-09-29 09:00:00+00:00,long_dry,final_eval,0.0,0.0,0.0,999,9,0,9,2025-39,10,0,9,11,0,9,12,0,9,15,0,9,-91.24210000000005,91.88116000000002,525.1549,-256.69556,91.24210000000005,91.88116000000002,525.1549,256.69556
2025-09-29 10:00:00+00:00,long_dry,final_eval,0.0,0.0,0.0,999,10,0,9,2025-39,11,0,9,12,0,9,13,0,9,16,0,9,72.70389999999998,495.6609000000001,-152.1549,-137.08500000000004,72.70389999999998,495.6609000000001,152.1549,137.08500000000004
2025-09-29 11:00:00+00:00,long_dry,final_eval,0.0,0.0,0.0,999,11,0,9,2025-39,12,0,9,13,0,9,14,0,9,17,0,9,503.2754,-70.72749999999996,-225.0738,-89.13729999999998,503.2754,70.72749999999996,225.0738,89.13729999999998
2025-09-29 12:00:00+00:00,long_dry,final_eval,0.0,0.0,0.0,999,12,0,9,2025-39,13,0,9,14,0,9,15,0,9,18,0,9,-170.93039999999996,-185.39233000000002,-108.89859999999999,-134.20119999999997,170.93039999999996,185.39233000000002,108.89859999999999,134.20119999999997
2025-09-29 13:00:00+00:00,long_dry,final_eval,0.0,0.0,0.0,999,13,0,9,2025-39,14,0,9,15,0,9,16,0,9,19,0,9,-217.1413,-195.05706999999995,-124.90229999999997,101.1715999999999,217.1413,195.05706999999995,124.90229999999997,101.1715999999999
2025-09-29 14:00:00+00:00,long_dry,final_eval,0.0,0.0,0.0,999,14,0,9,2025-39,15,0,9,16,0,9,17,0,9,20,0,9,-42.229799999999955,42.79669999999999,-74.40430000000003,-56.5456999999999,42.229799999999955,42.79669999999999,74.40430000000003,56.5456999999999
2025-09-29 15:00:00+00:00,long_dry,final_eval,0.0,0.0,0.0,999,15,0,9,2025-39,16,0,9,17,0,9,18,0,9,21,0,9,88.87660000000005,11.076099999999997,-230.85169999999994,749.6201000000001,88.87660000000005,11.076099999999997,230.85169999999994,749.6201000000001
2025-09-29 16:00:00+00:00,long_dry,final_eval,0.0,0.0,0.0,999,16,0,9,2025-39,17,0,9,18,0,9,19,0,9,22,0,9,-7.509300000000053,-184.65550000000007,140.0,318.19100000000003,7.509300000000053,184.65550000000007,140.0,318.19100000000003
2025-09-29 17:00:00+00:00,long_dry,final_eval,0.0,0.0,0.0,999,17,0,9,2025-39,18,0,9,19,0,9,20,0,9,23,0,9,-257.47630000000004,-5.939599999999928,1.6994999999999436,113.90329999999994,257.47630000000004,5.939599999999928,1.6994999999999436,113.90329999999994
2025-09-29 18:00:00+00:00,long_dry,final_eval,0.0,0.0,0.0,999,18,0,9,2025-39,19,0,9,20,0,9,21,0,9,0,1,9,230.45029999999997,309.2754,1074.2367,89.85640000000001,230.45029999999997,309.2754,1074.2367,89.85640000000001
2025-09-29 19:00:00+00:00,long_dry,final_eval,0.0,0.0,0.0,999,19,0,9,2025-39,20,0,9,21,0,9,22,0,9,1,1,9,-92.25800000000004,624.8873000000001,419.5443,-57.75287000000003,92.25800000000004,624.8873000000001,419.5443,57.75287000000003
2025-09-29 20:00:00+00:00,long_dry,final_eval,0.0,0.0,0.0,999,20,0,9,2025-39,21,0,9,22,0,9,23,0,9,2,1,9,711.4963,269.46659999999997,44.82729999999992,-79.71050000000002,711.4963,269.46659999999997,44.82729999999992,79.71050000000002
2025-09-29 21:00:00+00:00,long_dry,final_eval,0.0,0.0,0.0,999,21,0,9,2025-39,22,0,9,23,0,9,0,1,9,3,1,9,303.95910000000003,11.441499999999905,-175.10500000000002,-131.59882,303.95910000000003,11.441499999999905,175.10500000000002,131.59882
2025-09-29 22:00:00+00:00,long_dry,final_eval,0.0,0.0,0.0,999,22,0,9,2025-39,23,0,9,0,1,9,1,1,9,4,1,9,151.04700000000003,-127.88560000000007,-82.29660000000001,-59.58063999999999,151.04700000000003,127.88560000000007,82.29660000000001,59.58063999999999
2025-09-29 23:00:00+00:00,long_dry,final_eval,0.0,0.0,0.0,999,23,0,9,2025-39,0,1,9,1,1,9,2,1,9,5,1,9,-110.31775000000005,-65.14086999999995,-101.14279999999997,-40.65933,110.31775000000005,65.14086999999995,101.14279999999997,40.65933
2025-09-30 00:00:00+00:00,long_dry,final_eval,0.0,0.0,0.0,999,0,1,9,2025-39,1,1,9,2,1,9,3,1,9,6,1,9,13.10442999999998,-17.860439999999983,-25.616179999999986,-18.543293,13.10442999999998,17.860439999999983,25.616179999999986,18.543293
2025-10-01 03:00:00+00:00,long_dry,final_eval,0.0,0.0,0.0,999,3,2,10,2025-39,4,2,10,5,2,10,6,2,10,9,2,10,-13.802030000000002,-13.197654999999997,-29.449883,25.673325000000006,13.802030000000002,13.197654999999997,29.449883,25.673325000000006
2025-10-01 04:00:00+00:00,long_dry,final_eval,0.0,0.0,0.0,999,4,2,10,2025-39,5,2,10,6,2,10,7,2,10,10,2,10,0.2781099999999981,-17.90403,-16.480326,65.17648000000003,0.2781099999999981,17.90403,16.480326,65.17648000000003
2025-10-01 05:00:00+00:00,long_dry,final_eval,0.0,0.0,0.0,999,5,2,10,2025-39,6,2,10,7,2,10,8,2,10,11,2,10,-17.257828000000003,-15.374016000000001,16.31194,318.18179999999995,17.257828000000003,15.374016000000001,16.31194,318.18179999999995
2025-10-01 06:00:00+00:00,long_dry,final_eval,0.0,0.0,0.0,999,6,2,10,2025-39,7,2,10,8,2,10,9,2,10,12,2,10,-15.091787,6.796509999999998,38.51267,804.8884,15.091787,6.796509999999998,38.51267,804.8884
2025-10-01 07:00:00+00:00,long_dry,final_eval,0.0,0.0,0.0,999,7,2,10,2025-39,8,2,10,9,2,10,10,2,10,13,2,10,10.719482,47.096924,150.5437,142.72469999999998,10.719482,47.096924,150.5437,142.72469999999998
2025-10-01 08:00:00+00:00,long_dry,final_eval,0.0,0.0,0.0,999,8,2,10,2025-39,9,2,10,10,2,10,11,2,10,14,2,10,20.6558,109.66451999999998,233.32119999999998,14.60080000000005,20.6558,109.66451999999998,233.32119999999998,14.60080000000005
2025-10-01 09:00:00+00:00,long_dry,final_eval,0.0,0.0,0.0,999,9,2,10,2025-39,10,2,10,11,2,10,12,2,10,15,2,10,-40.446349999999995,161.13930000000005,822.9966,-116.61755000000005,40.446349999999995,161.13930000000005,822.9966,116.61755000000005
2025-10-01 10:00:00+00:00,long_dry,final_eval,0.0,0.0,0.0,999,10,2,10,2025-39,11,2,10,12,2,10,13,2,10,16,2,10,129.03830000000005,843.0316,48.284400000000005,-48.20900000000006,129.03830000000005,843.0316,48.284400000000005,48.20900000000006
2025-10-01 11:00:00+00:00,long_dry,final_eval,0.0,0.0,0.0,999,11,2,10,2025-39,12,2,10,13,2,10,14,2,10,17,2,10,848.0740000000001,86.93209999999999,-190.34033,-20.452399999999898,848.0740000000001,86.93209999999999,190.34033,20.452399999999898
2025-10-01 12:00:00+00:00,long_dry,final_eval,0.0,0.0,0.0,999,12,2,10,2025-39,13,2,10,14,2,10,15,2,10,18,2,10,114.88329999999996,-26.93719999999996,99.23559999999998,102.58014000000003,114.88329999999996,26.93719999999996,99.23559999999998,102.58014000000003
2025-10-01 13:00:00+00:00,long_dry,final_eval,0.0,0.0,0.0,999,13,2,10,2025-39,14,2,10,15,2,10,16,2,10,19,2,10,-57.68755999999996,48.484699999999975,66.67949999999996,204.61470000000008,57.68755999999996,48.484699999999975,66.67949999999996,204.61470000000008
2025-10-01 14:00:00+00:00,long_dry,final_eval,0.0,0.0,0.0,999,14,2,10,2025-39,15,2,10,16,2,10,17,2,10,20,2,10,77.60680000000002,143.80079999999998,27.273130000000037,213.4918,77.60680000000002,143.80079999999998,27.273130000000037,213.4918
2025-10-01 15:00:00+00:00,long_dry,final_eval,0.0,0.0,0.0,999,15,2,10,2025-39,16,2,10,17,2,10,18,2,10,21,2,10,108.24789999999996,34.95385999999996,-83.99569999999994,1070.8342,108.24789999999996,34.95385999999996,83.99569999999994,1070.8342
2025-10-01 16:00:00+00:00,long_dry,final_eval,0.0,0.0,0.0,999,16,2,10,2025-39,17,2,10,18,2,10,19,2,10,22,2,10,85.55304000000001,59.84660000000008,172.10339999999997,531.1705,85.55304000000001,59.84660000000008,172.10339999999997,531.1705
2025-10-01 17:00:00+00:00,long_dry,final_eval,0.0,0.0,0.0,999,17,2,10,2025-39,18,2,10,19,2,10,20,2,10,23,2,10,-122.1119000000001,-91.2476999999999,169.8019999999999,205.8043,122.1119000000001,91.2476999999999,169.8019999999999,205.8043
2025-10-01 18:00:00+00:00,long_dry,final_eval,0.0,0.0,0.0,999,18,2,10,2025-39,19,2,10,20,2,10,21,2,10,0,3,10,-58.34740000000011,121.88959999999997,940.7878000000001,-62.70620000000008,58.34740000000011,121.88959999999997,940.7878000000001,62.70620000000008
2025-10-01 19:00:00+00:00,long_dry,final_eval,0.0,0.0,0.0,999,19,2,10,2025-39,20,2,10,21,2,10,22,2,10,1,3,10,18.174999999999955,830.3112000000001,496.69759999999997,-48.42020000000002,18.174999999999955,830.3112000000001,496.69759999999997,48.42020000000002
2025-10-01 20:00:00+00:00,long_dry,final_eval,0.0,0.0,0.0,999,20,2,10,2025-39,21,2,10,22,2,10,23,2,10,2,3,10,821.3526999999999,362.53739999999993,45.87329999999997,-20.853759999999966,821.3526999999999,362.53739999999993,45.87329999999997,20.853759999999966
2025-10-01 21:00:00+00:00,long_dry,final_eval,0.0,0.0,0.0,999,21,2,10,2025-39,22,2,10,23,2,10,0,3,10,3,3,10,338.84940000000006,-71.05899999999997,-177.3626999999999,-65.45447000000001,338.84940000000006,71.05899999999997,177.3626999999999,65.45447000000001
2025-10-01 22:00:00+00:00,long_dry,final_eval,0.0,0.0,0.0,999,22,2,10,2025-39,23,2,10,0,3,10,1,3,10,4,3,10,125.6525999999999,-103.36410000000001,3.8528400000000147,-44.99791999999999,125.6525999999999,103.36410000000001,3.8528400000000147,44.99791999999999
2025-10-01 23:00:00+00:00,long_dry,final_eval,0.0,0.0,0.0,999,23,2,10,2025-39,0,3,10,1,3,10,2,3,10,5,3,10,-74.79610000000002,24.990660000000048,-15.848139999999944,-75.58304000000001,74.79610000000002,24.990660000000048,15.848139999999944,75.58304000000001
2025-10-02 00:00:00+00:00,long_dry,final_eval,0.0,0.0,0.0,999,0,3,10,2025-39,1,3,10,2,3,10,3,3,10,6,3,10,66.32839999999999,54.142900000000054,46.44002999999998,-19.372480000000003,66.32839999999999,54.142900000000054,46.44002999999998,19.372480000000003
2025-10-02 01:00:00+00:00,long_dry,final_eval,0.0,0.0,0.0,999,1,3,10,2025-39,2,3,10,3,3,10,4,3,10,7,3,10,-0.039729999999963184,6.188420000000008,-15.977450000000005,-15.643013000000003,0.039729999999963184,6.188420000000008,15.977450000000005,15.643013000000003
2025-10-02 02:00:00+00:00,long_dry,final_eval,0.0,0.0,0.0,999,2,3,10,2025-39,3,3,10,4,3,10,5,3,10,8,3,10,-71.77838000000003,-38.92702,-33.360275,-17.258564,71.77838000000003,38.92702,33.360275,17.258564
2025-10-02 03:00:00+00:00,long_dry,final_eval,0.0,0.0,0.0,999,3,3,10,2025-39,4,3,10,5,3,10,6,3,10,9,3,10,-22.049239999999998,-28.614059999999995,-10.511696,28.38132999999999,22.049239999999998,28.614059999999995,10.511696,28.38132999999999
2025-10-02 04:00:00+00:00,long_dry,final_eval,0.0,0.0,0.0,999,4,3,10,2025-39,5,3,10,6,3,10,7,3,10,10,3,10,-22.808940000000007,-0.04133600000000115,-8.199759999999998,68.1859,22.808940000000007,0.04133600000000115,8.199759999999998,68.1859
2025-10-02 05:00:00+00:00,long_dry,final_eval,0.0,0.0,0.0,999,5,3,10,2025-39,6,3,10,7,3,10,8,3,10,11,3,10,7.317782999999999,-3.7461030000000015,-4.918120000000002,118.79510000000005,7.317782999999999,3.7461030000000015,4.918120000000002,118.79510000000005
2025-10-02 06:00:00+00:00,long_dry,final_eval,0.0,0.0,0.0,999,6,3,10,2025-39,7,3,10,8,3,10,9,3,10,12,3,10,-7.533104000000002,-16.017178,44.1262,438.92100000000005,7.533104000000002,16.017178,44.1262,438.92100000000005
2025-10-02 07:00:00+00:00,long_dry,final_eval,0.0,0.0,0.0,999,7,3,10,2025-39,8,3,10,9,3,10,10,3,10,13,3,10,-12.011845000000001,59.226110000000006,105.83765,47.91859999999997,12.011845000000001,59.226110000000006,105.83765,47.91859999999997
2025-10-02 08:00:00+00:00,long_dry,final_eval,0.0,0.0,0.0,999,8,3,10,2025-39,9,3,10,10,3,10,11,3,10,14,3,10,54.82798,96.70427999999998,104.10749999999996,-64.55229999999995,54.82798,96.70427999999998,104.10749999999996,64.55229999999995
2025-10-02 09:00:00+00:00,long_dry,final_eval,0.0,0.0,0.0,999,9,3,10,2025-39,10,3,10,11,3,10,12,3,10,15,3,10,-103.60410000000002,-41.55199999999991,515.8839,-293.3406,103.60410000000002,41.55199999999991,515.8839,293.3406
2025-10-02 10:00:00+00:00,long_dry,final_eval,0.0,0.0,0.0,999,10,3,10,2025-39,11,3,10,12,3,10,13,3,10,16,3,10,5.640300000000025,561.5165999999999,-4.786000000000058,-94.19949999999994,5.640300000000025,561.5165999999999,4.786000000000058,94.19949999999994
2025-10-02 11:00:00+00:00,long_dry,final_eval,0.0,0.0,0.0,999,11,3,10,2025-39,12,3,10,13,3,10,14,3,10,17,3,10,541.7272,6.768700000000081,-254.6681000000001,-114.55430000000001,541.7272,6.768700000000081,254.6681000000001,114.55430000000001
2025-10-02 12:00:00+00:00,long_dry,final_eval,0.0,0.0,0.0,999,12,3,10,2025-39,13,3,10,14,3,10,15,3,10,18,3,10,-17.04359999999997,-140.81885,-116.9724,36.50160000000005,17.04359999999997,140.81885,116.9724,36.50160000000005
2025-10-02 13:00:00+00:00,long_dry,final_eval,0.0,0.0,0.0,999,13,3,10,2025-39,14,3,10,15,3,10,16,3,10,19,3,10,-148.66319999999996,-163.84753,-6.536399999999958,45.66039999999998,148.66319999999996,163.84753,6.536399999999958,45.66039999999998
2025-10-02 14:00:00+00:00,long_dry,final_eval,0.0,0.0,0.0,999,14,3,10,2025-39,15,3,10,16,3,10,17,3,10,20,3,10,-31.655939999999987,164.67345999999998,6.46234000000004,121.5612000000001,31.655939999999987,164.67345999999998,6.46234000000004,121.5612000000001
2025-10-02 15:00:00+00:00,long_dry,final_eval,0.0,0.0,0.0,999,15,3,10,2025-39,16,3,10,17,3,10,18,3,10,21,3,10,212.22940000000006,87.73389999999995,-29.77080000000001,951.4562000000001,212.22940000000006,87.73389999999995,29.77080000000001,951.4562000000001
2025-10-02 16:00:00+00:00,long_dry,final_eval,0.0,0.0,0.0,999,16,3,10,2025-39,17,3,10,18,3,10,19,3,10,22,3,10,32.27350000000001,33.14930000000004,72.28880000000004,417.69859999999994,32.27350000000001,33.14930000000004,72.28880000000004,417.69859999999994
2025-10-02 17:00:00+00:00,long_dry,final_eval,0.0,0.0,0.0,999,17,3,10,2025-39,18,3,10,19,3,10,20,3,10,23,3,10,-47.60050000000001,-121.5302999999999,131.58670000000006,228.30240000000003,47.60050000000001,121.5302999999999,131.58670000000006,228.30240000000003
2025-10-02 18:00:00+00:00,long_dry,final_eval,0.0,0.0,0.0,999,18,3,10,2025-39,19,3,10,20,3,10,21,3,10,0,4,10,-138.25980000000004,84.0947000000001,876.8195000000001,-104.51649999999995,138.25980000000004,84.0947000000001,876.8195000000001,104.51649999999995
2025-10-02 19:00:00+00:00,long_dry,final_eval,0.0,0.0,0.0,999,19,3,10,2025-39,20,3,10,21,3,10,22,3,10,1,4,10,3.8756000000000768,766.1357,501.63210000000004,-32.97149999999999,3.8756000000000768,766.1357,501.63210000000004,32.97149999999999
2025-10-02 20:00:00+00:00,long_dry,final_eval,0.0,0.0,0.0,999,20,3,10,2025-39,21,3,10,22,3,10,23,3,10,2,4,10,755.4078,363.1826000000001,90.38670000000002,26.492200000000025,755.4078,363.1826000000001,90.38670000000002,26.492200000000025
2025-10-02 21:00:00+00:00,long_dry,final_eval,0.0,0.0,0.0,999,21,3,10,2025-39,22,3,10,23,3,10,0,4,10,3,4,10,369.3157000000001,-7.573200000000043,-235.08899999999994,-50.75677000000002,369.3157000000001,7.573200000000043,235.08899999999994,50.75677000000002
2025-10-02 22:00:00+00:00,long_dry,final_eval,0.0,0.0,0.0,999,22,3,10,2025-39,23,3,10,0,4,10,1,4,10,4,4,10,185.96859999999992,-175.4441999999999,-22.70807000000002,-16.557080000000013,185.96859999999992,175.4441999999999,22.70807000000002,16.557080000000013
2025-10-02 23:00:00+00:00,long_dry,final_eval,0.0,0.0,0.0,999,23,3,10,2025-39,0,4,10,1,4,10,2,4,10,5,4,10,-136.31809999999996,22.133850000000052,10.617740000000026,-43.321619999999996,136.31809999999996,22.133850000000052,10.617740000000026,43.321619999999996
2025-10-03 00:00:00+00:00,long_dry,final_eval,0.0,0.0,0.0,999,0,4,10,2025-39,1,4,10,2,4,10,3,4,10,6,4,10,83.77484000000004,81.09609999999998,26.532500000000027,-12.448350000000005,83.77484000000004,81.09609999999998,26.532500000000027,12.448350000000005
2025-10-03 01:00:00+00:00,long_dry,final_eval,0.0,0.0,0.0,999,1,4,10,2025-39,2,4,10,3,4,10,4,4,10,7,4,10,23.794700000000034,-21.02679999999998,13.005650000000003,-25.254199999999997,23.794700000000034,21.02679999999998,13.005650000000003,25.254199999999997
2025-10-03 02:00:00+00:00,long_dry,final_eval,0.0,0.0,0.0,999,2,4,10,2025-39,3,4,10,4,4,10,5,4,10,8,4,10,-114.77549999999997,-13.380950000000013,-12.839960000000005,-3.9160460000000015,114.77549999999997,13.380950000000013,12.839960000000005,3.9160460000000015
2025-10-03 03:00:00+00:00,long_dry,final_eval,0.0,0.0,0.0,999,3,4,10,2025-39,4,4,10,5,4,10,6,4,10,9,4,10,7.221120000000013,-1.8197100000000006,-7.725099999999998,20.341000000000008,7.221120000000013,1.8197100000000006,7.725099999999998,20.341000000000008
2025-10-03 04:00:00+00:00,long_dry,final_eval,0.0,0.0,0.0,999,4,4,10,2025-39,5,4,10,6,4,10,7,4,10,10,4,10,-11.145560000000003,6.640555999999997,-13.895606999999998,139.34152,11.145560000000003,6.640555999999997,13.895606999999998,139.34152
2025-10-03 05:00:00+00:00,long_dry,final_eval,0.0,0.0,0.0,999,5,4,10,2025-39,6,4,10,7,4,10,8,4,10,11,4,10,13.704372,-8.966099999999997,9.261330000000001,83.20029999999997,13.704372,8.966099999999997,9.261330000000001,83.20029999999997
2025-10-03 06:00:00+00:00,long_dry,final_eval,0.0,0.0,0.0,999,6,4,10,2025-39,7,4,10,8,4,10,9,4,10,12,4,10,-9.841026,1.8799629999999965,55.49893,185.63650000000007,9.841026,1.8799629999999965,55.49893,185.63650000000007
2025-10-03 07:00:00+00:00,long_dry,final_eval,0.0,0.0,0.0,999,7,4,10,2025-39,8,4,10,9,4,10,10,4,10,13,4,10,5.676155000000001,64.21524,101.16167999999999,-68.46170000000006,5.676155000000001,64.21524,101.16167999999999,68.46170000000006
2025-10-03 08:00:00+00:00,long_dry,final_eval,0.0,0.0,0.0,999,8,4,10,2025-39,9,4,10,10,4,10,11,4,10,14,4,10,43.17958,72.54007000000001,25.773860000000013,19.490660000000048,43.17958,72.54007000000001,25.773860000000013,19.490660000000048
2025-10-03 09:00:00+00:00,long_dry,final_eval,0.0,0.0,0.0,999,9,4,10,2025-39,10,4,10,11,4,10,12,4,10,15,4,10,-99.98849999999999,-75.71130000000005,236.24990000000003,-90.5791999999999,99.98849999999999,75.71130000000005,236.24990000000003,90.5791999999999
2025-10-03 10:00:00+00:00,long_dry,final_eval,0.0,0.0,0.0,999,10,4,10,2025-39,11,4,10,12,4,10,13,4,10,16,4,10,-29.5,305.2575999999999,-93.33619999999996,-13.31510000000003,29.5,305.2575999999999,93.33619999999996,13.31510000000003
2025-10-03 11:00:00+00:00,long_dry,final_eval,0.0,0.0,0.0,999,11,4,10,2025-39,12,4,10,13,4,10,14,4,10,17,4,10,248.1416999999999,-153.4525000000001,-234.3046999999999,1.1398999999998978,248.1416999999999,153.4525000000001,234.3046999999999,1.1398999999998978
2025-10-03 12:00:00+00:00,long_dry,final_eval,0.0,0.0,0.0,999,12,4,10,2025-39,13,4,10,14,4,10,15,4,10,18,4,10,-133.85159999999996,-126.40233999999998,-33.187599999999975,128.98839999999996,133.85159999999996,126.40233999999998,33.187599999999975,128.98839999999996
2025-10-03 13:00:00+00:00,long_dry,final_eval,0.0,0.0,0.0,999,13,4,10,2025-39,14,4,10,15,4,10,16,4,10,19,4,10,2.81370000000004,82.35239999999999,219.91205000000002,502.52379999999994,2.81370000000004,82.35239999999999,219.91205000000002,502.52379999999994
2025-10-03 14:00:00+00:00,long_dry,final_eval,0.0,0.0,0.0,999,14,4,10,2025-39,15,4,10,16,4,10,17,4,10,20,4,10,96.7319,228.66330000000005,134.01440000000002,393.1952000000001,96.7319,228.66330000000005,134.01440000000002,393.1952000000001
2025-10-03 15:00:00+00:00,long_dry,final_eval,0.0,0.0,0.0,999,15,4,10,2025-39,16,4,10,17,4,10,18,4,10,21,4,10,292.97644,248.59750000000008,179.31690000000003,649.9084,292.97644,248.59750000000008,179.31690000000003,649.9084
2025-10-03 16:00:00+00:00,long_dry,final_eval,0.0,0.0,0.0,999,16,4,10,2025-39,17,4,10,18,4,10,19,4,10,22,4,10,-29.30709999999999,-36.94399999999996,212.04430000000002,551.06,29.30709999999999,36.94399999999996,212.04430000000002,551.06
2025-10-03 17:00:00+00:00,long_dry,final_eval,0.0,0.0,0.0,999,17,4,10,2025-39,18,4,10,19,4,10,20,4,10,23,4,10,-32.91910000000007,156.83500000000004,242.02369999999996,148.038,32.91910000000007,156.83500000000004,242.02369999999996,148.038
2025-10-03 18:00:00+00:00,long_dry,final_eval,0.0,0.0,0.0,999,18,4,10,2025-39,19,4,10,20,4,10,21,4,10,0,5,10,67.97939999999994,105.81230000000005,587.5806,-23.502099999999928,67.97939999999994,105.81230000000005,587.5806,23.502099999999928
2025-10-03 19:00:00+00:00,long_dry,final_eval,0.0,0.0,0.0,999,19,4,10,2025-39,20,4,10,21,4,10,22,4,10,1,5,10,49.5920000000001,445.80729999999994,388.7929999999999,-75.46460000000002,49.5920000000001,445.80729999999994,388.7929999999999,75.46460000000002
2025-10-03 20:00:00+00:00,long_dry,final_eval,0.0,0.0,0.0,999,20,4,10,2025-39,21,4,10,22,4,10,23,4,10,2,5,10,475.20399999999995,261.6029000000001,-29.29320000000007,28.81389999999999,475.20399999999995,261.6029000000001,29.29320000000007,28.81389999999999
2025-10-03 21:00:00+00:00,long_dry,final_eval,0.0,0.0,0.0,999,21,4,10,2025-39,22,4,10,23,4,10,0,5,10,3,5,10,262.7014999999999,-121.7328,-257.8198,191.91265999999996,262.7014999999999,121.7328,257.8198,191.91265999999996
2025-10-03 22:00:00+00:00,long_dry,final_eval,0.0,0.0,0.0,999,22,4,10,2025-39,23,4,10,0,5,10,1,5,10,4,5,10,86.28019999999992,-141.56950000000006,-114.16980000000001,151.22833000000003,86.28019999999992,141.56950000000006,114.16980000000001,151.22833000000003
2025-10-03 23:00:00+00:00,long_dry,final_eval,0.0,0.0,0.0,999,23,4,10,2025-39,0,5,10,1,5,10,2,5,10,5,5,10,-125.48579999999993,-74.75130000000001,-69.9941,105.09067999999999,125.48579999999993,74.75130000000001,69.9941,105.09067999999999
2025-10-04 00:00:00+00:00,long_dry,final_eval,0.0,0.0,0.0,999,0,5,10,2025-39,1,5,10,2,5,10,3,5,10,6,5,10,4.677400000000034,50.65110000000004,157.73302999999999,100.91820000000001,4.677400000000034,50.65110000000004,157.73302999999999,100.91820000000001
2025-10-04 01:00:00+00:00,long_dry,final_eval,0.0,0.0,0.0,999,1,5,10,2025-39,2,5,10,3,5,10,4,5,10,7,5,10,26.336239999999975,126.15139999999997,73.32873999999998,-24.065659999999994,26.336239999999975,126.15139999999997,73.32873999999998,24.065659999999994
2025-10-04 02:00:00+00:00,long_dry,final_eval,0.0,0.0,0.0,999,2,5,10,2025-39,3,5,10,4,5,10,5,5,10,8,5,10,7.315799999999967,-7.13715000000002,36.86919999999998,-23.016369999999995,7.315799999999967,7.13715000000002,36.86919999999998,23.016369999999995
2025-10-04 03:00:00+00:00,long_dry,final_eval,0.0,0.0,0.0,999,3,5,10,2025-39,4,5,10,5,5,10,6,5,10,9,5,10,-106.08483999999999,0.569849999999974,79.22025,-31.835849999999994,106.08483999999999,0.569849999999974,79.22025,31.835849999999994
2025-10-04 04:00:00+00:00,long_dry,final_eval,0.0,0.0,0.0,999,4,5,10,2025-39,5,5,10,6,5,10,7,5,10,10,5,10,36.26461999999998,47.19179,-42.00417,-50.14026999999999,36.26461999999998,47.19179,42.00417,50.14026999999999
2025-10-04 05:00:00+00:00,long_dry,final_eval,0.0,0.0,0.0,999,5,5,10,2025-39,6,5,10,7,5,10,8,5,10,11,5,10,25.368300000000005,-47.98909999999999,-43.914536,-32.95404000000002,25.368300000000005,47.98909999999999,43.914536,32.95404000000002
2025-10-04 06:00:00+00:00,long_dry,final_eval,0.0,0.0,0.0,999,6,5,10,2025-39,7,5,10,8,5,10,9,5,10,12,5,10,-33.531580000000005,-32.72708,-3.00188,8.379760000000033,33.531580000000005,32.72708,3.00188,8.379760000000033
2025-10-04 07:00:00+00:00,long_dry,final_eval,0.0,0.0,0.0,999,7,5,10,2025-39,8,5,10,9,5,10,10,5,10,13,5,10,-6.56344,7.370760000000004,-23.08528000000001,-19.61130000000003,6.56344,7.370760000000004,23.08528000000001,19.61130000000003
2025-10-04 08:00:00+00:00,long_dry,final_eval,0.0,0.0,0.0,999,8,5,10,2025-39,9,5,10,10,5,10,11,5,10,14,5,10,-3.3794500000000056,-36.609970000000004,-118.1372,192.1323,3.3794500000000056,36.609970000000004,118.1372,192.1323
2025-10-04 09:00:00+00:00,long_dry,final_eval,0.0,0.0,0.0,999,9,5,10,2025-39,10,5,10,11,5,10,12,5,10,15,5,10,-54.82361,-127.20800000000003,-244.45719999999994,299.2268999999999,54.82361,127.20800000000003,244.45719999999994,299.2268999999999
2025-10-04 10:00:00+00:00,long_dry,final_eval,0.0,0.0,0.0,999,10,5,10,2025-39,11,5,10,12,5,10,13,5,10,16,5,10,-136.45242000000002,-244.58889999999997,80.3717999999999,486.2349999999999,136.45242000000002,244.58889999999997,80.3717999999999,486.2349999999999
2025-10-04 11:00:00+00:00,long_dry,final_eval,0.0,0.0,0.0,999,11,5,10,2025-39,12,5,10,13,5,10,14,5,10,17,5,10,-257.6784,70.08899999999994,274.7587000000001,509.2412999999999,257.6784,70.08899999999994,274.7587000000001,509.2412999999999
2025-10-04 12:00:00+00:00,long_dry,final_eval,0.0,0.0,0.0,999,12,5,10,2025-39,13,5,10,14,5,10,15,5,10,18,5,10,161.14606000000003,296.0784000000001,435.37789999999995,483.7340999999999,161.14606000000003,296.0784000000001,435.37789999999995,483.7340999999999
2025-10-04 13:00:00+00:00,long_dry,final_eval,0.0,0.0,0.0,999,13,5,10,2025-39,14,5,10,15,5,10,16,5,10,19,5,10,141.82899999999995,293.4209000000001,470.212,442.37840000000006,141.82899999999995,293.4209000000001,470.212,442.37840000000006
2025-10-04 14:00:00+00:00,long_dry,final_eval,0.0,0.0,0.0,999,14,5,10,2025-39,15,5,10,16,5,10,17,5,10,20,5,10,119.4991,304.6704,417.99160000000006,465.9501,119.4991,304.6704,417.99160000000006,465.9501
2025-10-04 15:00:00+00:00,long_dry,final_eval,0.0,0.0,0.0,999,15,5,10,2025-39,16,5,10,17,5,10,18,5,10,21,5,10,269.8701000000001,336.71720000000005,365.0890999999999,511.5537999999999,269.8701000000001,336.71720000000005,365.0890999999999,511.5537999999999
2025-10-04 16:00:00+00:00,long_dry,final_eval,0.0,0.0,0.0,999,16,5,10,2025-39,17,5,10,18,5,10,19,5,10,22,5,10,370.8007,334.9341999999999,297.5181,179.54629999999997,370.8007,334.9341999999999,297.5181,179.54629999999997
2025-10-04 17:00:00+00:00,long_dry,final_eval,0.0,0.0,0.0,999,17,5,10,2025-39,18,5,10,19,5,10,20,5,10,23,5,10,369.41110000000003,219.02150000000006,285.9115999999999,13.147699999999986,369.41110000000003,219.02150000000006,285.9115999999999,13.147699999999986
2025-10-04 18:00:00+00:00,long_dry,final_eval,0.0,0.0,0.0,999,18,5,10,2025-39,19,5,10,20,5,10,21,5,10,0,6,10,232.73170000000005,234.03269999999998,309.42589999999996,-55.34860000000003,232.73170000000005,234.03269999999998,309.42589999999996,55.34860000000003
2025-10-04 19:00:00+00:00,long_dry,final_eval,0.0,0.0,0.0,999,19,5,10,2025-39,20,5,10,21,5,10,22,5,10,1,6,10,380.7454,437.6539,205.04999999999995,-200.28150000000005,380.7454,437.6539,205.04999999999995,200.28150000000005
2025-10-04 20:00:00+00:00,long_dry,final_eval,0.0,0.0,0.0,999,20,5,10,2025-39,21,5,10,22,5,10,23,5,10,2,6,10,422.9058,139.5996,-83.97800000000007,23.700900000000047,422.9058,139.5996,83.97800000000007,23.700900000000047
2025-10-04 21:00:00+00:00,long_dry,final_eval,0.0,0.0,0.0,999,21,5,10,2025-39,22,5,10,23,5,10,0,6,10,3,6,10,104.31709999999998,-114.30040000000008,-275.7101,162.33245999999997,104.31709999999998,114.30040000000008,275.7101,162.33245999999997
2025-10-04 22:00:00+00:00,long_dry,final_eval,0.0,0.0,0.0,999,22,5,10,2025-39,23,5,10,0,6,10,1,6,10,4,6,10,60.30459999999994,-34.91129999999998,-141.30169999999998,258.81247,60.30459999999994,34.91129999999998,141.30169999999998,258.81247
2025-10-04 23:00:00+00:00,long_dry,final_eval,0.0,0.0,0.0,999,23,5,10,2025-39,0,6,10,1,6,10,2,6,10,5,6,10,-104.1703,-157.50446,21.425960000000032,131.37245,104.1703,157.50446,21.425960000000032,131.37245
2025-10-05 00:00:00+00:00,long_dry,final_eval,0.0,0.0,0.0,999,0,6,10,2025-40,1,6,10,2,6,10,3,6,10,6,6,10,-80.8854,144.58180000000004,190.63969999999995,113.66304,80.8854,144.58180000000004,190.63969999999995,113.66304
2025-10-05 01:00:00+00:00,long_dry,final_eval,0.0,0.0,0.0,999,1,6,10,2025-40,2,6,10,3,6,10,4,6,10,7,6,10,133.66765999999996,171.08410000000003,201.42047000000002,-11.498800000000003,133.66765999999996,171.08410000000003,201.42047000000002,11.498800000000003
2025-10-05 02:00:00+00:00,long_dry,final_eval,0.0,0.0,0.0,999,2,6,10,2025-40,3,6,10,4,6,10,5,6,10,8,6,10,24.701900000000023,68.81195000000002,25.24691999999999,1.7075399999999945,24.701900000000023,68.81195000000002,25.24691999999999,1.7075399999999945
2025-10-05 03:00:00+00:00,long_dry,final_eval,0.0,0.0,0.0,999,3,6,10,2025-40,4,6,10,5,6,10,6,6,10,9,6,10,21.581999999999994,33.84482000000003,106.46825000000001,-42.858444000000006,21.581999999999994,33.84482000000003,106.46825000000001,42.858444000000006
2025-10-05 04:00:00+00:00,long_dry,final_eval,0.0,0.0,0.0,999,4,6,10,2025-40,5,6,10,6,6,10,7,6,10,10,6,10,38.19736,50.52405999999999,-32.53060000000001,-62.11023,38.19736,50.52405999999999,32.53060000000001,62.11023
2025-10-05 05:00:00+00:00,long_dry,final_eval,0.0,0.0,0.0,999,5,6,10,2025-40,6,6,10,7,6,10,8,6,10,11,6,10,50.59979999999999,-36.356449999999995,-18.54625,-60.47437000000002,50.59979999999999,36.356449999999995,18.54625,60.47437000000002
2025-10-05 06:00:00+00:00,long_dry,final_eval,0.0,0.0,0.0,999,6,6,10,2025-40,7,6,10,8,6,10,9,6,10,12,6,10,-22.715580000000003,-7.461174,-22.365380000000002,26.531679999999994,22.715580000000003,7.461174,22.365380000000002,26.531679999999994
2025-10-05 07:00:00+00:00,long_dry,final_eval,0.0,0.0,0.0,999,7,6,10,2025-40,8,6,10,9,6,10,10,6,10,13,6,10,20.759155,-11.94726,-46.12141,-117.68589999999995,20.759155,11.94726,46.12141,117.68589999999995
2025-10-05 08:00:00+00:00,long_dry,final_eval,0.0,0.0,0.0,999,8,6,10,2025-40,9,6,10,10,6,10,11,6,10,14,6,10,-26.14072,-62.221000000000004,-163.36862000000002,187.30880000000002,26.14072,62.221000000000004,163.36862000000002,187.30880000000002
2025-10-05 09:00:00+00:00,long_dry,final_eval,0.0,0.0,0.0,999,9,6,10,2025-40,10,6,10,11,6,10,12,6,10,15,6,10,-4.768079999999998,-63.730219999999974,-163.75757,344.2297000000001,4.768079999999998,63.730219999999974,163.75757,344.2297000000001
2025-10-05 10:00:00+00:00,long_dry,final_eval,0.0,0.0,0.0,999,10,6,10,2025-40,11,6,10,12,6,10,13,6,10,16,6,10,-42.15190000000001,-90.50040000000001,82.29190000000006,693.0139999999999,42.15190000000001,90.50040000000001,82.29190000000006,693.0139999999999
2025-10-05 11:00:00+00:00,long_dry,final_eval,0.0,0.0,0.0,999,11,6,10,2025-40,12,6,10,13,6,10,14,6,10,17,6,10,-169.5,15.917400000000043,286.5165999999999,246.7573,169.5,15.917400000000043,286.5165999999999,246.7573
2025-10-05 12:00:00+00:00,long_dry,final_eval,0.0,0.0,0.0,999,12,6,10,2025-40,13,6,10,14,6,10,15,6,10,18,6,10,37.62950000000001,293.53780000000006,503.26250000000005,174.33249999999998,37.62950000000001,293.53780000000006,503.26250000000005,174.33249999999998
2025-10-05 13:00:00+00:00,long_dry,final_eval,0.0,0.0,0.0,999,13,6,10,2025-40,14,6,10,15,6,10,16,6,10,19,6,10,143.01839999999993,342.7097000000001,637.8175000000001,410.5789,143.01839999999993,342.7097000000001,637.8175000000001,410.5789
2025-10-05 14:00:00+00:00,long_dry,final_eval,0.0,0.0,0.0,999,14,6,10,2025-40,15,6,10,16,6,10,17,6,10,20,6,10,179.14589999999998,467.6428000000001,99.29680000000008,290.0730000000001,179.14589999999998,467.6428000000001,99.29680000000008,290.0730000000001
2025-10-05 15:00:00+00:00,long_dry,final_eval,0.0,0.0,0.0,999,15,6,10,2025-40,16,6,10,17,6,10,18,6,10,21,6,10,473.1376,80.08140000000003,39.6721,98.57819999999992,473.1376,80.08140000000003,39.6721,98.57819999999992
2025-10-05 16:00:00+00:00,long_dry,final_eval,0.0,0.0,0.0,999,16,6,10,2025-40,17,6,10,18,6,10,19,6,10,22,6,10,122.05819999999994,22.646600000000035,321.2695000000001,20.433500000000095,122.05819999999994,22.646600000000035,321.2695000000001,20.433500000000095
2025-10-05 17:00:00+00:00,long_dry,final_eval,0.0,0.0,0.0,999,17,6,10,2025-40,18,6,10,19,6,10,20,6,10,23,6,10,269.8007,523.9476,363.5377000000001,-110.67239999999993,269.8007,523.9476,363.5377000000001,110.67239999999993
2025-10-05 18:00:00+00:00,long_dry,final_eval,0.0,0.0,0.0,999,18,6,10,2025-40,19,6,10,20,6,10,21,6,10,0,0,10,525.6193000000001,378.99479999999994,222.1382000000001,-170.86760000000004,525.6193000000001,378.99479999999994,222.1382000000001,170.86760000000004
2025-10-05 19:00:00+00:00,long_dry,final_eval,0.0,0.0,0.0,999,19,6,10,2025-40,20,6,10,21,6,10,22,6,10,1,0,10,246.15820000000008,-19.279999999999973,-16.439200000000028,-469.83344,246.15820000000008,19.279999999999973,16.439200000000028,469.83344
2025-10-05 20:00:00+00:00,long_dry,final_eval,0.0,0.0,0.0,999,20,6,10,2025-40,21,6,10,22,6,10,23,6,10,2,0,10,37.04160000000002,67.53330000000005,-234.56539999999995,-198.01549999999997,37.04160000000002,67.53330000000005,234.56539999999995,198.01549999999997
2025-10-05 21:00:00+00:00,long_dry,final_eval,0.0,0.0,0.0,999,21,6,10,2025-40,22,6,10,23,6,10,0,0,10,3,0,10,71.27970000000005,-218.35390000000007,-428.0772999999999,-88.74984999999998,71.27970000000005,218.35390000000007,428.0772999999999,88.74984999999998
2025-10-05 22:00:00+00:00,long_dry,final_eval,0.0,0.0,0.0,999,22,6,10,2025-40,23,6,10,0,0,10,1,0,10,4,0,10,-186.2738999999999,-299.72375,-259.88324,7.004850000000005,186.2738999999999,299.72375,259.88324,7.004850000000005
2025-10-05 23:00:00+00:00,long_dry,final_eval,0.0,0.0,0.0,999,23,6,10,2025-40,0,0,10,1,0,10,2,0,10,5,0,10,-315.56639999999993,-266.15607,-154.95794999999998,-58.817220000000006,315.56639999999993,266.15607,154.95794999999998,58.817220000000006
2025-10-06 00:00:00+00:00,long_dry,final_eval,0.0,0.0,0.0,999,0,0,10,2025-40,1,0,10,2,0,10,3,0,10,6,0,10,-131.85029999999995,-14.286440000000027,121.92043999999999,-23.660400000000003,131.85029999999995,14.286440000000027,121.92043999999999,23.660400000000003
2025-10-06 01:00:00+00:00,long_dry,final_eval,0.0,0.0,0.0,999,1,0,10,2025-40,2,0,10,3,0,10,4,0,10,7,0,10,42.224879999999985,115.97955000000002,58.53456,-9.745483,42.224879999999985,115.97955000000002,58.53456,9.745483
2025-10-06 02:00:00+00:00,long_dry,final_eval,0.0,0.0,0.0,999,2,0,10,2025-40,3,0,10,4,0,10,5,0,10,8,0,10,97.59473000000003,69.65442999999999,-25.410830000000004,16.089924000000003,97.59473000000003,69.65442999999999,25.410830000000004,16.089924000000003
2025-10-06 03:00:00+00:00,long_dry,final_eval,0.0,0.0,0.0,999,3,0,10,2025-40,4,0,10,5,0,10,6,0,10,9,0,10,24.62894,-33.542519999999996,-24.897239999999996,11.006229999999988,24.62894,33.542519999999996,24.897239999999996,11.006229999999988
2025-10-06 04:00:00+00:00,long_dry,final_eval,0.0,0.0,0.0,999,4,0,10,2025-40,5,0,10,6,0,10,7,0,10,10,0,10,-49.26787,-16.350810000000003,-7.502907,178.38669,49.26787,16.350810000000003,7.502907,178.38669
2025-10-06 05:00:00+00:00,long_dry,final_eval,0.0,0.0,0.0,999,5,0,10,2025-40,6,0,10,7,0,10,8,0,10,11,0,10,-5.131079999999997,-2.542593,23.127678000000003,165.31066999999996,5.131079999999997,2.542593,23.127678000000003,165.31066999999996
2025-10-06 06:00:00+00:00,long_dry,final_eval,0.0,0.0,0.0,999,6,0,10,2025-40,7,0,10,8,0,10,9,0,10,12,0,10,-2.974571000000001,12.881172,23.042969999999997,365.81809999999996,2.974571000000001,12.881172,23.042969999999997,365.81809999999996
2025-10-06 07:00:00+00:00,long_dry,final_eval,0.0,0.0,0.0,999,7,0,10,2025-40,8,0,10,9,0,10,10,0,10,13,0,10,16.886494,40.116569999999996,123.49430000000001,-111.39589999999998,16.886494,40.116569999999996,123.49430000000001,111.39589999999998
2025-10-06 08:00:00+00:00,long_dry,final_eval,0.0,0.0,0.0,999,8,0,10,2025-40,9,0,10,10,0,10,11,0,10,14,0,10,10.177609999999987,69.33017000000001,67.74860000000001,-66.08889999999997,10.177609999999987,69.33017000000001,67.74860000000001,66.08889999999997
2025-10-06 09:00:00+00:00,long_dry,final_eval,0.0,0.0,0.0,999,9,0,10,2025-40,10,0,10,11,0,10,12,0,10,15,0,10,-53.46658000000002,34.117399999999975,449.0073,-224.65369999999996,53.46658000000002,34.117399999999975,449.0073,224.65369999999996
2025-10-06 10:00:00+00:00,long_dry,final_eval,0.0,0.0,0.0,999,10,0,10,2025-40,11,0,10,12,0,10,13,0,10,16,0,10,-2.3130499999999756,459.6857,-154.04770000000008,-80.12560000000008,2.3130499999999756,459.6857,154.04770000000008,80.12560000000008
2025-10-06 11:00:00+00:00,long_dry,final_eval,0.0,0.0,0.0,999,11,0,10,2025-40,12,0,10,13,0,10,14,0,10,17,0,10,414.69450000000006,-134.76510000000007,-248.07543999999996,-113.11599999999999,414.69450000000006,134.76510000000007,248.07543999999996,113.11599999999999
2025-10-06 12:00:00+00:00,long_dry,final_eval,0.0,0.0,0.0,999,12,0,10,2025-40,13,0,10,14,0,10,15,0,10,18,0,10,-194.93039999999996,-172.39233000000002,-34.89859999999999,-97.20119999999997,194.93039999999996,172.39233000000002,34.89859999999999,97.20119999999997
2025-10-06 13:00:00+00:00,long_dry,final_eval,0.0,0.0,0.0,999,13,0,10,2025-40,14,0,10,15,0,10,16,0,10,19,0,10,-207.51229999999998,-134.16499999999996,-64.66340000000002,-11.085700000000088,207.51229999999998,134.16499999999996,64.66340000000002,11.085700000000088
2025-10-06 14:00:00+00:00,long_dry,final_eval,0.0,0.0,0.0,999,14,0,10,2025-40,15,0,10,16,0,10,17,0,10,20,0,10,20.730350000000044,101.62603999999999,-96.10069999999996,-1.8649000000000342,20.730350000000044,101.62603999999999,96.10069999999996,1.8649000000000342
2025-10-06 15:00:00+00:00,long_dry,final_eval,0.0,0.0,0.0,999,15,0,10,2025-40,16,0,10,17,0,10,18,0,10,21,0,10,77.25429999999994,-66.60670000000005,-275.2671,522.1433,77.25429999999994,66.60670000000005,275.2671,522.1433
2025-10-06 16:00:00+00:00,long_dry,final_eval,0.0,0.0,0.0,999,16,0,10,2025-40,17,0,10,18,0,10,19,0,10,22,0,10,-87.87885000000006,-241.16319999999996,-30.076499999999896,527.0165,87.87885000000006,241.16319999999996,30.076499999999896,527.0165
2025-10-06 17:00:00+00:00,long_dry,final_eval,0.0,0.0,0.0,999,17,0,10,2025-40,18,0,10,19,0,10,20,0,10,23,0,10,-118.72546,19.512699999999995,193.12560000000008,134.71350000000007,118.72546,19.512699999999995,193.12560000000008,134.71350000000007
2025-10-06 18:00:00+00:00,long_dry,final_eval,0.0,0.0,0.0,999,18,0,10,2025-40,19,0,10,20,0,10,21,0,10,0,1,10,147.63010000000008,321.68370000000004,844.0630000000001,-5.3752399999999625,147.63010000000008,321.68370000000004,844.0630000000001,5.3752399999999625
2025-10-06 19:00:00+00:00,long_dry,final_eval,0.0,0.0,0.0,999,19,0,10,2025-40,20,0,10,21,0,10,22,0,10,1,1,10,1.4319000000000415,508.13930000000005,552.0895,-61.509000000000015,1.4319000000000415,508.13930000000005,552.0895,61.509000000000015
2025-10-06 20:00:00+00:00,long_dry,final_eval,0.0,0.0,0.0,999,20,0,10,2025-40,21,0,10,22,0,10,23,0,10,2,1,10,563.828,411.83310000000006,3.717300000000023,-37.34173999999996,563.828,411.83310000000006,3.717300000000023,37.34173999999996
2025-10-06 21:00:00+00:00,long_dry,final_eval,0.0,0.0,0.0,999,21,0,10,2025-40,22,0,10,23,0,10,0,1,10,3,1,10,447.95910000000003,-26.558500000000095,-206.10500000000002,-136.59882,447.95910000000003,26.558500000000095,206.10500000000002,136.59882
2025-10-06 22:00:00+00:00,long_dry,final_eval,0.0,0.0,0.0,999,22,0,10,2025-40,23,0,10,0,1,10,1,1,10,4,1,10,113.04700000000003,-158.88560000000007,-82.29660000000001,-51.58063999999999,113.04700000000003,158.88560000000007,82.29660000000001,51.58063999999999
2025-10-06 23:00:00+00:00,long_dry,final_eval,0.0,0.0,0.0,999,23,0,10,2025-40,0,1,10,1,1,10,2,1,10,5,1,10,-141.73620000000005,-65.92255,-46.91669999999999,-38.412229999999994,141.73620000000005,65.92255,46.91669999999999,38.412229999999994
2025-10-07 00:00:00+00:00,long_dry,final_eval,0.0,0.0,0.0,999,0,1,10,2025-40,1,1,10,2,1,10,3,1,10,6,1,10,-1.7336400000000367,27.319500000000005,-37.453599999999994,-24.195133,1.7336400000000367,27.319500000000005,37.453599999999994,24.195133
2025-10-07 01:00:00+00:00,long_dry,final_eval,0.0,0.0,0.0,999,1,1,10,2025-40,2,1,10,3,1,10,4,1,10,7,1,10,-61.22090000000003,-92.33246000000003,-38.608779999999996,-21.995926,61.22090000000003,92.33246000000003,38.608779999999996,21.995926
2025-10-07 02:00:00+00:00,long_dry,final_eval,0.0,0.0,0.0,999,2,1,10,2025-40,3,1,10,4,1,10,5,1,10,8,1,10,-74.21417000000002,-32.47991999999999,-21.783553999999995,-2.4675829999999976,74.21417000000002,32.47991999999999,21.783553999999995,2.4675829999999976
2025-10-07 03:00:00+00:00,long_dry,final_eval,0.0,0.0,0.0,999,3,1,10,2025-40,4,1,10,5,1,10,6,1,10,9,1,10,-4.400565999999998,1.032111999999998,-12.600464000000002,24.845339999999993,4.400565999999998,1.032111999999998,12.600464000000002,24.845339999999993
2025-10-07 04:00:00+00:00,long_dry,final_eval,0.0,0.0,0.0,999,4,1,10,2025-40,5,1,10,6,1,10,7,1,10,10,1,10,1.1655960000000007,-10.8596,-20.010748,62.22424000000001,1.1655960000000007,10.8596,20.010748,62.22424000000001
2025-10-07 05:00:00+00:00,long_dry,final_eval,0.0,0.0,0.0,999,5,1,10,2025-40,6,1,10,7,1,10,8,1,10,11,1,10,-10.977837000000001,-18.800901,4.573369999999997,384.30269999999996,10.977837000000001,18.800901,4.573369999999997,384.30269999999996
2025-10-07 06:00:00+00:00,long_dry,final_eval,0.0,0.0,0.0,999,6,1,10,2025-40,7,1,10,8,1,10,9,1,10,12,1,10,-18.613918,-4.429259999999999,47.04971999999999,812.6837,18.613918,4.429259999999999,47.04971999999999,812.6837
2025-10-07 07:00:00+00:00,long_dry,final_eval,0.0,0.0,0.0,999,7,1,10,2025-40,8,1,10,9,1,10,10,1,10,13,1,10,0.07132299999999958,54.98715,151.41789999999997,149.21783000000005,0.07132299999999958,54.98715,151.41789999999997,149.21783000000005
2025-10-07 08:00:00+00:00,long_dry,final_eval,0.0,0.0,0.0,999,8,1,10,2025-40,9,1,10,10,1,10,11,1,10,14,1,10,31.227480000000014,112.64954,285.89070000000004,-57.99509999999998,31.227480000000014,112.64954,285.89070000000004,57.99509999999998
2025-10-07 09:00:00+00:00,long_dry,final_eval,0.0,0.0,0.0,999,9,1,10,2025-40,10,1,10,11,1,10,12,1,10,15,1,10,-52.84929999999997,171.31165,831.7738999999999,-227.462,52.84929999999997,171.31165,831.7738999999999,227.462
2025-10-07 10:00:00+00:00,long_dry,final_eval,0.0,0.0,0.0,999,10,1,10,2025-40,11,1,10,12,1,10,13,1,10,16,1,10,169.90716999999995,828.6795999999999,17.49479999999994,-80.28719999999998,169.90716999999995,828.6795999999999,17.49479999999994,80.28719999999998
2025-10-07 11:00:00+00:00,long_dry,final_eval,0.0,0.0,0.0,999,11,1,10,2025-40,12,1,10,13,1,10,14,1,10,17,1,10,790.7284999999999,101.95630000000006,-203.91269999999997,-17.338899999999967,790.7284999999999,101.95630000000006,203.91269999999997,17.338899999999967
2025-10-07 12:00:00+00:00,long_dry,final_eval,0.0,0.0,0.0,999,12,1,10,2025-40,13,1,10,14,1,10,15,1,10,18,1,10,36.85130000000004,-154.1703,-64.51135,27.783300000000054,36.85130000000004,154.1703,64.51135,27.783300000000054
2025-10-07 13:00:00+00:00,long_dry,final_eval,0.0,0.0,0.0,999,13,1,10,2025-40,14,1,10,15,1,10,16,1,10,19,1,10,-151.22199999999998,-101.81230000000005,2.4367999999999483,290.6935000000001,151.22199999999998,101.81230000000005,2.4367999999999483,290.6935000000001
2025-10-07 14:00:00+00:00,long_dry,final_eval,0.0,0.0,0.0,999,14,1,10,2025-40,15,1,10,16,1,10,17,1,10,20,1,10,1.1285400000000436,123.72090000000003,2.3592499999999745,194.00369999999998,1.1285400000000436,123.72090000000003,2.3592499999999745,194.00369999999998
2025-10-07 15:00:00+00:00,long_dry,final_eval,0.0,0.0,0.0,999,15,1,10,2025-40,16,1,10,17,1,10,18,1,10,21,1,10,117.30340000000001,32.97437000000002,-106.73839999999996,992.4448,117.30340000000001,32.97437000000002,106.73839999999996,992.4448
2025-10-07 16:00:00+00:00,long_dry,final_eval,0.0,0.0,0.0,999,16,1,10,2025-40,17,1,10,18,1,10,19,1,10,22,1,10,42.164800000000014,3.2939499999999953,285.5847000000001,425.7831000000001,42.164800000000014,3.2939499999999953,285.5847000000001,425.7831000000001
2025-10-07 17:00:00+00:00,long_dry,final_eval,0.0,0.0,0.0,999,17,1,10,2025-40,18,1,10,19,1,10,20,1,10,23,1,10,-175.11329999999998,32.29220000000009,167.98669999999993,152.31099999999992,175.11329999999998,32.29220000000009,167.98669999999993,152.31099999999992
2025-10-07 18:00:00+00:00,long_dry,final_eval,0.0,0.0,0.0,999,18,1,10,2025-40,19,1,10,20,1,10,21,1,10,0,2,10,53.47280000000001,129.0902000000001,982.0491999999999,11.289499999999975,53.47280000000001,129.0902000000001,982.0491999999999,11.289499999999975
2025-10-07 19:00:00+00:00,long_dry,final_eval,0.0,0.0,0.0,999,19,1,10,2025-40,20,1,10,21,1,10,22,1,10,1,2,10,-65.34799999999996,786.5759,544.2798,-0.4674999999999727,65.34799999999996,786.5759,544.2798,0.4674999999999727
2025-10-07 20:00:00+00:00,long_dry,final_eval,0.0,0.0,0.0,999,20,1,10,2025-40,21,1,10,22,1,10,23,1,10,2,2,10,812.6862000000001,358.80860000000007,6.466300000000047,-34.494929999999954,812.6862000000001,358.80860000000007,6.466300000000047,34.494929999999954
2025-10-07 21:00:00+00:00,long_dry,final_eval,0.0,0.0,0.0,999,21,1,10,2025-40,22,1,10,23,1,10,0,2,10,3,2,10,342.88210000000004,-113.981,-188.71720000000005,-76.23610000000002,342.88210000000004,113.981,188.71720000000005,76.23610000000002
2025-10-07 22:00:00+00:00,long_dry,final_eval,0.0,0.0,0.0,999,22,1,10,2025-40,23,1,10,0,2,10,1,2,10,4,2,10,107.96949999999993,-102.60860000000002,-23.470640000000003,-37.80611999999999,107.96949999999993,102.60860000000002,23.470640000000003,37.80611999999999
2025-10-07 23:00:00+00:00,long_dry,final_eval,0.0,0.0,0.0,999,23,1,10,2025-40,0,2,10,1,2,10,2,2,10,5,2,10,-80.48610000000008,-9.290949999999953,-52.56793000000005,-44.32754,80.48610000000008,9.290949999999953,52.56793000000005,44.32754
2025-10-09 16:00:00+00:00,long_dry,final_eval,0.0,0.0,0.0,999,16,3,10,2025-40,17,3,10,18,3,10,19,3,10,22,3,10,60.38300000000004,73.72266000000002,251.36670000000004,318.13239999999996,60.38300000000004,73.72266000000002,251.36670000000004,318.13239999999996
2025-10-09 17:00:00+00:00,long_dry,final_eval,0.0,0.0,0.0,999,17,3,10,2025-40,18,3,10,19,3,10,20,3,10,23,3,10,-101.12699999999995,-12.032300000000077,-17.948499999999967,35.099699999999984,101.12699999999995,12.032300000000077,17.948499999999967,35.099699999999984
2025-10-09 18:00:00+00:00,long_dry,final_eval,0.0,0.0,0.0,999,18,3,10,2025-40,19,3,10,20,3,10,21,3,10,0,4,10,-24.241199999999935,-76.98430000000008,581.2773,-41.97790000000009,24.241199999999935,76.98430000000008,581.2773,41.97790000000009
2025-10-09 19:00:00+00:00,long_dry,final_eval,0.0,0.0,0.0,999,19,3,10,2025-40,20,3,10,21,3,10,22,3,10,1,4,10,-173.37220000000002,459.2137,324.62760000000003,-88.00139999999999,173.37220000000002,459.2137,324.62760000000003,88.00139999999999
2025-10-09 20:00:00+00:00,long_dry,final_eval,0.0,0.0,0.0,999,20,3,10,2025-40,21,3,10,22,3,10,23,3,10,2,4,10,547.5373999999999,197.75340000000006,-95.6735000000001,12.178469999999948,547.5373999999999,197.75340000000006,95.6735000000001,12.178469999999948
2025-10-09 21:00:00+00:00,long_dry,final_eval,0.0,0.0,0.0,999,21,3,10,2025-40,22,3,10,23,3,10,0,4,10,3,4,10,238.45749999999998,-163.97900000000004,-167.41660000000002,89.21132999999998,238.45749999999998,163.97900000000004,167.41660000000002,89.21132999999998
2025-10-09 22:00:00+00:00,long_dry,final_eval,0.0,0.0,0.0,999,22,3,10,2025-40,23,3,10,0,4,10,1,4,10,4,4,10,37.47510000000011,-99.51389999999992,-103.50072999999998,-29.974379999999996,37.47510000000011,99.51389999999992,103.50072999999998,29.974379999999996
2025-10-09 23:00:00+00:00,long_dry,final_eval,0.0,0.0,0.0,999,23,3,10,2025-40,0,4,10,1,4,10,2,4,10,5,4,10,-40.06739999999991,-55.05409999999995,-3.3379999999999654,-26.930769999999995,40.06739999999991,55.05409999999995,3.3379999999999654,26.930769999999995
2025-10-10 00:00:00+00:00,long_dry,final_eval,0.0,0.0,0.0,999,0,4,10,2025-40,1,4,10,2,4,10,3,4,10,6,4,10,-9.971250000000055,63.23159999999996,161.30908,-14.065969999999993,9.971250000000055,63.23159999999996,161.30908,14.065969999999993
2025-10-10 01:00:00+00:00,long_dry,final_eval,0.0,0.0,0.0,999,1,4,10,2025-40,2,4,10,3,4,10,4,4,10,7,4,10,4.969100000000026,114.67905000000002,-2.624159999999989,-23.703167,4.969100000000026,114.67905000000002,2.624159999999989,23.703167
2025-10-10 02:00:00+00:00,long_dry,final_eval,0.0,0.0,0.0,999,2,4,10,2025-40,3,4,10,4,4,10,5,4,10,8,4,10,48.00970000000001,-19.46239,3.1279499999999985,0.7806799999999967,48.00970000000001,19.46239,3.1279499999999985,0.7806799999999967
2025-10-10 03:00:00+00:00,long_dry,final_eval,0.0,0.0,0.0,999,3,4,10,2025-40,4,4,10,5,4,10,6,4,10,9,4,10,-50.272160000000014,-9.769940000000005,-18.934479999999994,6.556639999999987,50.272160000000014,9.769940000000005,18.934479999999994,6.556639999999987
2025-10-10 04:00:00+00:00,long_dry,final_eval,0.0,0.0,0.0,999,4,4,10,2025-40,5,4,10,6,4,10,7,4,10,10,4,10,15.87464,6.766936999999999,-10.180236999999998,82.07632000000001,15.87464,6.766936999999999,10.180236999999998,82.07632000000001
2025-10-10 05:00:00+00:00,long_dry,final_eval,0.0,0.0,0.0,999,5,4,10,2025-40,6,4,10,7,4,10,8,4,10,11,4,10,3.2660979999999995,-13.558014,8.199505000000002,-14.833740000000034,3.2660979999999995,13.558014,8.199505000000002,14.833740000000034
2025-10-10 06:00:00+00:00,long_dry,final_eval,0.0,0.0,0.0,999,6,4,10,2025-40,7,4,10,8,4,10,9,4,10,12,4,10,-9.828102000000001,5.0711999999999975,36.221176,-40.2648999999999,9.828102000000001,5.0711999999999975,36.221176,40.2648999999999
2025-10-10 07:00:00+00:00,long_dry,final_eval,0.0,0.0,0.0,999,7,4,10,2025-40,8,4,10,9,4,10,10,4,10,13,4,10,6.740257,40.55054,68.94815,-61.08030000000008,6.740257,40.55054,68.94815,61.08030000000008
2025-10-10 08:00:00+00:00,long_dry,final_eval,0.0,0.0,0.0,999,8,4,10,2025-40,9,4,10,10,4,10,11,4,10,14,4,10,19.069450000000003,41.97989999999999,-101.94659999999999,-25.440200000000004,19.069450000000003,41.97989999999999,101.94659999999999,25.440200000000004
2025-10-10 09:00:00+00:00,long_dry,final_eval,0.0,0.0,0.0,999,9,4,10,2025-40,10,4,10,11,4,10,12,4,10,15,4,10,-40.92673000000002,-116.57153000000005,2.4797000000000935,-151.28189999999995,40.92673000000002,116.57153000000005,2.4797000000000935,151.28189999999995
2025-10-10 10:00:00+00:00,long_dry,final_eval,0.0,0.0,0.0,999,10,4,10,2025-40,11,4,10,12,4,10,13,4,10,16,4,10,-113.88085999999998,57.47790000000009,-86.57510000000002,-40.86719999999991,113.88085999999998,57.47790000000009,86.57510000000002,40.86719999999991
2025-10-10 11:00:00+00:00,long_dry,final_eval,0.0,0.0,0.0,999,11,4,10,2025-40,12,4,10,13,4,10,14,4,10,17,4,10,88.09850000000006,-134.4767999999999,-309.2005999999999,-90.37619999999993,88.09850000000006,134.4767999999999,309.2005999999999,90.37619999999993
2025-10-10 12:00:00+00:00,long_dry,final_eval,0.0,0.0,0.0,999,12,4,10,2025-40,13,4,10,14,4,10,15,4,10,18,4,10,-139.23219999999992,-219.94830000000002,-146.31169999999997,27.41529999999989,139.23219999999992,219.94830000000002,146.31169999999997,27.41529999999989
2025-10-10 13:00:00+00:00,long_dry,final_eval,0.0,0.0,0.0,999,13,4,10,2025-40,14,4,10,15,4,10,16,4,10,19,4,10,-65.25260000000003,-34.962999999999965,146.1078,306.9200000000001,65.25260000000003,34.962999999999965,146.1078,306.9200000000001
2025-10-10 14:00:00+00:00,long_dry,final_eval,0.0,0.0,0.0,999,14,4,10,2025-40,15,4,10,16,4,10,17,4,10,20,4,10,-66.44050000000004,112.05370000000005,-18.03449999999998,162.34879999999998,66.44050000000004,112.05370000000005,18.03449999999998,162.34879999999998
2025-10-10 15:00:00+00:00,long_dry,final_eval,0.0,0.0,0.0,999,15,4,10,2025-40,16,4,10,17,4,10,18,4,10,21,4,10,241.61554,168.87490000000003,82.5435,290.2872,241.61554,168.87490000000003,82.5435,290.2872
2025-10-10 16:00:00+00:00,long_dry,final_eval,0.0,0.0,0.0,999,16,4,10,2025-40,17,4,10,18,4,10,19,4,10,22,4,10,-13.441499999999905,-37.42800000000011,113.20139999999992,66.61059999999998,13.441499999999905,37.42800000000011,113.20139999999992,66.61059999999998
2025-10-10 17:00:00+00:00,long_dry,final_eval,0.0,0.0,0.0,999,17,4,10,2025-40,18,4,10,19,4,10,20,4,10,23,4,10,-13.034799999999905,79.29899999999998,59.8895,-101.54029999999989,13.034799999999905,79.29899999999998,59.8895,101.54029999999989
2025-10-10 18:00:00+00:00,long_dry,final_eval,0.0,0.0,0.0,999,18,4,10,2025-40,19,4,10,20,4,10,21,4,10,0,5,10,-13.72160000000008,-61.109500000000025,297.15470000000005,-122.50060000000008,13.72160000000008,61.109500000000025,297.15470000000005,122.50060000000008
2025-10-10 19:00:00+00:00,long_dry,final_eval,0.0,0.0,0.0,999,19,4,10,2025-40,20,4,10,21,4,10,22,4,10,1,5,10,-144.99209999999994,161.1436000000001,9.350599999999986,-162.03174,144.99209999999994,161.1436000000001,9.350599999999986,162.03174
2025-10-10 20:00:00+00:00,long_dry,final_eval,0.0,0.0,0.0,999,20,4,10,2025-40,21,4,10,22,4,10,23,4,10,2,5,10,293.5842,-46.91350000000011,-283.3868,-49.721900000000005,293.5842,46.91350000000011,283.3868,49.721900000000005
2025-10-10 21:00:00+00:00,long_dry,final_eval,0.0,0.0,0.0,999,21,4,10,2025-40,22,4,10,23,4,10,0,5,10,3,5,10,-64.69090000000006,-343.9918,-339.2122999999999,155.84183000000002,64.69090000000006,343.9918,339.2122999999999,155.84183000000002
2025-10-10 22:00:00+00:00,long_dry,final_eval,0.0,0.0,0.0,999,22,4,10,2025-40,23,4,10,0,5,10,1,5,10,4,5,10,-130.31850000000009,-203.71180000000004,-196.77526999999998,128.66147,130.31850000000009,203.71180000000004,196.77526999999998,128.66147
2025-10-10 23:00:00+00:00,long_dry,final_eval,0.0,0.0,0.0,999,23,4,10,2025-40,0,5,10,1,5,10,2,5,10,5,5,10,-139.1943000000001,-143.66907000000003,-131.08905000000004,86.15895,139.1943000000001,143.66907000000003,131.08905000000004,86.15895
2025-10-11 00:00:00+00:00,long_dry,final_eval,0.0,0.0,0.0,999,0,5,10,2025-40,1,5,10,2,5,10,3,5,10,6,5,10,-10.21094000000005,43.88390000000004,180.52637,67.430824,10.21094000000005,43.88390000000004,180.52637,67.430824
2025-10-11 01:00:00+00:00,long_dry,final_eval,0.0,0.0,0.0,999,1,5,10,2025-40,2,5,10,3,5,10,4,5,10,7,5,10,-41.53499999999997,108.45479999999998,73.48914000000002,4.868650000000002,41.53499999999997,108.45479999999998,73.48914000000002,4.868650000000002
2025-10-11 02:00:00+00:00,long_dry,final_eval,0.0,0.0,0.0,999,2,5,10,2025-40,3,5,10,4,5,10,5,5,10,8,5,10,15.331670000000031,-1.8820499999999925,31.36461,-14.52704,15.331670000000031,1.8820499999999925,31.36461,14.52704
2025-10-11 03:00:00+00:00,long_dry,final_eval,0.0,0.0,0.0,999,3,5,10,2025-40,4,5,10,5,5,10,6,5,10,9,5,10,-96.82939999999996,-21.817319999999995,32.520970000000005,-29.825280000000006,96.82939999999996,21.817319999999995,32.520970000000005,29.825280000000006
2025-10-11 04:00:00+00:00,long_dry,final_eval,0.0,0.0,0.0,999,4,5,10,2025-40,5,5,10,6,5,10,7,5,10,10,5,10,22.5034,24.075490000000002,-11.213660000000004,-47.476560000000006,22.5034,24.075490000000002,11.213660000000004,47.476560000000006
2025-10-11 05:00:00+00:00,long_dry,final_eval,0.0,0.0,0.0,999,5,5,10,2025-40,6,5,10,7,5,10,8,5,10,11,5,10,6.743210000000005,-3.3893659999999954,-22.733289999999997,-45.44454999999999,6.743210000000005,3.3893659999999954,22.733289999999997,45.44454999999999
2025-10-11 06:00:00+00:00,long_dry,final_eval,0.0,0.0,0.0,999,6,5,10,2025-40,7,5,10,8,5,10,9,5,10,12,5,10,12.331829999999997,-16.807163000000003,4.909999999999997,-145.18150000000003,12.331829999999997,16.807163000000003,4.909999999999997,145.18150000000003
2025-10-11 07:00:00+00:00,long_dry,final_eval,0.0,0.0,0.0,999,7,5,10,2025-40,8,5,10,9,5,10,10,5,10,13,5,10,-9.434147000000003,6.147255000000001,-33.50192000000001,-169.4996000000001,9.434147000000003,6.147255000000001,33.50192000000001,169.4996000000001
2025-10-11 08:00:00+00:00,long_dry,final_eval,0.0,0.0,0.0,999,8,5,10,2025-40,9,5,10,10,5,10,11,5,10,14,5,10,-5.618285999999998,-43.47793999999999,-120.91449999999998,78.35079999999994,5.618285999999998,43.47793999999999,120.91449999999998,78.35079999999994
2025-10-11 09:00:00+00:00,long_dry,final_eval,0.0,0.0,0.0,999,9,5,10,2025-40,10,5,10,11,5,10,12,5,10,15,5,10,-54.982,-173.22134,-309.5531,218.80549999999994,54.982,173.22134,309.5531,218.80549999999994
2025-10-11 10:00:00+00:00,long_dry,final_eval,0.0,0.0,0.0,999,10,5,10,2025-40,11,5,10,12,5,10,13,5,10,16,5,10,-44.437130000000025,-115.05457000000001,3.1345999999999776,206.43540000000007,44.437130000000025,115.05457000000001,3.1345999999999776,206.43540000000007
2025-10-11 11:00:00+00:00,long_dry,final_eval,0.0,0.0,0.0,999,11,5,10,2025-40,12,5,10,13,5,10,14,5,10,17,5,10,-191.22580000000005,-73.35315000000003,114.6597999999999,320.4845,191.22580000000005,73.35315000000003,114.6597999999999,320.4845
2025-10-11 12:00:00+00:00,long_dry,final_eval,0.0,0.0,0.0,999,12,5,10,2025-40,13,5,10,14,5,10,15,5,10,18,5,10,-30.925050000000056,154.62725999999998,293.18129999999996,239.4121,30.925050000000056,154.62725999999998,293.18129999999996,239.4121
2025-10-11 13:00:00+00:00,long_dry,final_eval,0.0,0.0,0.0,999,13,5,10,2025-40,14,5,10,15,5,10,16,5,10,19,5,10,61.48199999999997,123.03050000000007,130.61490000000003,269.1753000000001,61.48199999999997,123.03050000000007,130.61490000000003,269.1753000000001
2025-10-11 14:00:00+00:00,long_dry,final_eval,0.0,0.0,0.0,999,14,5,10,2025-40,15,5,10,16,5,10,17,5,10,20,5,10,39.33919999999989,54.18399999999997,231.49260000000004,229.8981000000001,39.33919999999989,54.18399999999997,231.49260000000004,229.8981000000001
2025-10-11 15:00:00+00:00,long_dry,final_eval,0.0,0.0,0.0,999,15,5,10,2025-40,16,5,10,17,5,10,18,5,10,21,5,10,12.667500000000018,179.6608000000001,105.22669999999994,59.684299999999894,12.667500000000018,179.6608000000001,105.22669999999994,59.684299999999894
2025-10-11 16:00:00+00:00,long_dry,final_eval,0.0,0.0,0.0,999,16,5,10,2025-40,17,5,10,18,5,10,19,5,10,22,5,10,307.54330000000004,220.4353000000001,309.9829,58.230800000000045,307.54330000000004,220.4353000000001,309.9829,58.230800000000045
2025-10-11 17:00:00+00:00,long_dry,final_eval,0.0,0.0,0.0,999,17,5,10,2025-40,18,5,10,19,5,10,20,5,10,23,5,10,56.98610000000008,54.76089999999999,42.70499999999993,-280.30140000000006,56.98610000000008,54.76089999999999,42.70499999999993,280.30140000000006
2025-10-11 18:00:00+00:00,long_dry,final_eval,0.0,0.0,0.0,999,18,5,10,2025-40,19,5,10,20,5,10,21,5,10,0,6,10,184.6572000000001,133.82580000000007,-24.57249999999999,-509.89300000000003,184.6572000000001,133.82580000000007,24.57249999999999,509.89300000000003
2025-10-11 19:00:00+00:00,long_dry,final_eval,0.0,0.0,0.0,999,19,5,10,2025-40,20,5,10,21,5,10,22,5,10,1,6,10,-25.881000000000085,-263.91100000000006,-158.41740000000004,-458.38964999999996,25.881000000000085,263.91100000000006,158.41740000000004,458.38964999999996
2025-10-11 20:00:00+00:00,long_dry,final_eval,0.0,0.0,0.0,999,20,5,10,2025-40,21,5,10,22,5,10,23,5,10,2,6,10,45.21029999999996,60.07120000000009,-294.00299999999993,-157.7822,45.21029999999996,60.07120000000009,294.00299999999993,157.7822
2025-10-12 05:00:00+00:00,recent_rain,final_eval,0.0,2.0,2.0,3,5,6,10,2025-41,6,6,10,7,6,10,8,6,10,11,6,10,-14.09969000000001,-11.475105,-35.394589999999994,-111.82740000000001,14.09969000000001,11.475105,35.394589999999994,111.82740000000001
2025-10-12 06:00:00+00:00,recent_rain,final_eval,0.0,2.0,2.0,4,6,6,10,2025-41,7,6,10,8,6,10,9,6,10,12,6,10,32.814809999999994,-10.501545,-28.951224999999994,-233.16814999999997,32.814809999999994,10.501545,28.951224999999994,233.16814999999997
2025-10-12 11:00:00+00:00,recent_rain,final_eval,0.0,2.6000000000000005,2.8000000000000007,3,11,6,10,2025-41,12,6,10,13,6,10,14,6,10,17,6,10,-111.31445000000002,-66.54999999999995,1.185699999999997,-8.744300000000067,111.31445000000002,66.54999999999995,1.185699999999997,8.744300000000067
2025-10-12 12:00:00+00:00,recent_rain,final_eval,0.0,2.6000000000000005,2.8000000000000007,4,12,6,10,2025-41,13,6,10,14,6,10,15,6,10,18,6,10,-93.25630000000001,-11.836099999999988,81.22720000000004,3.0731000000000677,93.25630000000001,11.836099999999988,81.22720000000004,3.0731000000000677
2025-10-12 13:00:00+00:00,recent_rain,final_eval,0.0,2.4000000000000004,2.8000000000000007,5,13,6,10,2025-41,14,6,10,15,6,10,16,6,10,19,6,10,-65.29560000000004,-46.95839999999998,61.48849999999993,-75.57809999999995,65.29560000000004,46.95839999999998,61.48849999999993,75.57809999999995
2025-10-12 14:00:00+00:00,recent_rain,final_eval,0.0,1.1,2.8000000000000007,6,14,6,10,2025-41,15,6,10,16,6,10,17,6,10,20,6,10,-76.37079999999992,-2.8053999999999633,-174.3056999999999,-232.6642999999999,76.37079999999992,2.8053999999999633,174.3056999999999,232.6642999999999
2025-10-13 11:00:00+00:00,recent_rain,final_eval,0.0,1.2000000000000002,1.2000000000000002,3,11,0,10,2025-41,12,0,10,13,0,10,14,0,10,17,0,10,-187.26184,-204.88099999999997,-107.10839999999996,5.841429999999946,187.26184,204.88099999999997,107.10839999999996,5.841429999999946
2025-10-13 12:00:00+00:00,recent_rain,final_eval,0.0,1.1,1.2000000000000002,4,12,0,10,2025-41,13,0,10,14,0,10,15,0,10,18,0,10,-312.2992999999999,-130.55084,95.95856000000003,25.14495999999997,312.2992999999999,130.55084,95.95856000000003,25.14495999999997
2025-10-14 13:00:00+00:00,recent_rain,final_eval,0.0,1.8,4.199999999999999,3,13,1,10,2025-41,14,1,10,15,1,10,16,1,10,19,1,10,-108.49770000000001,-94.10846000000004,-2.1014999999999873,197.83870000000002,108.49770000000001,94.10846000000004,2.1014999999999873,197.83870000000002
2025-10-14 14:00:00+00:00,recent_rain,final_eval,0.0,1.1,4.199999999999999,4,14,1,10,2025-41,15,1,10,16,1,10,17,1,10,20,1,10,-6.1614399999999705,108.29179999999997,24.713100000000054,223.83760000000007,6.1614399999999705,108.29179999999997,24.713100000000054,223.83760000000007
2025-10-14 15:00:00+00:00,recent_rain,final_eval,0.0,1.1,4.199999999999999,5,15,1,10,2025-41,16,1,10,17,1,10,18,1,10,21,1,10,133.59130000000005,81.3845,-40.50210000000004,1125.3866,133.59130000000005,81.3845,40.50210000000004,1125.3866
2025-10-14 16:00:00+00:00,recent_rain,final_eval,0.0,1.0,4.199999999999999,6,16,1,10,2025-41,17,1,10,18,1,10,19,1,10,22,1,10,-41.72090000000003,-72.00432999999998,192.0634,466.93730000000005,41.72090000000003,72.00432999999998,192.0634,466.93730000000005
2025-10-15 11:00:00+00:00,long_dry,final_eval,0.0,0.0,0.0,999,11,2,10,2025-41,12,2,10,13,2,10,14,2,10,17,2,10,708.1492000000001,74.69037000000003,-127.32920000000001,55.97919999999999,708.1492000000001,74.69037000000003,127.32920000000001,55.97919999999999
2025-10-15 12:00:00+00:00,long_dry,final_eval,0.0,0.0,0.0,999,12,2,10,2025-41,13,2,10,14,2,10,15,2,10,18,2,10,45.721900000000005,-25.85730000000001,131.24220000000003,130.34349999999995,45.721900000000005,25.85730000000001,131.24220000000003,130.34349999999995
2025-10-15 13:00:00+00:00,long_dry,final_eval,0.0,0.0,0.0,999,13,2,10,2025-41,14,2,10,15,2,10,16,2,10,19,2,10,-48.04192999999998,81.3818,133.60802999999999,204.4148,48.04192999999998,81.3818,133.60802999999999,204.4148
2025-10-15 14:00:00+00:00,long_dry,final_eval,0.0,0.0,0.0,999,14,2,10,2025-41,15,2,10,16,2,10,17,2,10,20,2,10,131.12505999999996,229.42600000000004,109.30160000000001,300.74620000000004,131.12505999999996,229.42600000000004,109.30160000000001,300.74620000000004
2025-10-15 15:00:00+00:00,long_dry,final_eval,0.0,0.0,0.0,999,15,2,10,2025-41,16,2,10,17,2,10,18,2,10,21,2,10,139.41863999999998,68.90700000000004,-48.093900000000076,975.088,139.41863999999998,68.90700000000004,48.093900000000076,975.088
2025-10-15 16:00:00+00:00,long_dry,final_eval,0.0,0.0,0.0,999,16,2,10,2025-41,17,2,10,18,2,10,19,2,10,22,2,10,11.568049999999971,-43.6400000000001,60.45730000000003,479.0796,11.568049999999971,43.6400000000001,60.45730000000003,479.0796
2025-10-15 17:00:00+00:00,long_dry,final_eval,0.0,0.0,0.0,999,17,2,10,2025-41,18,2,10,19,2,10,20,2,10,23,2,10,-90.52299999999991,-73.19360000000006,245.6615999999999,121.83829999999989,90.52299999999991,73.19360000000006,245.6615999999999,121.83829999999989
2025-10-15 18:00:00+00:00,long_dry,final_eval,0.0,0.0,0.0,999,18,2,10,2025-41,19,2,10,20,2,10,21,2,10,0,3,10,-52.7192,185.0836999999999,938.9954,-22.182900000000018,52.7192,185.0836999999999,938.9954,22.182900000000018
2025-10-15 19:00:00+00:00,long_dry,final_eval,0.0,0.0,0.0,999,19,2,10,2025-41,20,2,10,21,2,10,22,2,10,1,3,10,82.0927999999999,822.9565,456.00569999999993,-102.7156,82.0927999999999,822.9565,456.00569999999993,102.7156
2025-10-15 20:00:00+00:00,long_dry,final_eval,0.0,0.0,0.0,999,20,2,10,2025-41,21,2,10,22,2,10,23,2,10,2,3,10,800.8356000000001,305.5802000000001,-46.05549999999994,48.500549999999976,800.8356000000001,305.5802000000001,46.05549999999994,48.500549999999976
2025-10-15 21:00:00+00:00,long_dry,final_eval,0.0,0.0,0.0,999,21,2,10,2025-41,22,2,10,23,2,10,0,3,10,3,3,10,303.99260000000004,-162.6953000000001,-162.62400000000002,-79.38815,303.99260000000004,162.6953000000001,162.62400000000002,79.38815
2025-10-15 22:00:00+00:00,long_dry,final_eval,0.0,0.0,0.0,999,22,2,10,2025-41,23,2,10,0,3,10,1,3,10,4,3,10,36.77029999999991,-86.9067,-73.45025999999996,-49.42179999999999,36.77029999999991,86.9067,73.45025999999996,49.42179999999999
2025-10-15 23:00:00+00:00,long_dry,final_eval,0.0,0.0,0.0,999,23,2,10,2025-41,0,3,10,1,3,10,2,3,10,5,3,10,-29.040500000000065,-31.687400000000025,63.462459999999965,-38.86767999999999,29.040500000000065,31.687400000000025,63.462459999999965,38.86767999999999
2025-10-16 00:00:00+00:00,long_dry,final_eval,0.0,0.0,0.0,999,0,3,10,2025-41,1,3,10,2,3,10,3,3,10,6,3,10,-4.6153000000000475,120.04949999999997,28.168600000000026,-23.138869999999997,4.6153000000000475,120.04949999999997,28.168600000000026,23.138869999999997
2025-10-16 01:00:00+00:00,long_dry,final_eval,0.0,0.0,0.0,999,1,3,10,2025-41,2,3,10,3,3,10,4,3,10,7,3,10,76.1422,-3.4683499999999867,-14.957570000000004,-21.785922999999997,76.1422,3.4683499999999867,14.957570000000004,21.785922999999997
2025-10-16 02:00:00+00:00,long_dry,final_eval,0.0,0.0,0.0,999,2,3,10,2025-41,3,3,10,4,3,10,5,3,10,8,3,10,-108.10025000000002,-51.52510000000001,-19.08569,-4.173831999999997,108.10025000000002,51.52510000000001,19.08569,4.173831999999997
2025-10-16 03:00:00+00:00,long_dry,final_eval,0.0,0.0,0.0,999,3,3,10,2025-41,4,3,10,5,3,10,6,3,10,9,3,10,-17.466080000000005,-8.974710000000002,-22.013153000000003,-3.530939999999987,17.466080000000005,8.974710000000002,22.013153000000003,3.530939999999987
2025-10-16 04:00:00+00:00,long_dry,final_eval,0.0,0.0,0.0,999,4,3,10,2025-41,5,3,10,6,3,10,7,3,10,10,3,10,10.301544,-9.526809999999998,-15.599308,11.737149999999986,10.301544,9.526809999999998,15.599308,11.737149999999986
2025-10-16 05:00:00+00:00,long_dry,final_eval,0.0,0.0,0.0,999,5,3,10,2025-41,6,3,10,7,3,10,8,3,10,11,3,10,-9.942234,-14.294615,6.305799999999998,143.7695,9.942234,14.294615,6.305799999999998,143.7695
2025-10-16 06:00:00+00:00,long_dry,final_eval,0.0,0.0,0.0,999,6,3,10,2025-41,7,3,10,8,3,10,9,3,10,12,3,10,-14.091787,-3.203490000000002,10.51267,467.88840000000005,14.091787,3.203490000000002,10.51267,467.88840000000005
2025-10-16 07:00:00+00:00,long_dry,final_eval,0.0,0.0,0.0,999,7,3,10,2025-41,8,3,10,9,3,10,10,3,10,13,3,10,0.780467999999999,18.677729999999997,106.62984999999998,31.357799999999997,0.780467999999999,18.677729999999997,106.62984999999998,31.357799999999997
2025-10-16 08:00:00+00:00,long_dry,final_eval,0.0,0.0,0.0,999,8,3,10,2025-41,9,3,10,10,3,10,11,3,10,14,3,10,-6.72054,64.48829999999998,63.84249999999997,-25.40075999999999,6.72054,64.48829999999998,63.84249999999997,25.40075999999999
2025-10-16 09:00:00+00:00,long_dry,final_eval,0.0,0.0,0.0,999,9,3,10,2025-41,10,3,10,11,3,10,12,3,10,15,3,10,39.61340000000001,118.36699999999996,537.011,-175.87176999999997,39.61340000000001,118.36699999999996,537.011,175.87176999999997
2025-10-16 10:00:00+00:00,long_dry,final_eval,0.0,0.0,0.0,999,10,3,10,2025-41,11,3,10,12,3,10,13,3,10,16,3,10,21.58672999999999,547.4694999999999,-58.80770000000007,-87.26600000000008,21.58672999999999,547.4694999999999,58.80770000000007,87.26600000000008
2025-10-16 11:00:00+00:00,long_dry,final_eval,0.0,0.0,0.0,999,11,3,10,2025-41,12,3,10,13,3,10,14,3,10,17,3,10,531.0083,-61.13539999999989,-257.01556000000005,-62.70740000000001,531.0083,61.13539999999989,257.01556000000005,62.70740000000001
2025-10-16 12:00:00+00:00,long_dry,final_eval,0.0,0.0,0.0,999,12,3,10,2025-41,13,3,10,14,3,10,15,3,10,18,3,10,-19.206500000000005,-87.95043999999996,-13.887399999999957,31.111999999999966,19.206500000000005,87.95043999999996,13.887399999999957,31.111999999999966
2025-10-16 13:00:00+00:00,long_dry,final_eval,0.0,0.0,0.0,999,13,3,10,2025-41,14,3,10,15,3,10,16,3,10,19,3,10,-120.18524000000002,-79.255,-2.6618700000000217,142.8056999999999,120.18524000000002,79.255,2.6618700000000217,142.8056999999999
2025-10-16 14:00:00+00:00,long_dry,final_eval,0.0,0.0,0.0,999,14,3,10,2025-41,15,3,10,16,3,10,17,3,10,20,3,10,40.963300000000004,140.20479999999998,28.639599999999973,154.56629999999996,40.963300000000004,140.20479999999998,28.639599999999973,154.56629999999996
2025-10-16 15:00:00+00:00,long_dry,final_eval,0.0,0.0,0.0,999,15,3,10,2025-41,16,3,10,17,3,10,18,3,10,21,3,10,99.05870000000004,42.886049999999955,-112.54369999999994,963.1204,99.05870000000004,42.886049999999955,112.54369999999994,963.1204
2025-10-16 16:00:00+00:00,long_dry,final_eval,0.0,0.0,0.0,999,16,3,10,2025-41,17,3,10,18,3,10,19,3,10,22,3,10,44.584299999999985,-40.0308,112.20180000000005,589.2605000000001,44.584299999999985,40.0308,112.20180000000005,589.2605000000001
2025-10-16 17:00:00+00:00,long_dry,final_eval,0.0,0.0,0.0,999,17,3,10,2025-41,18,3,10,19,3,10,20,3,10,23,3,10,-166.3239000000001,-91.88300000000004,117.95309999999995,162.8726999999999,166.3239000000001,91.88300000000004,117.95309999999995,162.8726999999999
2025-10-16 18:00:00+00:00,long_dry,final_eval,0.0,0.0,0.0,999,18,3,10,2025-41,19,3,10,20,3,10,21,3,10,0,4,10,47.418699999999944,189.4266,963.9802,0.9845000000000255,47.418699999999944,189.4266,963.9802,0.9845000000000255
2025-10-16 19:00:00+00:00,long_dry,final_eval,0.0,0.0,0.0,999,19,3,10,2025-41,20,3,10,21,3,10,22,3,10,1,4,10,24.68419999999992,800.656,611.7482,-84.25554999999997,24.68419999999992,800.656,611.7482,84.25554999999997
2025-10-16 20:00:00+00:00,long_dry,final_eval,0.0,0.0,0.0,999,20,3,10,2025-41,21,3,10,22,3,10,23,3,10,2,4,10,813.2225000000001,478.8615,30.679000000000087,-9.893249999999966,813.2225000000001,478.8615,30.679000000000087,9.893249999999966
2025-10-16 21:00:00+00:00,long_dry,final_eval,0.0,0.0,0.0,999,21,3,10,2025-41,22,3,10,23,3,10,0,4,10,3,4,10,497.2005999999999,-62.74219999999991,-152.06999999999994,-6.3700000000000045,497.2005999999999,62.74219999999991,152.06999999999994,6.3700000000000045
2025-10-16 22:00:00+00:00,long_dry,final_eval,0.0,0.0,0.0,999,22,3,10,2025-41,23,3,10,0,4,10,1,4,10,4,4,10,115.16820000000007,-98.49790000000007,-94.14215000000002,-73.95259999999999,115.16820000000007,98.49790000000007,94.14215000000002,73.95259999999999
2025-10-16 23:00:00+00:00,long_dry,final_eval,0.0,0.0,0.0,999,23,3,10,2025-41,0,4,10,1,4,10,2,4,10,5,4,10,-48.41910000000007,-51.511960000000045,-34.039300000000026,-43.50119000000001,48.41910000000007,51.511960000000045,34.039300000000026,43.50119000000001
2025-10-17 00:00:00+00:00,long_dry,final_eval,0.0,0.0,0.0,999,0,4,10,2025-41,1,4,10,2,4,10,3,4,10,6,4,10,-2.0503499999999804,29.853700000000003,60.53951999999998,-33.684569999999994,2.0503499999999804,29.853700000000003,60.53951999999998,33.684569999999994
2025-10-17 01:00:00+00:00,long_dry,final_eval,0.0,0.0,0.0,999,1,4,10,2025-41,2,4,10,3,4,10,4,4,10,7,4,10,-25.246399999999994,15.594179999999994,-53.13616999999999,-35.917706,25.246399999999994,15.594179999999994,53.13616999999999,35.917706
2025-10-17 02:00:00+00:00,long_dry,final_eval,0.0,0.0,0.0,999,2,4,10,2025-41,3,4,10,4,4,10,5,4,10,8,4,10,28.771419999999978,-42.23167000000001,-14.432593999999995,-3.6649969999999996,28.771419999999978,42.23167000000001,14.432593999999995,3.6649969999999996
2025-10-17 03:00:00+00:00,long_dry,final_eval,0.0,0.0,0.0,999,3,4,10,2025-41,4,4,10,5,4,10,6,4,10,9,4,10,-76.22659999999999,-16.748183999999995,-35.121359999999996,18.279480000000007,76.22659999999999,16.748183999999995,35.121359999999996,18.279480000000007
2025-10-17 04:00:00+00:00,long_dry,final_eval,0.0,0.0,0.0,999,4,4,10,2025-41,5,4,10,6,4,10,7,4,10,10,4,10,12.455510000000004,-11.143993000000002,-23.3575,-14.897699999999986,12.455510000000004,11.143993000000002,23.3575,14.897699999999986
2025-10-17 05:00:00+00:00,long_dry,final_eval,0.0,0.0,0.0,999,5,4,10,2025-41,6,4,10,7,4,10,8,4,10,11,4,10,-8.122954999999997,-21.073784000000003,7.542014999999999,-9.723700000000008,8.122954999999997,21.073784000000003,7.542014999999999,9.723700000000008
2025-10-17 06:00:00+00:00,long_dry,final_eval,0.0,0.0,0.0,999,6,4,10,2025-41,7,4,10,8,4,10,9,4,10,12,4,10,-18.80024,0.6206800000000001,42.03098,54.98929999999996,18.80024,0.6206800000000001,42.03098,54.98929999999996
2025-10-17 07:00:00+00:00,long_dry,final_eval,0.0,0.0,0.0,999,7,4,10,2025-41,8,4,10,9,4,10,10,4,10,13,4,10,4.3614999999999995,48.142264999999995,26.731299999999976,-21.812739999999962,4.3614999999999995,48.142264999999995,26.731299999999976,21.812739999999962
2025-10-17 08:00:00+00:00,long_dry,final_eval,0.0,0.0,0.0,999,8,4,10,2025-41,9,4,10,10,4,10,11,4,10,14,4,10,32.802505,12.657620000000009,-61.77593999999999,47.34357,32.802505,12.657620000000009,61.77593999999999,47.34357
2025-10-17 09:00:00+00:00,long_dry,final_eval,0.0,0.0,0.0,999,9,4,10,2025-41,10,4,10,11,4,10,12,4,10,15,4,10,-165.6642,-176.64544999999998,103.20679999999993,16.534359999999992,165.6642,176.64544999999998,103.20679999999993,16.534359999999992
2025-10-17 10:00:00+00:00,long_dry,final_eval,0.0,0.0,0.0,999,10,4,10,2025-41,11,4,10,12,4,10,13,4,10,16,4,10,-51.52606000000003,211.24009999999998,-80.10619999999994,9.62259999999992,51.52606000000003,211.24009999999998,80.10619999999994,9.62259999999992
2025-10-17 11:00:00+00:00,long_dry,final_eval,0.0,0.0,0.0,999,11,4,10,2025-41,12,4,10,13,4,10,14,4,10,17,4,10,145.5003999999999,-149.93129999999996,-209.2161000000001,23.89709999999991,145.5003999999999,149.93129999999996,209.2161000000001,23.89709999999991
2025-10-17 12:00:00+00:00,long_dry,final_eval,0.0,0.0,0.0,999,12,4,10,2025-41,13,4,10,14,4,10,15,4,10,18,4,10,-86.16529999999989,-13.748699999999985,134.7713,208.22299999999996,86.16529999999989,13.748699999999985,134.7713,208.22299999999996
2025-10-17 13:00:00+00:00,long_dry,final_eval,0.0,0.0,0.0,999,13,4,10,2025-41,14,4,10,15,4,10,16,4,10,19,4,10,50.83416999999997,196.586,228.28045999999995,587.7950000000001,50.83416999999997,196.586,228.28045999999995,587.7950000000001
2025-10-17 14:00:00+00:00,long_dry,final_eval,0.0,0.0,0.0,999,14,4,10,2025-41,15,4,10,16,4,10,17,4,10,20,4,10,113.56353999999999,169.29719999999998,81.1128000000001,390.66869999999994,113.56353999999999,169.29719999999998,81.1128000000001,390.66869999999994
2025-10-17 15:00:00+00:00,long_dry,final_eval,0.0,0.0,0.0,999,15,4,10,2025-41,16,4,10,17,4,10,18,4,10,21,4,10,197.84320000000002,179.75980000000004,158.70849999999996,513.3172999999999,197.84320000000002,179.75980000000004,158.70849999999996,513.3172999999999
2025-10-17 16:00:00+00:00,long_dry,final_eval,0.0,0.0,0.0,999,16,4,10,2025-41,17,4,10,18,4,10,19,4,10,22,4,10,71.6753000000001,69.81999999999994,318.58449999999993,477.6706999999999,71.6753000000001,69.81999999999994,318.58449999999993,477.6706999999999
2025-10-17 17:00:00+00:00,long_dry,final_eval,0.0,0.0,0.0,999,17,4,10,2025-41,18,4,10,19,4,10,20,4,10,23,4,10,58.57089999999994,277.2675999999999,256.4000000000001,59.40689999999995,58.57089999999994,277.2675999999999,256.4000000000001,59.40689999999995
2025-10-17 18:00:00+00:00,long_dry,final_eval,0.0,0.0,0.0,999,18,4,10,2025-41,19,4,10,20,4,10,21,4,10,0,5,10,176.80700000000002,106.5646999999999,555.1364000000001,-58.921100000000024,176.80700000000002,106.5646999999999,555.1364000000001,58.921100000000024
2025-10-17 19:00:00+00:00,long_dry,final_eval,0.0,0.0,0.0,999,19,4,10,2025-41,20,4,10,21,4,10,22,4,10,1,5,10,75.69129999999996,441.50659999999993,402.7174,-82.77936,75.69129999999996,441.50659999999993,402.7174,82.77936
2025-10-17 20:00:00+00:00,long_dry,final_eval,0.0,0.0,0.0,999,20,4,10,2025-41,21,4,10,22,4,10,23,4,10,2,5,10,505.7765999999999,281.2191,-191.30410000000006,-34.34960000000001,505.7765999999999,281.2191,191.30410000000006,34.34960000000001
2025-10-17 21:00:00+00:00,long_dry,final_eval,0.0,0.0,0.0,999,21,4,10,2025-41,22,4,10,23,4,10,0,5,10,3,5,10,205.1146000000001,-242.0540000000001,-321.568,110.54930000000002,205.1146000000001,242.0540000000001,321.568,110.54930000000002
2025-10-17 22:00:00+00:00,long_dry,final_eval,0.0,0.0,0.0,999,22,4,10,2025-41,23,4,10,0,5,10,1,5,10,4,5,10,11.195600000000013,-169.4484,-143.84753,135.47089999999997,11.195600000000013,169.4484,143.84753,135.47089999999997
2025-10-17 23:00:00+00:00,long_dry,final_eval,0.0,0.0,0.0,999,23,4,10,2025-41,0,5,10,1,5,10,2,5,10,5,5,10,-140.6744000000001,-103.41594999999995,-97.19835999999998,100.77440999999999,140.6744000000001,103.41594999999995,97.19835999999998,100.77440999999999
2025-10-18 00:00:00+00:00,long_dry,final_eval,0.0,0.0,0.0,999,0,5,10,2025-41,1,5,10,2,5,10,3,5,10,6,5,10,-15.856499999999983,24.103330000000028,101.97130000000004,92.48076,15.856499999999983,24.103330000000028,101.97130000000004,92.48076
2025-10-18 01:00:00+00:00,long_dry,final_eval,0.0,0.0,0.0,999,1,5,10,2025-41,2,5,10,3,5,10,4,5,10,7,5,10,-23.24879999999996,56.130070000000046,55.543799999999976,7.1434,23.24879999999996,56.130070000000046,55.543799999999976,7.1434
2025-10-18 02:00:00+00:00,long_dry,final_eval,0.0,0.0,0.0,999,2,5,10,2025-41,3,5,10,4,5,10,5,5,10,8,5,10,-77.54034000000001,-33.392330000000015,24.733220000000017,-12.434800000000003,77.54034000000001,33.392330000000015,24.733220000000017,12.434800000000003
2025-10-18 03:00:00+00:00,long_dry,final_eval,0.0,0.0,0.0,999,3,5,10,2025-41,4,5,10,5,5,10,6,5,10,9,5,10,-100.45574999999997,2.507630000000006,70.01141000000001,-42.84748999999999,100.45574999999997,2.507630000000006,70.01141000000001,42.84748999999999
2025-10-18 04:00:00+00:00,long_dry,final_eval,0.0,0.0,0.0,999,4,5,10,2025-41,5,5,10,6,5,10,7,5,10,10,5,10,32.52206000000001,49.39685,-6.045150000000007,-68.83915999999999,32.52206000000001,49.39685,6.045150000000007,68.83915999999999
2025-10-18 05:00:00+00:00,long_dry,final_eval,0.0,0.0,0.0,999,5,5,10,2025-41,6,5,10,7,5,10,8,5,10,11,5,10,15.616800000000012,-9.492800000000003,-23.512900000000002,15.172450000000026,15.616800000000012,9.492800000000003,23.512900000000002,15.172450000000026
2025-10-18 06:00:00+00:00,long_dry,final_eval,0.0,0.0,0.0,999,6,5,10,2025-41,7,5,10,8,5,10,9,5,10,12,5,10,6.754943999999995,-17.010734999999997,-16.512110000000007,45.49285999999995,6.754943999999995,17.010734999999997,16.512110000000007,45.49285999999995
2025-10-18 07:00:00+00:00,long_dry,final_eval,0.0,0.0,0.0,999,7,5,10,2025-41,8,5,10,9,5,10,10,5,10,13,5,10,-7.115769999999998,-11.046490000000006,-52.239779999999996,-76.82230000000004,7.115769999999998,11.046490000000006,52.239779999999996,76.82230000000004
2025-10-18 08:00:00+00:00,long_dry,final_eval,0.0,0.0,0.0,999,8,5,10,2025-41,9,5,10,10,5,10,11,5,10,14,5,10,-18.685646000000006,-54.515209999999996,-61.99747000000002,301.42599999999993,18.685646000000006,54.515209999999996,61.99747000000002,301.42599999999993
2025-10-18 09:00:00+00:00,long_dry,final_eval,0.0,0.0,0.0,999,9,5,10,2025-41,10,5,10,11,5,10,12,5,10,15,5,10,-42.56353999999999,-67.78168,-138.32600000000002,718.6397999999999,42.56353999999999,67.78168,138.32600000000002,718.6397999999999
2025-10-18 10:00:00+00:00,long_dry,final_eval,0.0,0.0,0.0,999,10,5,10,2025-41,11,5,10,12,5,10,13,5,10,16,5,10,25.47284000000002,10.516539999999964,135.75525000000005,779.6536000000001,25.47284000000002,10.516539999999964,135.75525000000005,779.6536000000001
2025-10-18 11:00:00+00:00,long_dry,final_eval,0.0,0.0,0.0,999,11,5,10,2025-41,12,5,10,13,5,10,14,5,10,17,5,10,-173.45074,20.267150000000015,366.4565,704.4740999999999,173.45074,20.267150000000015,366.4565,704.4740999999999
2025-10-18 12:00:00+00:00,long_dry,final_eval,0.0,0.0,0.0,999,12,5,10,2025-41,13,5,10,14,5,10,15,5,10,18,5,10,82.21172999999999,388.9103,822.921,869.0192999999999,82.21172999999999,388.9103,822.921,869.0192999999999
2025-10-18 13:00:00+00:00,long_dry,final_eval,0.0,0.0,0.0,999,13,5,10,2025-41,14,5,10,15,5,10,16,5,10,19,5,10,245.0540000000001,678.0118,775.6292000000001,744.9408000000001,245.0540000000001,678.0118,775.6292000000001,744.9408000000001
2025-10-18 14:00:00+00:00,long_dry,final_eval,0.0,0.0,0.0,999,14,5,10,2025-41,15,5,10,16,5,10,17,5,10,20,5,10,502.6397999999999,575.594,586.7197000000001,525.4924000000001,502.6397999999999,575.594,586.7197000000001,525.4924000000001
2025-10-18 15:00:00+00:00,long_dry,final_eval,0.0,0.0,0.0,999,15,5,10,2025-41,16,5,10,17,5,10,18,5,10,21,5,10,582.3989999999999,570.9639999999999,725.4236000000001,220.58169999999996,582.3989999999999,570.9639999999999,725.4236000000001,220.58169999999996
2025-10-18 16:00:00+00:00,long_dry,final_eval,0.0,0.0,0.0,999,16,5,10,2025-41,17,5,10,18,5,10,19,5,10,22,5,10,581.7257999999999,667.3204000000001,570.2755999999999,174.5308,581.7257999999999,667.3204000000001,570.2755999999999,174.5308
2025-10-18 17:00:00+00:00,long_dry,final_eval,0.0,0.0,0.0,999,17,5,10,2025-41,18,5,10,19,5,10,20,5,10,23,5,10,715.9318000000001,574.4988000000001,367.6401000000001,-159.64329999999995,715.9318000000001,574.4988000000001,367.6401000000001,159.64329999999995
2025-10-18 18:00:00+00:00,long_dry,final_eval,0.0,0.0,0.0,999,18,5,10,2025-41,19,5,10,20,5,10,21,5,10,0,6,10,388.5247999999999,60.21360000000004,-196.97360000000003,-192.08120000000008,388.5247999999999,60.21360000000004,196.97360000000003,192.08120000000008
2025-10-18 19:00:00+00:00,long_dry,final_eval,0.0,0.0,0.0,999,19,5,10,2025-41,20,5,10,21,5,10,22,5,10,1,6,10,374.7454,78.65390000000002,172.04999999999995,-268.28150000000005,374.7454,78.65390000000002,172.04999999999995,268.28150000000005
2025-10-18 20:00:00+00:00,long_dry,final_eval,0.0,0.0,0.0,999,20,5,10,2025-41,21,5,10,22,5,10,23,5,10,2,6,10,213.57539999999995,308.07629999999995,-83.13200000000006,-130.7206,213.57539999999995,308.07629999999995,83.13200000000006,130.7206
2025-10-18 21:00:00+00:00,long_dry,final_eval,0.0,0.0,0.0,999,21,5,10,2025-41,22,5,10,23,5,10,0,6,10,3,6,10,251.92910000000006,-75.30880000000002,-205.3619000000001,51.40859999999998,251.92910000000006,75.30880000000002,205.3619000000001,51.40859999999998
2025-10-18 22:00:00+00:00,long_dry,final_eval,0.0,0.0,0.0,999,22,5,10,2025-41,23,5,10,0,6,10,1,6,10,4,6,10,-113.846,-177.17239999999993,-250.14215000000002,154.22879999999998,113.846,177.17239999999993,250.14215000000002,154.22879999999998
2025-10-18 23:00:00+00:00,long_dry,final_eval,0.0,0.0,0.0,999,23,5,10,2025-41,0,6,10,1,6,10,2,6,10,5,6,10,-159.21839999999997,-204.79179999999997,-149.84973000000002,114.40728999999999,159.21839999999997,204.79179999999997,149.84973000000002,114.40728999999999
2025-10-19 00:00:00+00:00,long_dry,final_eval,0.0,0.0,0.0,999,0,6,10,2025-42,1,6,10,2,6,10,3,6,10,6,6,10,-93.31366000000003,16.668699999999944,110.01337000000001,77.77036000000001,93.31366000000003,16.668699999999944,110.01337000000001,77.77036000000001
2025-10-19 01:00:00+00:00,long_dry,final_eval,0.0,0.0,0.0,999,1,6,10,2025-42,2,6,10,3,6,10,4,6,10,7,6,10,-22.409059999999954,67.97370000000001,131.27603,23.501199999999997,22.409059999999954,67.97370000000001,131.27603,23.501199999999997
2025-10-19 02:00:00+00:00,long_dry,final_eval,0.0,0.0,0.0,999,2,6,10,2025-42,3,6,10,4,6,10,5,6,10,8,6,10,-63.32989999999995,28.246219999999994,48.96197999999998,-13.627949999999998,63.32989999999995,28.246219999999994,48.96197999999998,13.627949999999998
2025-10-19 03:00:00+00:00,long_dry,final_eval,0.0,0.0,0.0,999,3,6,10,2025-42,4,6,10,5,6,10,6,6,10,9,6,10,-21.949769999999944,33.442079999999976,71.23670000000001,-62.5826,21.949769999999944,33.442079999999976,71.23670000000001,62.5826
2025-10-19 04:00:00+00:00,long_dry,final_eval,0.0,0.0,0.0,999,4,6,10,2025-42,5,6,10,6,6,10,7,6,10,10,6,10,46.28829999999999,24.310699999999997,3.9082640000000026,-73.46782999999999,46.28829999999999,24.310699999999997,3.9082640000000026,73.46782999999999
2025-10-19 05:00:00+00:00,long_dry,final_eval,0.0,0.0,0.0,999,5,6,10,2025-42,6,6,10,7,6,10,8,6,10,11,6,10,16.50030000000001,0.8457640000000026,-39.73975,-95.12054,16.50030000000001,0.8457640000000026,39.73975,95.12054
2025-10-19 06:00:00+00:00,long_dry,final_eval,0.0,0.0,0.0,999,6,6,10,2025-42,7,6,10,8,6,10,9,6,10,12,6,10,28.497339999999994,-20.522644,-38.203469999999996,-72.78240000000005,28.497339999999994,20.522644,38.203469999999996,72.78240000000005
2025-10-19 07:00:00+00:00,long_dry,final_eval,0.0,0.0,0.0,999,7,6,10,2025-42,8,6,10,9,6,10,10,6,10,13,6,10,-11.082270000000001,-36.729299999999995,-67.61574999999999,-259.58899999999994,11.082270000000001,36.729299999999995,67.61574999999999,259.58899999999994
2025-10-19 08:00:00+00:00,long_dry,final_eval,0.0,0.0,0.0,999,8,6,10,2025-42,9,6,10,10,6,10,11,6,10,14,6,10,-39.699164999999994,-59.143310000000014,-161.20737000000003,99.34300000000007,39.699164999999994,59.143310000000014,161.20737000000003,99.34300000000007
2025-10-19 09:00:00+00:00,long_dry,final_eval,0.0,0.0,0.0,999,9,6,10,2025-42,10,6,10,11,6,10,12,6,10,15,6,10,-15.580729999999988,-108.32513,-212.31537000000003,199.61159999999995,15.580729999999988,108.32513,212.31537000000003,199.61159999999995
2025-10-19 10:00:00+00:00,long_dry,final_eval,0.0,0.0,0.0,999,10,6,10,2025-42,11,6,10,12,6,10,13,6,10,16,6,10,-78.68759999999997,-132.37519999999995,-71.29705999999999,390.1268,78.68759999999997,132.37519999999995,71.29705999999999,390.1268
2025-10-19 11:00:00+00:00,long_dry,final_eval,0.0,0.0,0.0,999,11,6,10,2025-42,12,6,10,13,6,10,14,6,10,17,6,10,-148.48266999999998,-87.26110000000006,160.17090000000007,323.7484999999999,148.48266999999998,87.26110000000006,160.17090000000007,323.7484999999999
2025-10-19 12:00:00+00:00,long_dry,final_eval,0.0,0.0,0.0,999,12,6,10,2025-42,13,6,10,14,6,10,15,6,10,18,6,10,-97.37049999999999,145.53780000000006,331.26250000000005,234.33249999999998,97.37049999999999,145.53780000000006,331.26250000000005,234.33249999999998
2025-10-19 13:00:00+00:00,long_dry,final_eval,0.0,0.0,0.0,999,13,6,10,2025-42,14,6,10,15,6,10,16,6,10,19,6,10,105.91470000000004,201.50109999999995,291.81539999999995,160.1006,105.91470000000004,201.50109999999995,291.81539999999995,160.1006
2025-10-19 14:00:00+00:00,long_dry,final_eval,0.0,0.0,0.0,999,14,6,10,2025-42,15,6,10,16,6,10,17,6,10,20,6,10,52.32020000000011,167.79870000000005,129.9022,213.57459999999992,52.32020000000011,167.79870000000005,129.9022,213.57459999999992
2025-10-19 15:00:00+00:00,long_dry,final_eval,0.0,0.0,0.0,999,15,6,10,2025-42,16,6,10,17,6,10,18,6,10,21,6,10,230.2288000000001,223.89159999999993,189.79189999999994,-2.9364000000000487,230.2288000000001,223.89159999999993,189.79189999999994,2.9364000000000487
2025-10-19 16:00:00+00:00,long_dry,final_eval,0.0,0.0,0.0,999,16,6,10,2025-42,17,6,10,18,6,10,19,6,10,22,6,10,199.38480000000004,139.7097000000001,160.40110000000004,-293.4206999999999,199.38480000000004,139.7097000000001,160.40110000000004,293.4206999999999
2025-10-19 17:00:00+00:00,long_dry,final_eval,0.0,0.0,0.0,999,17,6,10,2025-42,18,6,10,19,6,10,20,6,10,23,6,10,237.80700000000002,230.02009999999996,241.72839999999997,-427.0839000000001,237.80700000000002,230.02009999999996,241.72839999999997,427.0839000000001
2025-10-19 18:00:00+00:00,long_dry,final_eval,0.0,0.0,0.0,999,18,6,10,2025-42,19,6,10,20,6,10,21,6,10,0,0,10,189.68499999999995,160.80079999999998,-64.5824,-346.63385000000005,189.68499999999995,160.80079999999998,64.5824,346.63385000000005
2025-10-19 19:00:00+00:00,long_dry,final_eval,0.0,0.0,0.0,999,19,6,10,2025-42,20,6,10,21,6,10,22,6,10,1,0,10,237.7645,-16.206500000000005,-252.3949,-397.48046999999997,237.7645,16.206500000000005,252.3949,397.48046999999997
2025-10-19 20:00:00+00:00,long_dry,final_eval,0.0,0.0,0.0,999,20,6,10,2025-42,21,6,10,22,6,10,23,6,10,2,0,10,3.2887000000000626,-259.1548,-500.15149999999994,-527.9222,3.2887000000000626,259.1548,500.15149999999994,527.9222
2025-10-19 21:00:00+00:00,long_dry,final_eval,0.0,0.0,0.0,999,21,6,10,2025-42,22,6,10,23,6,10,0,0,10,3,0,10,-115.0755999999999,-324.0818999999999,-444.35504000000003,-306.4659,115.0755999999999,324.0818999999999,444.35504000000003,306.4659
2025-10-19 22:00:00+00:00,long_dry,final_eval,0.0,0.0,0.0,999,22,6,10,2025-42,23,6,10,0,0,10,1,0,10,4,0,10,-305.17910000000006,-355.83180000000004,-255.51044000000002,-133.9595,305.17910000000006,355.83180000000004,255.51044000000002,133.9595
2025-10-19 23:00:00+00:00,long_dry,final_eval,0.0,0.0,0.0,999,23,6,10,2025-42,0,0,10,1,0,10,2,0,10,5,0,10,-149.67615,-55.89099999999996,-224.58066000000002,-73.386925,149.67615,55.89099999999996,224.58066000000002,73.386925
2025-10-20 00:00:00+00:00,long_dry,final_eval,0.0,0.0,0.0,999,0,0,10,2025-42,1,0,10,2,0,10,3,0,10,6,0,10,22.803740000000005,-174.72015,-76.66681,-25.38308,22.803740000000005,174.72015,76.66681,25.38308
2025-10-20 01:00:00+00:00,long_dry,final_eval,0.0,0.0,0.0,999,1,0,10,2025-42,2,0,10,3,0,10,4,0,10,7,0,10,-175.18563999999998,-83.19745,-74.80860999999999,-29.136963,175.18563999999998,83.19745,74.80860999999999,29.136963
2025-10-20 10:00:00+00:00,recent_rain,final_eval,0.0,4.699999999999999,4.699999999999999,3,10,0,10,2025-42,11,0,10,12,0,10,13,0,10,16,0,10,-50.62760000000003,278.1635000000001,-155.47810000000004,-319.44579999999996,50.62760000000003,278.1635000000001,155.47810000000004,319.44579999999996
2025-10-20 11:00:00+00:00,recent_rain,final_eval,0.0,4.699999999999999,4.699999999999999,4,11,0,10,2025-42,12,0,10,13,0,10,14,0,10,17,0,10,271.7306000000001,-40.70479999999998,-222.62334999999996,-278.93510000000003,271.7306000000001,40.70479999999998,222.62334999999996,278.93510000000003
2025-10-20 12:00:00+00:00,recent_rain,final_eval,0.0,4.699999999999999,4.699999999999999,5,12,0,10,2025-42,13,0,10,14,0,10,15,0,10,18,0,10,-198.37709999999993,-211.87243999999998,-146.3206,-100.9076,198.37709999999993,211.87243999999998,146.3206,100.9076
2025-10-20 13:00:00+00:00,recent_rain,final_eval,0.0,4.699999999999999,4.699999999999999,6,13,0,10,2025-42,14,0,10,15,0,10,16,0,10,19,0,10,-191.67740000000003,-176.14710000000002,-201.36474999999996,-27.129500000000007,191.67740000000003,176.14710000000002,201.36474999999996,27.129500000000007
2025-10-20 14:00:00+00:00,recent_rain,final_eval,0.0,4.699999999999999,4.699999999999999,7,14,0,10,2025-42,15,0,10,16,0,10,17,0,10,20,0,10,-23.482849999999985,-28.458799999999997,-130.82135000000005,-86.12200000000007,23.482849999999985,28.458799999999997,130.82135000000005,86.12200000000007
2025-10-20 15:00:00+00:00,recent_rain,final_eval,0.0,4.6,4.699999999999999,8,15,0,10,2025-42,16,0,10,17,0,10,18,0,10,21,0,10,15.379000000000019,-102.06835999999998,-123.29864999999995,419.9905000000001,15.379000000000019,102.06835999999998,123.29864999999995,419.9905000000001
2025-10-20 16:00:00+00:00,recent_rain,final_eval,0.0,1.0999999999999999,4.699999999999999,9,16,0,10,2025-42,17,0,10,18,0,10,19,0,10,22,0,10,-56.488399999999956,10.265700000000038,115.23889999999994,38.4541999999999,56.488399999999956,10.265700000000038,115.23889999999994,38.4541999999999
2025-10-21 08:00:00+00:00,long_dry,final_eval,0.0,0.0,0.0,999,8,1,10,2025-42,9,1,10,10,1,10,11,1,10,14,1,10,8.100999999999999,62.77715999999998,163.15049999999997,-27.414369999999963,8.100999999999999,62.77715999999998,163.15049999999997,27.414369999999963
2025-10-21 09:00:00+00:00,long_dry,final_eval,0.0,0.0,0.0,999,9,1,10,2025-42,10,1,10,11,1,10,12,1,10,15,1,10,4.585399999999993,143.69780000000003,655.1608000000001,-107.58605999999997,4.585399999999993,143.69780000000003,655.1608000000001,107.58605999999997
2025-10-21 10:00:00+00:00,long_dry,final_eval,0.0,0.0,0.0,999,10,1,10,2025-42,11,1,10,12,1,10,13,1,10,16,1,10,24.9837,630.7552000000001,-48.07300000000009,-73.45370000000003,24.9837,630.7552000000001,48.07300000000009,73.45370000000003
2025-10-21 11:00:00+00:00,long_dry,final_eval,0.0,0.0,0.0,999,11,1,10,2025-42,12,1,10,13,1,10,14,1,10,17,1,10,611.8779999999999,19.662799999999947,-182.7147,-85.73569999999995,611.8779999999999,19.662799999999947,182.7147,85.73569999999995
2025-10-21 12:00:00+00:00,long_dry,final_eval,0.0,0.0,0.0,999,12,1,10,2025-42,13,1,10,14,1,10,15,1,10,18,1,10,-31.095000000000027,-124.17639999999994,-13.38855000000001,41.409200000000055,31.095000000000027,124.17639999999994,13.38855000000001,41.409200000000055
2025-10-21 13:00:00+00:00,long_dry,final_eval,0.0,0.0,0.0,999,13,1,10,2025-42,14,1,10,15,1,10,16,1,10,19,1,10,-97.56420000000003,-27.30079999999998,8.23784999999998,252.01559999999995,97.56420000000003,27.30079999999998,8.23784999999998,252.01559999999995
2025-10-21 14:00:00+00:00,long_dry,final_eval,0.0,0.0,0.0,999,14,1,10,2025-42,15,1,10,16,1,10,17,1,10,20,1,10,49.34265000000005,106.96410000000003,-12.316649999999981,242.92820000000006,49.34265000000005,106.96410000000003,12.316649999999981,242.92820000000006
2025-10-21 15:00:00+00:00,long_dry,final_eval,0.0,0.0,0.0,999,15,1,10,2025-42,16,1,10,17,1,10,18,1,10,21,1,10,44.783300000000054,-0.20180000000004839,-38.237300000000005,1006.191,44.783300000000054,0.20180000000004839,38.237300000000005,1006.191
2025-10-21 16:00:00+00:00,long_dry,final_eval,0.0,0.0,0.0,999,16,1,10,2025-42,17,1,10,18,1,10,19,1,10,22,1,10,-3.53125,68.65845000000002,294.87660000000005,462.4733000000001,3.53125,68.65845000000002,294.87660000000005,462.4733000000001
2025-10-21 17:00:00+00:00,long_dry,final_eval,0.0,0.0,0.0,999,17,1,10,2025-42,18,1,10,19,1,10,20,1,10,23,1,10,-107.50330000000008,47.59629999999993,225.37069999999994,218.12069999999994,107.50330000000008,47.59629999999993,225.37069999999994,218.12069999999994
2025-10-21 18:00:00+00:00,long_dry,final_eval,0.0,0.0,0.0,999,18,1,10,2025-42,19,1,10,20,1,10,21,1,10,0,2,10,-28.956500000000005,60.400100000000066,916.5662,133.01430000000005,28.956500000000005,60.400100000000066,916.5662,133.01430000000005
2025-10-21 19:00:00+00:00,long_dry,final_eval,0.0,0.0,0.0,999,19,1,10,2025-42,20,1,10,21,1,10,22,1,10,1,2,10,-17.694099999999935,748.1690000000001,501.18910000000005,11.4375,17.694099999999935,748.1690000000001,501.18910000000005,11.4375
2025-10-21 20:00:00+00:00,long_dry,final_eval,0.0,0.0,0.0,999,20,1,10,2025-42,21,1,10,22,1,10,23,1,10,2,2,10,825.0879,352.29639999999995,-24.096700000000055,71.26469999999995,825.0879,352.29639999999995,24.096700000000055,71.26469999999995
2025-10-21 21:00:00+00:00,long_dry,final_eval,0.0,0.0,0.0,999,21,1,10,2025-42,22,1,10,23,1,10,0,2,10,3,2,10,385.0927999999999,-85.16489999999999,-101.99109999999996,-41.63348000000002,385.0927999999999,85.16489999999999,101.99109999999996,41.63348000000002
2025-10-21 22:00:00+00:00,long_dry,final_eval,0.0,0.0,0.0,999,22,1,10,2025-42,23,1,10,0,2,10,1,2,10,4,2,10,77.0139999999999,-32.95119999999997,-15.00279999999998,-48.24635000000001,77.0139999999999,32.95119999999997,15.00279999999998,48.24635000000001
2025-10-21 23:00:00+00:00,long_dry,final_eval,0.0,0.0,0.0,999,23,1,10,2025-42,0,2,10,1,2,10,2,2,10,5,2,10,0.2637999999999465,10.077449999999999,61.08330000000001,-60.412229999999994,0.2637999999999465,10.077449999999999,61.08330000000001,60.412229999999994
2025-10-22 00:00:00+00:00,long_dry,final_eval,0.0,0.0,0.0,999,0,2,10,2025-42,1,2,10,2,2,10,3,2,10,6,2,10,17.110000000000014,92.30290000000002,39.46267999999998,-28.234177000000003,17.110000000000014,92.30290000000002,39.46267999999998,28.234177000000003
2025-10-22 01:00:00+00:00,long_dry,final_eval,0.0,0.0,0.0,999,1,2,10,2025-42,2,2,10,3,2,10,4,2,10,7,2,10,24.11869999999999,-6.176670000000001,-42.78667999999999,-23.181963,24.11869999999999,6.176670000000001,42.78667999999999,23.181963
2025-10-22 05:00:00+00:00,recovery,final_eval,0.0,5.8999999999999995,5.8999999999999995,1,5,2,10,2025-42,6,2,10,7,2,10,8,2,10,11,2,10,-14.80253,-21.49861,6.768940000000001,125.40497000000005,14.80253,21.49861,6.768940000000001,125.40497000000005
2025-10-22 06:00:00+00:00,recovery,final_eval,0.0,5.8999999999999995,5.8999999999999995,2,6,2,10,2025-42,7,2,10,8,2,10,9,2,10,12,2,10,-20.699314,-1.740077999999997,18.04553,557.8153,20.699314,1.740077999999997,18.04553,557.8153
2025-10-22 07:00:00+00:00,recovery,final_eval,0.0,5.8999999999999995,5.8999999999999995,3,7,2,10,2025-42,8,2,10,9,2,10,10,2,10,13,2,10,3.2061160000000015,30.752426,62.46364999999997,55.25365999999997,3.2061160000000015,30.752426,62.46364999999997,55.25365999999997
2025-10-22 10:00:00+00:00,recovery,final_eval,0.0,6.0,6.0,1,10,2,10,2025-42,11,2,10,12,2,10,13,2,10,16,2,10,26.52030000000002,634.8435999999999,-58.83089999999993,-103.95569999999998,26.52030000000002,634.8435999999999,58.83089999999993,103.95569999999998
2025-10-22 11:00:00+00:00,recovery,final_eval,0.0,6.0,6.0,2,11,2,10,2025-42,12,2,10,13,2,10,14,2,10,17,2,10,683.9929,89.11099999999999,-132.69500000000005,-79.30804,683.9929,89.11099999999999,132.69500000000005,79.30804
2025-10-22 12:00:00+00:00,recovery,final_eval,0.0,6.0,6.0,3,12,2,10,2025-42,13,2,10,14,2,10,15,2,10,18,2,10,3.6165000000000873,-65.71966999999995,37.22950000000003,44.880199999999945,3.6165000000000873,65.71966999999995,37.22950000000003,44.880199999999945
2025-10-23 10:00:00+00:00,long_dry,final_eval,0.0,0.0,0.0,999,10,3,10,2025-42,11,3,10,12,3,10,13,3,10,16,3,10,146.6404,546.355,-1.0896999999999935,-163.91650000000004,146.6404,546.355,1.0896999999999935,163.91650000000004
2025-10-23 11:00:00+00:00,long_dry,final_eval,0.0,0.0,0.0,999,11,3,10,2025-42,12,3,10,13,3,10,14,3,10,17,3,10,515.1927000000001,102.03020000000004,-131.78234999999995,-92.01556000000005,515.1927000000001,102.03020000000004,131.78234999999995,92.01556000000005
2025-10-23 12:00:00+00:00,long_dry,final_eval,0.0,0.0,0.0,999,12,3,10,2025-42,13,3,10,14,3,10,15,3,10,18,3,10,46.95589999999993,-45.17399999999998,-58.819759999999974,0.3951399999999694,46.95589999999993,45.17399999999998,58.819759999999974,0.3951399999999694
2025-10-23 13:00:00+00:00,long_dry,final_eval,0.0,0.0,0.0,999,13,3,10,2025-42,14,3,10,15,3,10,16,3,10,19,3,10,-59.993600000000015,-99.73220000000003,-19.44780000000003,244.59359999999992,59.993600000000015,99.73220000000003,19.44780000000003,244.59359999999992
2025-10-23 14:00:00+00:00,long_dry,final_eval,0.0,0.0,0.0,999,14,3,10,2025-42,15,3,10,16,3,10,17,3,10,20,3,10,-62.92930000000001,75.54660000000001,-55.10913000000005,143.9181000000001,62.92930000000001,75.54660000000001,55.10913000000005,143.9181000000001
2025-10-23 15:00:00+00:00,long_dry,final_eval,0.0,0.0,0.0,999,15,3,10,2025-42,16,3,10,17,3,10,18,3,10,21,3,10,162.07947000000001,77.03143,-35.38445999999999,746.7072000000001,162.07947000000001,77.03143,35.38445999999999,746.7072000000001
2025-10-23 16:00:00+00:00,long_dry,final_eval,0.0,0.0,0.0,999,16,3,10,2025-42,17,3,10,18,3,10,19,3,10,22,3,10,13.329830000000015,-12.248000000000047,258.7849000000001,340.23800000000006,13.329830000000015,12.248000000000047,258.7849000000001,340.23800000000006
2025-10-23 17:00:00+00:00,long_dry,final_eval,0.0,0.0,0.0,999,17,3,10,2025-42,18,3,10,19,3,10,20,3,10,23,3,10,-128.72630000000004,49.69810000000007,138.8420000000001,-15.160499999999956,128.72630000000004,49.69810000000007,138.8420000000001,15.160499999999956
2025-10-23 18:00:00+00:00,long_dry,final_eval,0.0,0.0,0.0,999,18,3,10,2025-42,19,3,10,20,3,10,21,3,10,0,4,10,72.24299999999994,119.74229999999989,622.838,-89.61770000000001,72.24299999999994,119.74229999999989,622.838,89.61770000000001
2025-10-23 19:00:00+00:00,long_dry,final_eval,0.0,0.0,0.0,999,19,3,10,2025-42,20,3,10,21,3,10,22,3,10,1,4,10,-78.15830000000005,447.07400000000007,420.95849999999996,-74.31960000000004,78.15830000000005,447.07400000000007,420.95849999999996,74.31960000000004
2025-10-23 20:00:00+00:00,long_dry,final_eval,0.0,0.0,0.0,999,20,3,10,2025-42,21,3,10,22,3,10,23,3,10,2,4,10,520.6539,278.58580000000006,-164.07799999999997,18.620540000000005,520.6539,278.58580000000006,164.07799999999997,18.620540000000005
2025-10-23 21:00:00+00:00,long_dry,final_eval,0.0,0.0,0.0,999,21,3,10,2025-42,22,3,10,23,3,10,0,4,10,3,4,10,295.1881000000001,-249.51009999999997,-233.81420000000003,-61.01343000000003,295.1881000000001,249.51009999999997,233.81420000000003,61.01343000000003
2025-10-23 22:00:00+00:00,long_dry,final_eval,0.0,0.0,0.0,999,22,3,10,2025-42,23,3,10,0,4,10,1,4,10,4,4,10,-47.80819999999994,-167.1072999999999,-98.74896000000001,-67.40521000000001,47.80819999999994,167.1072999999999,98.74896000000001,67.40521000000001
2025-10-23 23:00:00+00:00,long_dry,final_eval,0.0,0.0,0.0,999,23,3,10,2025-42,0,4,10,1,4,10,2,4,10,5,4,10,-101.83249999999998,-48.07590000000005,3.526860000000056,-45.594300000000004,101.83249999999998,48.07590000000005,3.526860000000056,45.594300000000004
2025-10-24 00:00:00+00:00,long_dry,final_eval,0.0,0.0,0.0,999,0,4,10,2025-42,1,4,10,2,4,10,3,4,10,6,4,10,-0.4554399999999532,68.81690000000003,11.623800000000017,-21.020454,0.4554399999999532,68.81690000000003,11.623800000000017,21.020454
2025-10-24 01:00:00+00:00,long_dry,final_eval,0.0,0.0,0.0,999,1,4,10,2025-42,2,4,10,3,4,10,4,4,10,7,4,10,7.969100000000026,-37.32094999999998,-47.62415999999999,-16.703167,7.969100000000026,37.32094999999998,47.62415999999999,16.703167
2025-10-24 02:00:00+00:00,long_dry,final_eval,0.0,0.0,0.0,999,2,4,10,2025-42,3,4,10,4,4,10,5,4,10,8,4,10,-103.99029999999999,-64.46239,-16.87205,-2.2193200000000033,103.99029999999999,64.46239,16.87205,2.2193200000000033
2025-10-24 03:00:00+00:00,long_dry,final_eval,0.0,0.0,0.0,999,3,4,10,2025-42,4,4,10,5,4,10,6,4,10,9,4,10,-26.792270000000002,3.578090000000003,-9.984028000000002,4.635760000000005,26.792270000000002,3.578090000000003,9.984028000000002,4.635760000000005
2025-10-24 04:00:00+00:00,long_dry,final_eval,0.0,0.0,0.0,999,4,4,10,2025-42,5,4,10,6,4,10,7,4,10,10,4,10,11.771140000000003,3.071716000000002,-3.147689999999997,10.487149999999986,11.771140000000003,3.071716000000002,3.147689999999997,10.487149999999986
2025-10-24 05:00:00+00:00,long_dry,final_eval,0.0,0.0,0.0,999,5,4,10,2025-42,6,4,10,7,4,10,8,4,10,11,4,10,5.783484999999999,-0.9546500000000009,8.885143,14.900499999999965,5.783484999999999,0.9546500000000009,8.885143,14.900499999999965
2025-10-24 06:00:00+00:00,long_dry,final_eval,0.0,0.0,0.0,999,6,4,10,2025-42,7,4,10,8,4,10,9,4,10,12,4,10,-2.9543699999999973,0.6569479999999999,28.641304000000005,45.89339999999993,2.9543699999999973,0.6569479999999999,28.641304000000005,45.89339999999993
2025-10-24 07:00:00+00:00,long_dry,final_eval,0.0,0.0,0.0,999,7,4,10,2025-42,8,4,10,9,4,10,10,4,10,13,4,10,2.7416339999999977,29.105576,21.871219999999994,-37.10380000000009,2.7416339999999977,29.105576,21.871219999999994,37.10380000000009
2025-10-24 08:00:00+00:00,long_dry,final_eval,0.0,0.0,0.0,999,8,4,10,2025-42,9,4,10,10,4,10,11,4,10,14,4,10,20.14953,17.835500000000025,-47.403929999999946,-46.68169999999998,20.14953,17.835500000000025,47.403929999999946,46.68169999999998
2025-10-24 09:00:00+00:00,long_dry,final_eval,0.0,0.0,0.0,999,9,4,10,2025-42,10,4,10,11,4,10,12,4,10,15,4,10,-38.85358000000002,-38.468399999999974,121.41969999999992,-111.40629999999999,38.85358000000002,38.468399999999974,121.41969999999992,111.40629999999999
2025-10-24 10:00:00+00:00,long_dry,final_eval,0.0,0.0,0.0,999,10,4,10,2025-42,11,4,10,12,4,10,13,4,10,16,4,10,-38.909059999999954,183.21280000000002,-83.07079999999996,-142.1023,38.909059999999954,183.21280000000002,83.07079999999996,142.1023
2025-10-24 11:00:00+00:00,long_dry,final_eval,0.0,0.0,0.0,999,11,4,10,2025-42,12,4,10,13,4,10,14,4,10,17,4,10,118.21460000000002,-149.84359999999992,-307.0900999999999,-119.70620000000008,118.21460000000002,149.84359999999992,307.0900999999999,119.70620000000008
2025-10-24 12:00:00+00:00,long_dry,final_eval,0.0,0.0,0.0,999,12,4,10,2025-42,13,4,10,14,4,10,15,4,10,18,4,10,-112.10529999999994,-149.59500000000003,-41.89702999999997,-11.072300000000041,112.10529999999994,149.59500000000003,41.89702999999997,11.072300000000041
2025-10-24 13:00:00+00:00,long_dry,final_eval,0.0,0.0,0.0,999,13,4,10,2025-42,14,4,10,15,4,10,16,4,10,19,4,10,-134.12210000000005,-48.615099999999984,-5.688840000000027,210.72910000000002,134.12210000000005,48.615099999999984,5.688840000000027,210.72910000000002
2025-10-24 14:00:00+00:00,long_dry,final_eval,0.0,0.0,0.0,999,14,4,10,2025-42,15,4,10,16,4,10,17,4,10,20,4,10,42.31309999999996,104.24603000000002,40.84069999999997,200.1853000000001,42.31309999999996,104.24603000000002,40.84069999999997,200.1853000000001
2025-10-24 15:00:00+00:00,long_dry,final_eval,0.0,0.0,0.0,999,15,4,10,2025-42,16,4,10,17,4,10,18,4,10,21,4,10,111.24080000000004,101.32659999999998,11.353399999999965,194.16699999999992,111.24080000000004,101.32659999999998,11.353399999999965,194.16699999999992
2025-10-24 16:00:00+00:00,long_dry,final_eval,0.0,0.0,0.0,999,16,4,10,2025-42,17,4,10,18,4,10,19,4,10,22,4,10,23.47109999999998,-36.455200000000104,106.76060000000007,26.823699999999917,23.47109999999998,36.455200000000104,106.76060000000007,26.823699999999917
2025-10-24 17:00:00+00:00,long_dry,final_eval,0.0,0.0,0.0,999,17,4,10,2025-42,18,4,10,19,4,10,20,4,10,23,4,10,-107.11570000000006,-1.0246999999999389,61.21499999999992,-52.986900000000105,107.11570000000006,1.0246999999999389,61.21499999999992,52.986900000000105
2025-10-24 18:00:00+00:00,long_dry,final_eval,0.0,0.0,0.0,999,18,4,10,2025-42,19,4,10,20,4,10,21,4,10,0,5,10,37.311500000000024,35.918100000000095,244.76170000000002,-148.51085999999998,37.311500000000024,35.918100000000095,244.76170000000002,148.51085999999998
2025-10-24 19:00:00+00:00,long_dry,final_eval,0.0,0.0,0.0,999,19,4,10,2025-42,20,4,10,21,4,10,22,4,10,1,5,10,-70.13660000000004,110.65650000000005,37.9855,-172.02959999999996,70.13660000000004,110.65650000000005,37.9855,172.02959999999996
2025-10-24 20:00:00+00:00,long_dry,final_eval,0.0,0.0,0.0,999,20,4,10,2025-42,21,4,10,22,4,10,23,4,10,2,5,10,150.7876000000001,-70.63290000000006,-197.31600000000003,-59.11414000000002,150.7876000000001,70.63290000000006,197.31600000000003,59.11414000000002
2025-10-24 21:00:00+00:00,long_dry,final_eval,0.0,0.0,0.0,999,21,4,10,2025-42,22,4,10,23,4,10,0,5,10,3,5,10,-52.690900000000056,-283.9918,-370.2122999999999,153.84183000000002,52.690900000000056,283.9918,370.2122999999999,153.84183000000002
2025-10-24 22:00:00+00:00,long_dry,final_eval,0.0,0.0,0.0,999,22,4,10,2025-42,23,4,10,0,5,10,1,5,10,4,5,10,-54.269199999999955,-225.45859999999993,-201.41296,162.46096999999997,54.269199999999955,225.45859999999993,201.41296,162.46096999999997
2025-10-24 23:00:00+00:00,long_dry,final_eval,0.0,0.0,0.0,999,23,4,10,2025-42,0,5,10,1,5,10,2,5,10,5,5,10,-199.3925999999999,-150.96709999999996,-126.91089999999997,106.12165999999999,199.3925999999999,150.96709999999996,126.91089999999997,106.12165999999999
2025-10-25 00:00:00+00:00,long_dry,final_eval,0.0,0.0,0.0,999,0,5,10,2025-42,1,5,10,2,5,10,3,5,10,6,5,10,-18.21094000000005,28.88390000000004,178.52637,84.430824,18.21094000000005,28.88390000000004,178.52637,84.430824
2025-10-25 01:00:00+00:00,long_dry,final_eval,0.0,0.0,0.0,999,1,5,10,2025-42,2,5,10,3,5,10,4,5,10,7,5,10,-56.53499999999997,106.45479999999998,105.48914000000002,-1.1313499999999976,56.53499999999997,106.45479999999998,105.48914000000002,1.1313499999999976
2025-10-25 02:00:00+00:00,long_dry,final_eval,0.0,0.0,0.0,999,2,5,10,2025-42,3,5,10,4,5,10,5,5,10,8,5,10,20.41985999999997,39.11750000000001,48.705659999999995,3.509655000000002,20.41985999999997,39.11750000000001,48.705659999999995,3.509655000000002
2025-10-25 03:00:00+00:00,long_dry,final_eval,0.0,0.0,0.0,999,3,5,10,2025-42,4,5,10,5,5,10,6,5,10,9,5,10,-85.78894000000003,-27.878330000000005,41.64359999999999,-29.813010000000006,85.78894000000003,27.878330000000005,41.64359999999999,29.813010000000006
2025-10-25 04:00:00+00:00,long_dry,final_eval,0.0,0.0,0.0,999,4,5,10,2025-42,5,5,10,6,5,10,7,5,10,10,5,10,32.5034,41.07549,-17.213660000000004,-26.476560000000006,32.5034,41.07549,17.213660000000004,26.476560000000006
2025-10-25 05:00:00+00:00,long_dry,final_eval,0.0,0.0,0.0,999,5,5,10,2025-42,6,5,10,7,5,10,8,5,10,11,5,10,7.058799999999991,-21.371139999999997,-13.845849999999999,-44.53775000000002,7.058799999999991,21.371139999999997,13.845849999999999,44.53775000000002
2025-10-25 06:00:00+00:00,long_dry,final_eval,0.0,0.0,0.0,999,6,5,10,2025-42,7,5,10,8,5,10,9,5,10,12,5,10,2.860590000000002,-2.1604079999999968,4.909999999999997,-90.31395999999995,2.860590000000002,2.1604079999999968,4.909999999999997,90.31395999999995
2025-10-25 07:00:00+00:00,long_dry,final_eval,0.0,0.0,0.0,999,7,5,10,2025-42,8,5,10,9,5,10,10,5,10,13,5,10,5.754894,6.747969999999995,-10.684269999999998,-85.89969999999994,5.754894,6.747969999999995,10.684269999999998,85.89969999999994
2025-10-25 08:00:00+00:00,long_dry,final_eval,0.0,0.0,0.0,999,8,5,10,2025-42,9,5,10,10,5,10,11,5,10,14,5,10,-4.758544999999998,-25.044250000000005,-148.15674,60.946300000000065,4.758544999999998,25.044250000000005,148.15674,60.946300000000065
2025-10-25 09:00:00+00:00,long_dry,final_eval,0.0,0.0,0.0,999,9,5,10,2025-42,10,5,10,11,5,10,12,5,10,15,5,10,-30.83734000000001,-169.56689999999998,-257.1242,268.8306,30.83734000000001,169.56689999999998,257.1242,268.8306
2025-10-25 10:00:00+00:00,long_dry,final_eval,0.0,0.0,0.0,999,10,5,10,2025-42,11,5,10,12,5,10,13,5,10,16,5,10,-187.37673999999998,-257.75214000000005,-19.26995999999997,301.50839999999994,187.37673999999998,257.75214000000005,19.26995999999997,301.50839999999994
2025-10-25 11:00:00+00:00,long_dry,final_eval,0.0,0.0,0.0,999,11,5,10,2025-42,12,5,10,13,5,10,14,5,10,17,5,10,-169.52639999999997,15.831050000000005,132.38239999999996,317.88840000000005,169.52639999999997,15.831050000000005,132.38239999999996,317.88840000000005
2025-10-25 12:00:00+00:00,long_dry,final_eval,0.0,0.0,0.0,999,12,5,10,2025-42,13,5,10,14,5,10,15,5,10,18,5,10,45.074949999999944,150.62725999999998,363.18129999999996,335.4121,45.074949999999944,150.62725999999998,363.18129999999996,335.4121
2025-10-25 13:00:00+00:00,long_dry,final_eval,0.0,0.0,0.0,999,13,5,10,2025-42,14,5,10,15,5,10,16,5,10,19,5,10,2.932900000000018,216.4054000000001,295.8043,350.3499999999999,2.932900000000018,216.4054000000001,295.8043,350.3499999999999
2025-10-25 14:00:00+00:00,long_dry,final_eval,0.0,0.0,0.0,999,14,5,10,2025-42,15,5,10,16,5,10,17,5,10,20,5,10,89.18759999999997,108.8889999999999,181.92769999999996,161.29369999999994,89.18759999999997,108.8889999999999,181.92769999999996,161.29369999999994
2025-10-25 15:00:00+00:00,long_dry,final_eval,0.0,0.0,0.0,999,15,5,10,2025-42,16,5,10,17,5,10,18,5,10,21,5,10,109.97510000000011,158.96389999999997,191.69309999999996,62.72340000000008,109.97510000000011,158.96389999999997,191.69309999999996,62.72340000000008
2025-10-25 16:00:00+00:00,long_dry,final_eval,0.0,0.0,0.0,999,16,5,10,2025-42,17,5,10,18,5,10,19,5,10,22,5,10,257.1515999999999,265.2950000000001,296.8936000000001,-61.97510000000011,257.1515999999999,265.2950000000001,296.8936000000001,61.97510000000011
2025-10-25 17:00:00+00:00,long_dry,final_eval,0.0,0.0,0.0,999,17,5,10,2025-42,18,5,10,19,5,10,20,5,10,23,5,10,200.49170000000004,159.35220000000004,-2.65930000000003,-243.7219,200.49170000000004,159.35220000000004,2.65930000000003,243.7219
2025-10-25 18:00:00+00:00,long_dry,final_eval,0.0,0.0,0.0,999,18,5,10,2025-42,19,5,10,20,5,10,21,5,10,0,6,10,128.1905999999999,-86.60310000000004,-166.2161000000001,-253.86799999999994,128.1905999999999,86.60310000000004,166.2161000000001,253.86799999999994
2025-10-25 19:00:00+00:00,long_dry,final_eval,0.0,0.0,0.0,999,19,5,10,2025-42,20,5,10,21,5,10,22,5,10,1,6,10,-15.96329999999989,-153.16650000000004,-206.8520000000001,-262.47749999999996,15.96329999999989,153.16650000000004,206.8520000000001,262.47749999999996
2025-10-25 20:00:00+00:00,long_dry,final_eval,0.0,0.0,0.0,999,20,5,10,2025-42,21,5,10,22,5,10,23,5,10,2,6,10,64.30259999999998,-14.916099999999915,-225.7509,-11.794070000000033,64.30259999999998,14.916099999999915,225.7509,11.794070000000033
2025-10-25 21:00:00+00:00,long_dry,final_eval,0.0,0.0,0.0,999,21,5,10,2025-42,22,5,10,23,5,10,0,6,10,3,6,10,30.608799999999974,-147.57950000000005,-285.8107,159.93489999999997,30.608799999999974,147.57950000000005,285.8107,159.93489999999997
2025-10-25 22:00:00+00:00,long_dry,final_eval,0.0,0.0,0.0,999,22,5,10,2025-42,23,5,10,0,6,10,1,6,10,4,6,10,-168.4384,-223.51700000000005,-179.15329999999994,140.86322,168.4384,223.51700000000005,179.15329999999994,140.86322
2025-10-25 23:00:00+00:00,long_dry,final_eval,0.0,0.0,0.0,999,23,5,10,2025-42,0,6,10,1,6,10,2,6,10,5,6,10,-118.10609999999997,-62.61554000000001,52.08923000000004,138.81505,118.10609999999997,62.61554000000001,52.08923000000004,138.81505
2025-10-26 00:00:00+00:00,long_dry,final_eval,0.0,0.0,0.0,999,0,6,10,2025-43,1,6,10,2,6,10,3,6,10,6,6,10,-39.8886,125.93915000000004,237.75400000000002,124.72183,39.8886,125.93915000000004,237.75400000000002,124.72183
2025-10-26 01:00:00+00:00,long_dry,final_eval,0.0,0.0,0.0,999,1,6,10,2025-43,2,6,10,3,6,10,4,6,10,7,6,10,51.87049999999999,164.20929999999998,96.79570000000001,25.233379999999997,51.87049999999999,164.20929999999998,96.79570000000001,25.233379999999997
2025-10-26 02:00:00+00:00,long_dry,final_eval,0.0,0.0,0.0,999,2,6,10,2025-43,3,6,10,4,6,10,5,6,10,8,6,10,2.890260000000012,-42.35217,30.898439999999994,6.908730000000006,2.890260000000012,42.35217,30.898439999999994,6.908730000000006
2025-10-26 03:00:00+00:00,long_dry,final_eval,0.0,0.0,0.0,999,3,6,10,2025-43,4,6,10,5,6,10,6,6,10,9,6,10,-149.28107,-20.456700000000012,83.89517000000001,113.64968,149.28107,20.456700000000012,83.89517000000001,113.64968
2025-10-26 04:00:00+00:00,long_dry,final_eval,0.0,0.0,0.0,999,4,6,10,2025-43,5,6,10,6,6,10,7,6,10,10,6,10,60.39816000000002,72.73497,6.17895,33.561829999999986,60.39816000000002,72.73497,6.17895,33.561829999999986
2025-10-26 05:00:00+00:00,long_dry,final_eval,0.0,0.0,0.0,999,5,6,10,2025-43,6,6,10,7,6,10,8,6,10,11,6,10,45.11019999999999,-6.422470000000004,-10.977149999999995,71.51202,45.11019999999999,6.422470000000004,10.977149999999995,71.51202
2025-10-26 06:00:00+00:00,long_dry,final_eval,0.0,0.0,0.0,999,6,6,10,2025-43,7,6,10,8,6,10,9,6,10,12,6,10,2.6426199999999938,-5.451099999999997,130.23475000000002,324.57217,2.6426199999999938,5.451099999999997,130.23475000000002,324.57217
2025-10-26 07:00:00+00:00,long_dry,final_eval,0.0,0.0,0.0,999,7,6,10,2025-43,8,6,10,9,6,10,10,6,10,13,6,10,15.434382999999997,134.93502,38.99340000000001,37.13904000000002,15.434382999999997,134.93502,38.99340000000001,37.13904000000002
2025-10-26 08:00:00+00:00,long_dry,final_eval,0.0,0.0,0.0,999,8,6,10,2025-43,9,6,10,10,6,10,11,6,10,14,6,10,123.76229,34.093079999999986,-11.495240000000024,291.70949999999993,123.76229,34.093079999999986,11.495240000000024,291.70949999999993
2025-10-26 09:00:00+00:00,long_dry,final_eval,0.0,0.0,0.0,999,9,6,10,2025-43,10,6,10,11,6,10,12,6,10,15,6,10,-252.32641999999998,-382.1305,-226.61896000000002,390.289,252.32641999999998,382.1305,226.61896000000002,390.289
2025-10-26 10:00:00+00:00,long_dry,final_eval,0.0,0.0,0.0,999,10,6,10,2025-43,11,6,10,12,6,10,13,6,10,16,6,10,-14.890139999999974,89.77650000000006,157.91660000000002,438.99199999999996,14.890139999999974,89.77650000000006,157.91660000000002,438.99199999999996
2025-10-26 11:00:00+00:00,long_dry,final_eval,0.0,0.0,0.0,999,11,6,10,2025-43,12,6,10,13,6,10,14,6,10,17,6,10,-137.05505000000005,-4.691900000000032,300.1472000000001,430.2092,137.05505000000005,4.691900000000032,300.1472000000001,430.2092
2025-10-26 12:00:00+00:00,long_dry,final_eval,0.0,0.0,0.0,999,12,6,10,2025-43,13,6,10,14,6,10,15,6,10,18,6,10,-76.12259999999992,180.34030000000007,316.58619999999996,239.3771999999999,76.12259999999992,180.34030000000007,316.58619999999996,239.3771999999999
2025-10-26 13:00:00+00:00,long_dry,final_eval,0.0,0.0,0.0,999,13,6,10,2025-43,14,6,10,15,6,10,16,6,10,19,6,10,169.86040000000003,208.1554000000001,275.6522,121.89699999999993,169.86040000000003,208.1554000000001,275.6522,121.89699999999993
2025-10-26 14:00:00+00:00,long_dry,final_eval,0.0,0.0,0.0,999,14,6,10,2025-43,15,6,10,16,6,10,17,6,10,20,6,10,90.21090000000004,139.212,187.38529999999992,7.060799999999972,90.21090000000004,139.212,187.38529999999992,7.060799999999972
2025-10-26 15:00:00+00:00,long_dry,final_eval,0.0,0.0,0.0,999,15,6,10,2025-43,16,6,10,17,6,10,18,6,10,21,6,10,208.39429999999993,205.42920000000004,110.07349999999997,-21.89390000000003,208.39429999999993,205.42920000000004,110.07349999999997,21.89390000000003
2025-10-26 16:00:00+00:00,long_dry,final_eval,0.0,0.0,0.0,999,16,6,10,2025-43,17,6,10,18,6,10,19,6,10,22,6,10,275.3505,141.8445999999999,57.60269999999991,-241.3744999999999,275.3505,141.8445999999999,57.60269999999991,241.3744999999999
2025-10-26 17:00:00+00:00,long_dry,final_eval,0.0,0.0,0.0,999,17,6,10,2025-43,18,6,10,19,6,10,20,6,10,23,6,10,188.50559999999996,67.12259999999992,-64.53549999999996,-437.2256,188.50559999999996,67.12259999999992,64.53549999999996,437.2256
2025-10-26 18:00:00+00:00,long_dry,final_eval,0.0,0.0,0.0,999,18,6,10,2025-43,19,6,10,20,6,10,21,6,10,0,0,10,150.33449999999993,26.31580000000008,34.67789999999991,-284.2739,150.33449999999993,26.31580000000008,34.67789999999991,284.2739
2025-10-26 19:00:00+00:00,long_dry,final_eval,0.0,0.0,0.0,999,19,6,10,2025-43,20,6,10,21,6,10,22,6,10,1,0,10,88.99990000000003,82.97000000000003,-76.82539999999995,-345.0499,88.99990000000003,82.97000000000003,76.82539999999995,345.0499
2025-10-26 20:00:00+00:00,long_dry,final_eval,0.0,0.0,0.0,999,20,6,10,2025-43,21,6,10,22,6,10,23,6,10,2,0,10,109.30349999999999,-51.75739999999996,-342.3445999999999,-213.03139999999996,109.30349999999999,51.75739999999996,342.3445999999999,213.03139999999996
2025-10-26 21:00:00+00:00,long_dry,final_eval,0.0,0.0,0.0,999,21,6,10,2025-43,22,6,10,23,6,10,0,0,10,3,0,10,-135.2047,-372.08359999999993,-497.8369,-222.61336999999997,135.2047,372.08359999999993,497.8369,222.61336999999997
2025-10-26 22:00:00+00:00,long_dry,final_eval,0.0,0.0,0.0,999,22,6,10,2025-43,23,6,10,0,0,10,1,0,10,4,0,10,-349.17910000000006,-400.83180000000004,-310.51044,-81.95949999999999,349.17910000000006,400.83180000000004,310.51044,81.95949999999999
2025-10-26 23:00:00+00:00,long_dry,final_eval,0.0,0.0,0.0,999,23,6,10,2025-43,0,0,10,1,0,10,2,0,10,5,0,10,-163.17909999999995,-83.82759999999996,50.16239999999999,-45.03237,163.17909999999995,83.82759999999996,50.16239999999999,45.03237
2025-10-27 00:00:00+00:00,long_dry,final_eval,0.0,0.0,0.0,999,0,0,10,2025-43,1,0,10,2,0,10,3,0,10,6,0,10,-4.970759999999984,86.57965000000002,10.523269999999997,-22.125304999999997,4.970759999999984,86.57965000000002,10.523269999999997,22.125304999999997
2025-10-27 01:00:00+00:00,long_dry,final_eval,0.0,0.0,0.0,999,1,0,10,2025-43,2,0,10,3,0,10,4,0,10,7,0,10,93.57310000000001,12.83954,-21.494830000000007,-21.136963,93.57310000000001,12.83954,21.494830000000007,21.136963
2025-10-27 02:00:00+00:00,long_dry,final_eval,0.0,0.0,0.0,999,2,0,10,2025-43,3,0,10,4,0,10,5,0,10,8,0,10,-44.124149999999986,-33.327380000000005,-34.76312,-5.4270739999999975,44.124149999999986,33.327380000000005,34.76312,5.4270739999999975
2025-10-27 03:00:00+00:00,long_dry,final_eval,0.0,0.0,0.0,999,3,0,10,2025-43,4,0,10,5,0,10,6,0,10,9,0,10,-8.010570000000001,-4.983162,-13.515663000000004,-22.226730000000003,8.010570000000001,4.983162,13.515663000000004,22.226730000000003
2025-10-27 04:00:00+00:00,long_dry,final_eval,0.0,0.0,0.0,999,4,0,10,2025-43,5,0,10,6,0,10,7,0,10,10,0,10,-0.9843639999999994,-9.287193000000002,-17.281681,-29.162260000000003,0.9843639999999994,9.287193000000002,17.281681,29.162260000000003
2025-10-27 05:00:00+00:00,long_dry,final_eval,0.0,0.0,0.0,999,5,0,10,2025-43,6,0,10,7,0,10,8,0,10,11,0,10,-10.030074999999997,-16.194347,1.9802669999999978,0.6436999999999671,10.030074999999997,16.194347,1.9802669999999978,0.6436999999999671
2025-10-27 06:00:00+00:00,long_dry,final_eval,0.0,0.0,0.0,999,6,0,10,2025-43,7,0,10,8,0,10,9,0,10,12,0,10,-15.559961000000001,-6.833331999999999,-2.8111339999999956,197.94669999999996,15.559961000000001,6.833331999999999,2.8111339999999956,197.94669999999996
2025-10-27 07:00:00+00:00,long_dry,final_eval,0.0,0.0,0.0,999,7,0,10,2025-43,8,0,10,9,0,10,10,0,10,13,0,10,-1.6092999999999975,7.072235000000006,53.65620000000001,-60.5385,1.6092999999999975,7.072235000000006,53.65620000000001,60.5385
2025-10-27 08:00:00+00:00,long_dry,final_eval,0.0,0.0,0.0,999,8,0,10,2025-43,9,0,10,10,0,10,11,0,10,14,0,10,-15.30922000000001,22.054570000000012,-78.91669999999999,-104.35299999999995,15.30922000000001,22.054570000000012,78.91669999999999,104.35299999999995
2025-10-27 09:00:00+00:00,long_dry,final_eval,0.0,0.0,0.0,999,9,0,10,2025-43,10,0,10,11,0,10,12,0,10,15,0,10,-15.982799999999997,-65.81255999999996,245.2405000000001,-153.55290000000002,15.982799999999997,65.81255999999996,245.2405000000001,153.55290000000002
2025-10-27 10:00:00+00:00,long_dry,final_eval,0.0,0.0,0.0,999,10,0,10,2025-43,11,0,10,12,0,10,13,0,10,16,0,10,-109.1078,255.91149999999993,-163.31680000000006,-151.13477,109.1078,255.91149999999993,163.31680000000006,151.13477
2025-10-27 11:00:00+00:00,long_dry,final_eval,0.0,0.0,0.0,999,11,0,10,2025-43,12,0,10,13,0,10,14,0,10,17,0,10,237.73829999999998,-94.46289999999999,-263.64290000000005,-97.92096000000004,237.73829999999998,94.46289999999999,263.64290000000005,97.92096000000004
2025-10-27 12:00:00+00:00,long_dry,final_eval,0.0,0.0,0.0,999,12,0,10,2025-43,13,0,10,14,0,10,15,0,10,18,0,10,-160.37709999999993,-183.87243999999998,-1.320600000000013,-57.9076,160.37709999999993,183.87243999999998,1.320600000000013,57.9076
2025-10-27 13:00:00+00:00,long_dry,final_eval,0.0,0.0,0.0,999,13,0,10,2025-43,14,0,10,15,0,10,16,0,10,19,0,10,-173.45039999999995,-38.297500000000014,-28.202639999999974,88.20119999999997,173.45039999999995,38.297500000000014,28.202639999999974,88.20119999999997
2025-10-27 14:00:00+00:00,long_dry,final_eval,0.0,0.0,0.0,999,14,0,10,2025-43,15,0,10,16,0,10,17,0,10,20,0,10,84.14606000000003,113.27264000000002,26.041799999999967,27.69920000000002,84.14606000000003,113.27264000000002,26.041799999999967,27.69920000000002
2025-10-27 15:00:00+00:00,long_dry,final_eval,0.0,0.0,0.0,999,15,0,10,2025-43,16,0,10,17,0,10,18,0,10,21,0,10,32.46460000000002,3.841859999999997,-173.7953,358.038,32.46460000000002,3.841859999999997,173.7953,358.038
2025-10-27 16:00:00+00:00,long_dry,final_eval,0.0,0.0,0.0,999,16,0,10,2025-43,17,0,10,18,0,10,19,0,10,22,0,10,17.067440000000033,-90.17456000000004,93.15609999999992,107.9224999999999,17.067440000000033,90.17456000000004,93.15609999999992,107.9224999999999
2025-10-27 17:00:00+00:00,long_dry,final_eval,0.0,0.0,0.0,999,17,0,10,2025-43,18,0,10,19,0,10,20,0,10,23,0,10,-252.49559999999997,-137.13930000000005,-12.11349999999993,-83.46060000000011,252.49559999999997,137.13930000000005,12.11349999999993,83.46060000000011
2025-10-27 18:00:00+00:00,long_dry,final_eval,0.0,0.0,0.0,999,18,0,10,2025-43,19,0,10,20,0,10,21,0,10,0,1,10,119.09130000000005,199.25839999999994,651.5669,-47.6576,119.09130000000005,199.25839999999994,651.5669,47.6576
2025-10-27 19:00:00+00:00,long_dry,final_eval,0.0,0.0,0.0,999,19,0,10,2025-43,20,0,10,21,0,10,22,0,10,1,1,10,-89.97129999999993,295.93370000000004,127.94599999999991,-143.83374000000003,89.97129999999993,295.93370000000004,127.94599999999991,143.83374000000003
2025-10-27 20:00:00+00:00,long_dry,final_eval,0.0,0.0,0.0,999,20,0,10,2025-43,21,0,10,22,0,10,23,0,10,2,1,10,411.3345999999999,21.976599999999962,-237.03469999999993,-1.438570000000027,411.3345999999999,21.976599999999962,237.03469999999993,1.438570000000027
2025-10-27 21:00:00+00:00,long_dry,final_eval,0.0,0.0,0.0,999,21,0,10,2025-43,22,0,10,23,0,10,0,1,10,3,1,10,73.23890000000006,-249.8846000000001,-256.84045000000003,-71.13440000000003,73.23890000000006,249.8846000000001,256.84045000000003,71.13440000000003
2025-10-27 22:00:00+00:00,long_dry,final_eval,0.0,0.0,0.0,999,22,0,10,2025-43,23,0,10,0,1,10,1,1,10,4,1,10,-118.5938000000001,-209.49030000000005,-139.1739,-56.18440000000001,118.5938000000001,209.49030000000005,139.1739,56.18440000000001
2025-10-27 23:00:00+00:00,long_dry,final_eval,0.0,0.0,0.0,999,23,0,10,2025-43,0,1,10,1,1,10,2,1,10,5,1,10,-172.44939999999997,-127.50909999999999,-25.647000000000048,-53.426249999999996,172.44939999999997,127.50909999999999,25.647000000000048,53.426249999999996
2025-10-28 00:00:00+00:00,long_dry,final_eval,0.0,0.0,0.0,999,0,1,10,2025-43,1,1,10,2,1,10,3,1,10,6,1,10,-75.06615999999997,54.17797999999999,19.729420000000005,-18.395519999999998,75.06615999999997,54.17797999999999,19.729420000000005,18.395519999999998
2025-10-28 01:00:00+00:00,long_dry,final_eval,0.0,0.0,0.0,999,1,1,10,2025-43,2,1,10,3,1,10,4,1,10,7,1,10,73.13675,2.345199999999977,-50.03152,-17.615227,73.13675,2.345199999999977,50.03152,17.615227
2025-10-28 02:00:00+00:00,long_dry,final_eval,0.0,0.0,0.0,999,2,1,10,2025-43,3,1,10,4,1,10,5,1,10,8,1,10,-43.527949999999976,-56.90961999999999,-39.717833999999996,6.320889999999999,43.527949999999976,56.90961999999999,39.717833999999996,6.320889999999999
2025-10-28 03:00:00+00:00,long_dry,final_eval,0.0,0.0,0.0,999,3,1,10,2025-43,4,1,10,5,1,10,6,1,10,9,1,10,-35.612624999999994,-19.256230000000002,-9.63814,-5.101219999999998,35.612624999999994,19.256230000000002,9.63814,5.101219999999998
2025-10-28 04:00:00+00:00,long_dry,final_eval,0.0,0.0,0.0,999,4,1,10,2025-43,5,1,10,6,1,10,7,1,10,10,1,10,-9.677574,-3.3116950000000003,-15.04205,1.6419700000000148,9.677574,3.3116950000000003,15.04205,1.6419700000000148
2025-10-28 05:00:00+00:00,long_dry,final_eval,0.0,0.0,0.0,999,5,1,10,2025-43,6,1,10,7,1,10,8,1,10,11,1,10,-2.9525830000000006,-16.322678,9.042476999999998,129.587,2.9525830000000006,16.322678,9.042476999999998,129.587
2025-10-28 06:00:00+00:00,long_dry,final_eval,0.0,0.0,0.0,999,6,1,10,2025-43,7,1,10,8,1,10,9,1,10,12,1,10,-16.506454,1.3287279999999981,2.364784,533.6921,16.506454,1.3287279999999981,2.364784,533.6921
2025-10-28 07:00:00+00:00,long_dry,final_eval,0.0,0.0,0.0,999,7,1,10,2025-43,8,1,10,9,1,10,10,1,10,13,1,10,6.1077960000000004,10.593190000000007,78.05214999999998,94.54340000000002,6.1077960000000004,10.593190000000007,78.05214999999998,94.54340000000002
2025-10-28 08:00:00+00:00,long_dry,final_eval,0.0,0.0,0.0,999,8,1,10,2025-43,9,1,10,10,1,10,11,1,10,14,1,10,-9.620186000000004,49.27838000000003,82.49189999999999,-72.45807000000002,9.620186000000004,49.27838000000003,82.49189999999999,72.45807000000002
2025-10-28 09:00:00+00:00,long_dry,final_eval,0.0,0.0,0.0,999,9,1,10,2025-43,10,1,10,11,1,10,12,1,10,15,1,10,-3.869349999999997,70.09720000000004,560.8315,-193.2464,3.869349999999997,70.09720000000004,560.8315,193.2464
2025-10-28 10:00:00+00:00,long_dry,final_eval,0.0,0.0,0.0,999,10,1,10,2025-43,11,1,10,12,1,10,13,1,10,16,1,10,-34.511600000000044,546.1458,-44.95360000000005,-182.22990000000004,34.511600000000044,546.1458,44.95360000000005,182.22990000000004
2025-10-28 11:00:00+00:00,long_dry,final_eval,0.0,0.0,0.0,999,11,1,10,2025-43,12,1,10,13,1,10,14,1,10,17,1,10,568.204,93.64215000000002,-172.2586,-147.69190000000003,568.204,93.64215000000002,172.2586,147.69190000000003
2025-10-28 12:00:00+00:00,long_dry,final_eval,0.0,0.0,0.0,999,12,1,10,2025-43,13,1,10,14,1,10,15,1,10,18,1,10,-39.63110000000006,-175.72289999999998,-102.23260000000005,-178.03796,39.63110000000006,175.72289999999998,102.23260000000005,178.03796
2025-10-28 13:00:00+00:00,long_dry,final_eval,0.0,0.0,0.0,999,13,1,10,2025-43,14,1,10,15,1,10,16,1,10,19,1,10,-139.40560000000005,-111.45807000000002,-85.76684999999998,55.33310000000006,139.40560000000005,111.45807000000002,85.76684999999998,55.33310000000006
2025-10-28 14:00:00+00:00,long_dry,final_eval,0.0,0.0,0.0,999,14,1,10,2025-43,15,1,10,16,1,10,17,1,10,20,1,10,-0.008000000000038199,41.345339999999965,-58.356899999999996,-6.27579999999989,0.008000000000038199,41.345339999999965,58.356899999999996,6.27579999999989
2025-10-28 15:00:00+00:00,long_dry,final_eval,0.0,0.0,0.0,999,15,1,10,2025-43,16,1,10,17,1,10,18,1,10,21,1,10,75.31934000000001,11.53570000000002,-179.63049999999998,634.6225999999999,75.31934000000001,11.53570000000002,179.63049999999998,634.6225999999999
2025-10-28 16:00:00+00:00,long_dry,final_eval,0.0,0.0,0.0,999,16,1,10,2025-43,17,1,10,18,1,10,19,1,10,22,1,10,-46.93140000000005,-125.06489999999997,103.66930000000002,63.07289999999989,46.93140000000005,125.06489999999997,103.66930000000002,63.07289999999989
2025-10-28 17:00:00+00:00,long_dry,final_eval,0.0,0.0,0.0,999,17,1,10,2025-43,18,1,10,19,1,10,20,1,10,23,1,10,-312.09619999999995,-171.75559999999996,-68.39339999999993,-68.39840000000004,312.09619999999995,171.75559999999996,68.39339999999993,68.39840000000004
2025-10-28 18:00:00+00:00,long_dry,final_eval,0.0,0.0,0.0,999,18,1,10,2025-43,19,1,10,20,1,10,21,1,10,0,2,10,38.80040000000008,142.9792,757.5528999999999,-61.79409999999996,38.80040000000008,142.9792,757.5528999999999,61.79409999999996
2025-10-28 19:00:00+00:00,long_dry,final_eval,0.0,0.0,0.0,999,19,1,10,2025-43,20,1,10,21,1,10,22,1,10,1,2,10,-123.5779,407.1594,123.2460000000001,67.35149999999999,123.5779,407.1594,123.2460000000001,67.35149999999999
2025-10-28 20:00:00+00:00,long_dry,final_eval,0.0,0.0,0.0,999,20,1,10,2025-43,21,1,10,22,1,10,23,1,10,2,2,10,484.0205000000001,-1.4048999999999978,-227.03199999999993,58.43920000000003,484.0205000000001,1.4048999999999978,227.03199999999993,58.43920000000003
2025-10-28 21:00:00+00:00,long_dry,final_eval,0.0,0.0,0.0,999,21,1,10,2025-43,22,1,10,23,1,10,0,2,10,3,2,10,13.497699999999895,-272.0818999999999,-320.5604000000001,-94.09372000000002,13.497699999999895,272.0818999999999,320.5604000000001,94.09372000000002
2025-10-28 22:00:00+00:00,long_dry,final_eval,0.0,0.0,0.0,999,22,1,10,2025-43,23,1,10,0,2,10,1,2,10,4,2,10,-93.05410000000006,-247.44446000000005,54.5634,-31.211669999999998,93.05410000000006,247.44446000000005,54.5634,31.211669999999998
2025-10-28 23:00:00+00:00,long_dry,final_eval,0.0,0.0,0.0,999,23,1,10,2025-43,0,2,10,1,2,10,2,2,10,5,2,10,-168.59979999999996,99.4579,53.33979999999997,-44.862656,168.59979999999996,99.4579,53.33979999999997,44.862656
2025-10-29 00:00:00+00:00,long_dry,final_eval,0.0,0.0,0.0,999,0,2,10,2025-43,1,2,10,2,2,10,3,2,10,6,2,10,176.61210000000005,148.25835999999998,29.86959999999999,-24.957268,176.61210000000005,148.25835999999998,29.86959999999999,24.957268
2025-10-29 01:00:00+00:00,long_dry,final_eval,0.0,0.0,0.0,999,1,2,10,2025-43,2,2,10,3,2,10,4,2,10,7,2,10,-32.807300000000055,-95.12018,-40.73600999999999,-23.285694,32.807300000000055,95.12018,40.73600999999999,23.285694
2025-10-29 02:00:00+00:00,long_dry,final_eval,0.0,0.0,0.0,999,2,2,10,2025-43,3,2,10,4,2,10,5,2,10,8,2,10,-84.6551,-28.226069999999993,-30.04781,-4.294820000000001,84.6551,28.226069999999993,30.04781,4.294820000000001
2025-10-29 03:00:00+00:00,long_dry,final_eval,0.0,0.0,0.0,999,3,2,10,2025-43,4,2,10,5,2,10,6,2,10,9,2,10,5.872249999999994,-9.132275,-18.97547,29.177099999999996,5.872249999999994,9.132275,18.97547,29.177099999999996
2025-10-29 04:00:00+00:00,long_dry,final_eval,0.0,0.0,0.0,999,4,2,10,2025-43,5,2,10,6,2,10,7,2,10,10,2,10,-7.307316,-16.421467,-16.561045,5.403660000000002,7.307316,16.421467,16.561045,5.403660000000002
2025-10-29 05:00:00+00:00,long_dry,final_eval,0.0,0.0,0.0,999,5,2,10,2025-43,6,2,10,7,2,10,8,2,10,11,2,10,-14.865986,-15.207795999999998,-2.262732999999997,105.66719999999998,14.865986,15.207795999999998,2.262732999999997,105.66719999999998
2025-10-29 06:00:00+00:00,long_dry,final_eval,0.0,0.0,0.0,999,6,2,10,2025-43,7,2,10,8,2,10,9,2,10,12,2,10,-13.929008,-10.287402999999998,33.379326000000006,560.4036000000001,13.929008,10.287402999999998,33.379326000000006,560.4036000000001
2025-10-29 07:00:00+00:00,long_dry,final_eval,0.0,0.0,0.0,999,7,2,10,2025-43,8,2,10,9,2,10,10,2,10,13,2,10,-5.649276999999998,45.679016000000004,80.38740000000001,71.8628,5.649276999999998,45.679016000000004,80.38740000000001,71.8628
2025-10-29 08:00:00+00:00,long_dry,final_eval,0.0,0.0,0.0,999,8,2,10,2025-43,9,2,10,10,2,10,11,2,10,14,2,10,19.055419999999998,35.81247000000002,37.34045000000003,-96.97906,19.055419999999998,35.81247000000002,37.34045000000003,96.97906
2025-10-29 09:00:00+00:00,long_dry,final_eval,0.0,0.0,0.0,999,9,2,10,2025-43,10,2,10,11,2,10,12,2,10,15,2,10,-107.32806,-68.59124999999995,553.0245,-217.43219999999997,107.32806,68.59124999999995,553.0245,217.43219999999997
2025-10-29 10:00:00+00:00,long_dry,final_eval,0.0,0.0,0.0,999,10,2,10,2025-43,11,2,10,12,2,10,13,2,10,16,2,10,-48.25080000000003,578.3003000000001,-46.71350000000007,-167.08140000000003,48.25080000000003,578.3003000000001,46.71350000000007,167.08140000000003
2025-10-29 11:00:00+00:00,long_dry,final_eval,0.0,0.0,0.0,999,11,2,10,2025-43,12,2,10,13,2,10,14,2,10,17,2,10,602.2644,37.198099999999954,-260.87829999999997,-185.16679999999997,602.2644,37.198099999999954,260.87829999999997,185.16679999999997
2025-10-29 12:00:00+00:00,long_dry,final_eval,0.0,0.0,0.0,999,12,2,10,2025-43,13,2,10,14,2,10,15,2,10,18,2,10,-18.434999999999945,-162.31449999999995,-30.69665999999995,-85.16436999999996,18.434999999999945,162.31449999999995,30.69665999999995,85.16436999999996
2025-10-29 13:00:00+00:00,long_dry,final_eval,0.0,0.0,0.0,999,13,2,10,2025-43,14,2,10,15,2,10,16,2,10,19,2,10,-163.37009999999998,-72.2749,-63.924800000000005,32.95839999999998,163.37009999999998,72.2749,63.924800000000005,32.95839999999998
2025-10-29 14:00:00+00:00,long_dry,final_eval,0.0,0.0,0.0,999,14,2,10,2025-43,15,2,10,16,2,10,17,2,10,20,2,10,57.294250000000034,95.8089,-37.04880000000003,28.14760000000001,57.294250000000034,95.8089,37.04880000000003,28.14760000000001
2025-10-30 17:00:00+00:00,recovery,final_eval,0.0,54.800000000000004,57.80000000000001,1,17,3,10,2025-43,18,3,10,19,3,10,20,3,10,23,3,10,-132.7482,-72.7822000000001,246.2086999999999,270.20900000000006,132.7482,72.7822000000001,246.2086999999999,270.20900000000006
2025-10-30 18:00:00+00:00,recovery,final_eval,0.0,48.2,57.80000000000001,2,18,3,10,2025-43,19,3,10,20,3,10,21,3,10,0,4,10,-120.53520000000003,34.5145,695.0418999999999,-28.082400000000007,120.53520000000003,34.5145,695.0418999999999,28.082400000000007
2025-10-30 20:00:00+00:00,recovery,final_eval,0.0,35.2,57.30000000000001,1,20,3,10,2025-43,21,3,10,22,3,10,23,3,10,2,4,10,689.1599000000001,281.1738,60.718000000000075,59.27135999999996,689.1599000000001,281.1738,60.718000000000075,59.27135999999996
2025-10-30 21:00:00+00:00,recovery,final_eval,0.0,27.5,57.30000000000001,2,21,3,10,2025-43,22,3,10,23,3,10,0,4,10,3,4,10,371.0164,63.80989999999997,-134.41600000000005,104.27353,371.0164,63.80989999999997,134.41600000000005,104.27353
2025-10-30 22:00:00+00:00,recovery,final_eval,0.0,19.3,57.20000000000001,3,22,3,10,2025-43,23,3,10,0,4,10,1,4,10,4,4,10,173.08799999999997,-121.69640000000004,66.42909999999995,51.21915999999999,173.08799999999997,121.69640000000004,66.42909999999995,51.21915999999999
2025-10-31 20:00:00+00:00,long_dry,final_eval,0.0,0.0,0.0,999,20,4,10,2025-43,21,4,10,22,4,10,23,4,10,2,5,11,10.675500000000056,-228.4505999999999,-287.2736,-16.222399999999993,10.675500000000056,228.4505999999999,287.2736,16.222399999999993
2025-10-31 21:00:00+00:00,long_dry,final_eval,0.0,0.0,0.0,999,21,4,10,2025-43,22,4,10,23,4,10,0,5,11,3,5,11,-68.15840000000003,-272.64429999999993,-345.6754000000001,212.54816,68.15840000000003,272.64429999999993,345.6754000000001,212.54816
2025-10-31 22:00:00+00:00,long_dry,final_eval,0.0,0.0,0.0,999,22,4,10,2025-43,23,4,10,0,5,11,1,5,11,4,5,11,-30.579700000000003,-108.53200000000004,-86.35170000000005,390.92828,30.579700000000003,108.53200000000004,86.35170000000005,390.92828
2025-10-31 23:00:00+00:00,long_dry,final_eval,0.0,0.0,0.0,999,23,4,10,2025-43,0,5,11,1,5,11,2,5,11,5,5,11,-109.94226000000003,-76.4991,-85.48860000000002,452.53587,109.94226000000003,76.4991,85.48860000000002,452.53587
2025-11-01 00:00:00+00:00,long_dry,final_eval,0.0,0.0,0.0,999,0,5,11,2025-43,1,5,11,2,5,11,3,5,11,6,5,11,41.68259999999998,73.97739999999999,240.68734999999998,467.153435,41.68259999999998,73.97739999999999,240.68734999999998,467.153435
2025-11-01 01:00:00+00:00,long_dry,final_eval,0.0,0.0,0.0,999,1,5,11,2025-43,2,5,11,3,5,11,4,5,11,7,5,11,-7.791699999999992,170.20640000000003,338.37286,206.52537999999998,7.791699999999992,170.20640000000003,338.37286,206.52537999999998
2025-11-01 02:00:00+00:00,long_dry,final_eval,0.0,0.0,0.0,999,2,5,11,2025-43,3,5,11,4,5,11,5,5,11,8,5,11,20.229600000000005,233.09705000000002,385.32883,38.852757,20.229600000000005,233.09705000000002,385.32883,38.852757
2025-11-01 03:00:00+00:00,long_dry,final_eval,0.0,0.0,0.0,999,3,5,11,2025-43,4,5,11,5,5,11,6,5,11,9,5,11,96.43499999999995,302.46625,409.9512,-41.813010000000006,96.43499999999995,302.46625,409.9512,41.813010000000006
2025-11-01 04:00:00+00:00,long_dry,final_eval,0.0,0.0,0.0,999,4,5,11,2025-43,5,5,11,6,5,11,7,5,11,10,5,11,262.10602,322.02188,148.51631,-58.9683,262.10602,322.02188,148.51631,58.9683
2025-11-01 05:00:00+00:00,long_dry,final_eval,0.0,0.0,0.0,999,5,5,11,2025-43,6,5,11,7,5,11,8,5,11,11,5,11,313.15677,96.11504,-37.580720000000014,-123.69054999999997,313.15677,96.11504,37.580720000000014,123.69054999999997
2025-11-01 06:00:00+00:00,long_dry,final_eval,0.0,0.0,0.0,999,6,5,11,2025-43,7,5,11,8,5,11,9,5,11,12,5,11,79.5196,-67.19711000000001,-68.56519,0.6506299999999783,79.5196,67.19711000000001,68.56519,0.6506299999999783
2025-11-01 07:00:00+00:00,long_dry,final_eval,0.0,0.0,0.0,999,7,5,11,2025-43,8,5,11,9,5,11,10,5,11,13,5,11,-21.935919999999996,-52.833380000000005,-49.682619999999986,144.93024000000003,21.935919999999996,52.833380000000005,49.682619999999986,144.93024000000003
2025-11-01 08:00:00+00:00,long_dry,final_eval,0.0,0.0,0.0,999,8,5,11,2025-43,9,5,11,10,5,11,11,5,11,14,5,11,-43.867059999999995,-64.84857,-191.84436,-124.17689999999993,43.867059999999995,64.84857,191.84436,124.17689999999993
2025-11-01 09:00:00+00:00,long_dry,final_eval,0.0,0.0,0.0,999,9,5,11,2025-43,10,5,11,11,5,11,12,5,11,15,5,11,-10.800749999999994,-127.49698000000001,-225.40265,-74.3252,10.800749999999994,127.49698000000001,225.40265,74.3252
2025-11-01 10:00:00+00:00,long_dry,final_eval,0.0,0.0,0.0,999,10,5,11,2025-43,11,5,11,12,5,11,13,5,11,16,5,11,-76.82679999999999,-102.28093999999999,-66.58074999999997,37.54169999999999,76.82679999999999,102.28093999999999,66.58074999999997,37.54169999999999
2025-11-01 11:00:00+00:00,long_dry,final_eval,0.0,0.0,0.0,999,11,5,11,2025-43,12,5,11,13,5,11,14,5,11,17,5,11,-81.70102000000003,-75.68629999999996,-8.02049999999997,305.97900000000004,81.70102000000003,75.68629999999996,8.02049999999997,305.97900000000004
2025-11-01 12:00:00+00:00,long_dry,final_eval,0.0,0.0,0.0,999,12,5,11,2025-43,13,5,11,14,5,11,15,5,11,18,5,11,-153.2636,-39.063350000000014,65.81950000000006,283.18319999999994,153.2636,39.063350000000014,65.81950000000006,283.18319999999994
2025-11-01 13:00:00+00:00,long_dry,final_eval,0.0,0.0,0.0,999,13,5,11,2025-43,14,5,11,15,5,11,16,5,11,19,5,11,-26.38829999999996,4.049600000000055,170.6780000000001,268.0703000000001,26.38829999999996,4.049600000000055,170.6780000000001,268.0703000000001
2025-11-01 14:00:00+00:00,long_dry,final_eval,0.0,0.0,0.0,999,14,5,11,2025-43,15,5,11,16,5,11,17,5,11,20,5,11,-107.38709999999992,16.314699999999903,148.33449999999993,76.4550999999999,107.38709999999992,16.314699999999903,148.33449999999993,76.4550999999999
2025-11-01 15:00:00+00:00,long_dry,final_eval,0.0,0.0,0.0,999,15,5,11,2025-43,16,5,11,17,5,11,18,5,11,21,5,11,91.94350000000009,185.9903999999999,196.75919999999996,100.61830000000009,91.94350000000009,185.9903999999999,196.75919999999996,100.61830000000009
2025-11-01 16:00:00+00:00,long_dry,final_eval,0.0,0.0,0.0,999,16,5,11,2025-43,17,5,11,18,5,11,19,5,11,22,5,11,153.81950000000006,142.88429999999994,171.19820000000004,61.51299999999992,153.81950000000006,142.88429999999994,171.19820000000004,61.51299999999992
2025-11-01 17:00:00+00:00,long_dry,final_eval,0.0,0.0,0.0,999,17,5,11,2025-43,18,5,11,19,5,11,20,5,11,23,5,11,148.59339999999997,66.66399999999999,-79.0603000000001,-187.5612000000001,148.59339999999997,66.66399999999999,79.0603000000001,187.5612000000001
2025-11-01 18:00:00+00:00,long_dry,final_eval,0.0,0.0,0.0,999,18,5,11,2025-43,19,5,11,20,5,11,21,5,11,0,6,11,83.6697999999999,-129.2722000000001,-78.6382000000001,-140.85455000000002,83.6697999999999,129.2722000000001,78.6382000000001,140.85455000000002
2025-11-01 19:00:00+00:00,long_dry,final_eval,0.0,0.0,0.0,999,19,5,11,2025-43,20,5,11,21,5,11,22,5,11,1,6,11,-67.2478000000001,-69.66930000000002,-4.802500000000009,-277.09735,67.2478000000001,69.66930000000002,4.802500000000009,277.09735
2025-11-01 20:00:00+00:00,long_dry,final_eval,0.0,0.0,0.0,999,20,5,11,2025-43,21,5,11,22,5,11,23,5,11,2,6,11,162.71949999999993,178.69129999999996,-138.36290000000008,-105.90999999999997,162.71949999999993,178.69129999999996,138.36290000000008,105.90999999999997
2025-11-01 21:00:00+00:00,long_dry,final_eval,0.0,0.0,0.0,999,21,5,11,2025-43,22,5,11,23,5,11,0,6,11,3,6,11,141.38650000000007,-166.80549999999994,-271.80639999999994,-24.93380000000002,141.38650000000007,166.80549999999994,271.80639999999994,24.93380000000002
2025-11-01 22:00:00+00:00,long_dry,final_eval,0.0,0.0,0.0,999,22,5,11,2025-43,23,5,11,0,6,11,1,6,11,4,6,11,-122.4103,-142.43690000000004,-227.8469,218.79477000000003,122.4103,142.43690000000004,227.8469,218.79477000000003
2025-11-01 23:00:00+00:00,long_dry,final_eval,0.0,0.0,0.0,999,23,5,11,2025-43,0,6,11,1,6,11,2,6,11,5,6,11,-69.01940000000002,-144.62176999999997,-73.95374000000004,-196.65009,69.01940000000002,144.62176999999997,73.95374000000004,196.65009
2025-11-02 00:00:00+00:00,long_dry,final_eval,0.0,0.0,0.0,999,0,6,11,2025-44,1,6,11,2,6,11,3,6,11,6,6,11,-87.49207000000001,4.674260000000004,-7.79219999999998,-124.537445,87.49207000000001,4.674260000000004,7.79219999999998,124.537445
2025-11-02 01:00:00+00:00,long_dry,final_eval,0.0,0.0,0.0,999,1,6,11,2025-44,2,6,11,3,6,11,4,6,11,7,6,11,13.91876000000002,32.421100000000024,176.69833,44.731669999999994,13.91876000000002,32.421100000000024,176.69833,44.731669999999994
2025-11-02 02:00:00+00:00,long_dry,final_eval,0.0,0.0,0.0,999,2,6,11,2025-44,3,6,11,4,6,11,5,6,11,8,6,11,-72.86194,92.17523,-273.0855,14.081184,72.86194,92.17523,273.0855,14.081184
2025-11-02 03:00:00+00:00,long_dry,final_eval,0.0,0.0,0.0,999,3,6,11,2025-44,4,6,11,5,6,11,6,6,11,9,6,11,110.46368000000001,-259.27505,-142.22032,-41.217094,110.46368000000001,259.27505,142.22032,41.217094
2025-11-02 04:00:00+00:00,long_dry,final_eval,0.0,0.0,0.0,999,4,6,11,2025-44,5,6,11,6,6,11,7,6,11,10,6,11,-415.89633,-271.88422,-17.79213999999999,-47.73125,415.89633,271.88422,17.79213999999999,47.73125
2025-11-02 05:00:00+00:00,long_dry,final_eval,0.0,0.0,0.0,999,5,6,11,2025-44,6,6,11,7,6,11,8,6,11,11,6,11,-42.695942,98.214783,37.48616,-195.39017,42.695942,98.214783,37.48616,195.39017
2025-11-02 06:00:00+00:00,long_dry,final_eval,0.0,0.0,0.0,999,6,6,11,2025-44,7,6,11,8,6,11,9,6,11,12,6,11,98.459724,36.1533,-5.765949999999997,-362.82809999999995,98.459724,36.1533,5.765949999999997,362.82809999999995
2025-11-02 07:00:00+00:00,long_dry,final_eval,0.0,0.0,0.0,999,7,6,11,2025-44,8,6,11,9,6,11,10,6,11,13,6,11,9.983919999999998,-34.00644,-83.08936,-370.91549999999995,9.983919999999998,34.00644,83.08936,370.91549999999995
2025-11-02 08:00:00+00:00,long_dry,final_eval,0.0,0.0,0.0,999,8,6,11,2025-44,9,6,11,10,6,11,11,6,11,14,6,11,-11.354045999999997,-22.954890000000006,-78.39519000000001,-57.21799999999996,11.354045999999997,22.954890000000006,78.39519000000001,57.21799999999996
2025-11-02 09:00:00+00:00,long_dry,final_eval,0.0,0.0,0.0,999,9,6,11,2025-44,10,6,11,11,6,11,12,6,11,15,6,11,-34.11447,-101.69175999999999,-222.46503,334.75429999999994,34.11447,101.69175999999999,222.46503,334.75429999999994
2025-11-02 10:00:00+00:00,long_dry,final_eval,0.0,0.0,0.0,999,10,6,11,2025-44,11,6,11,12,6,11,13,6,11,16,6,11,-66.44609,-193.55716,-271.4809,355.9856,66.44609,193.55716,271.4809,355.9856
2025-11-02 11:00:00+00:00,long_dry,final_eval,0.0,0.0,0.0,999,11,6,11,2025-44,12,6,11,13,6,11,14,6,11,17,6,11,-51.38458000000003,-5.99290000000002,165.0756,427.9851000000001,51.38458000000003,5.99290000000002,165.0756,427.9851000000001
2025-11-02 12:00:00+00:00,long_dry,final_eval,0.0,0.0,0.0,999,12,6,11,2025-44,13,6,11,14,6,11,15,6,11,18,6,11,-43.4871,159.74285999999995,560.754,525.925,43.4871,159.74285999999995,560.754,525.925
2025-11-02 13:00:00+00:00,long_dry,final_eval,0.0,0.0,0.0,999,13,6,11,2025-44,14,6,11,15,6,11,16,6,11,19,6,11,-58.48109999999997,317.32399999999996,410.71889999999996,316.7774999999999,58.48109999999997,317.32399999999996,410.71889999999996,316.7774999999999
2025-11-02 14:00:00+00:00,long_dry,final_eval,0.0,0.0,0.0,999,14,6,11,2025-44,15,6,11,16,6,11,17,6,11,20,6,11,214.2521999999999,250.24939999999992,277.46900000000005,199.76060000000007,214.2521999999999,250.24939999999992,277.46900000000005,199.76060000000007
2025-11-02 15:00:00+00:00,long_dry,final_eval,0.0,0.0,0.0,999,15,6,11,2025-44,16,6,11,17,6,11,18,6,11,21,6,11,121.24340000000007,212.00600000000009,282.1412,288.8444999999999,121.24340000000007,212.00600000000009,282.1412,288.8444999999999
2025-11-02 16:00:00+00:00,long_dry,final_eval,0.0,0.0,0.0,999,16,6,11,2025-44,17,6,11,18,6,11,19,6,11,22,6,11,194.6667,255.98160000000007,197.0220999999999,-18.426899999999932,194.6667,255.98160000000007,197.0220999999999,18.426899999999932
2025-11-02 17:00:00+00:00,long_dry,final_eval,0.0,0.0,0.0,999,17,6,11,2025-44,18,6,11,19,6,11,20,6,11,23,6,11,340.6110000000001,304.9076,236.94170000000008,-391.0186000000001,340.6110000000001,304.9076,236.94170000000008,391.0186000000001
2025-11-02 18:00:00+00:00,long_dry,final_eval,0.0,0.0,0.0,999,18,6,11,2025-44,19,6,11,20,6,11,21,6,11,0,0,11,222.3626999999999,72.93730000000005,143.9728,-453.2114999999999,222.3626999999999,72.93730000000005,143.9728,453.2114999999999
2025-11-02 19:00:00+00:00,long_dry,final_eval,0.0,0.0,0.0,999,19,6,11,2025-44,20,6,11,21,6,11,22,6,11,1,0,11,225.6346000000001,279.43370000000004,-40.49319999999989,-202.20983999999999,225.6346000000001,279.43370000000004,40.49319999999989,202.20983999999999
2025-11-02 20:00:00+00:00,long_dry,final_eval,0.0,0.0,0.0,999,20,6,11,2025-44,21,6,11,22,6,11,23,6,11,2,0,11,381.9951000000001,65.79649999999992,-296.9675,-266.55010000000004,381.9951000000001,65.79649999999992,296.9675,266.55010000000004
2025-11-02 21:00:00+00:00,long_dry,final_eval,0.0,0.0,0.0,999,21,6,11,2025-44,22,6,11,23,6,11,0,0,11,3,0,11,-107.2451000000001,-515.5382,-570.8643,-226.97076000000004,107.2451000000001,515.5382,570.8643,226.97076000000004
2025-11-02 22:00:00+00:00,long_dry,final_eval,0.0,0.0,0.0,999,22,6,11,2025-44,23,6,11,0,0,11,1,0,11,4,0,11,-290.0205000000001,-363.7418,-383.47095,-148.71417000000002,290.0205000000001,363.7418,383.47095,148.71417000000002
2025-11-02 23:00:00+00:00,long_dry,final_eval,0.0,0.0,0.0,999,23,6,11,2025-44,0,0,11,1,0,11,2,0,11,5,0,11,-107.76526000000001,-75.69604000000004,-57.98822000000001,0.48626999999999043,107.76526000000001,75.69604000000004,57.98822000000001,0.48626999999999043
2025-11-03 00:00:00+00:00,long_dry,final_eval,0.0,0.0,0.0,999,0,0,11,2025-44,1,0,11,2,0,11,3,0,11,6,0,11,-18.94749999999999,7.038729999999987,98.94772,-24.694959999999995,18.94749999999999,7.038729999999987,98.94772,24.694959999999995
2025-11-03 01:00:00+00:00,long_dry,final_eval,0.0,0.0,0.0,999,1,0,11,2025-44,2,0,11,3,0,11,4,0,11,7,0,11,3.077600000000018,72.88013000000001,53.785799999999995,-9.068325000000002,3.077600000000018,72.88013000000001,53.785799999999995,9.068325000000002
2025-11-03 02:00:00+00:00,long_dry,final_eval,0.0,0.0,0.0,999,2,0,11,2025-44,3,0,11,4,0,11,5,0,11,8,0,11,48.589260000000024,42.203450000000004,32.2333,-5.934685000000002,48.589260000000024,42.203450000000004,32.2333,5.934685000000002
2025-11-03 03:00:00+00:00,long_dry,final_eval,0.0,0.0,0.0,999,3,0,11,2025-44,4,0,11,5,0,11,6,0,11,9,0,11,13.523830000000004,22.523300000000006,-27.46629,3.0354499999999973,13.523830000000004,22.523300000000006,27.46629,3.0354499999999973
2025-11-03 04:00:00+00:00,long_dry,final_eval,0.0,0.0,0.0,999,4,0,11,2025-44,5,0,11,6,0,11,7,0,11,10,0,11,32.030010000000004,-5.980656000000003,-7.312530000000002,15.123959999999997,32.030010000000004,5.980656000000003,7.312530000000002,15.123959999999997
2025-11-03 05:00:00+00:00,long_dry,final_eval,0.0,0.0,0.0,999,5,0,11,2025-44,6,0,11,7,0,11,8,0,11,11,0,11,-13.286358,-7.8399730000000005,-9.754207999999998,18.522580000000005,13.286358,7.8399730000000005,9.754207999999998,18.522580000000005
2025-11-03 06:00:00+00:00,long_dry,final_eval,0.0,0.0,0.0,999,6,0,11,2025-44,7,0,11,8,0,11,9,0,11,12,0,11,-1.13814,-5.430948000000001,4.095742999999999,147.61663999999996,1.13814,5.430948000000001,4.095742999999999,147.61663999999996
2025-11-03 07:00:00+00:00,long_dry,final_eval,0.0,0.0,0.0,999,7,0,11,2025-44,8,0,11,9,0,11,10,0,11,13,0,11,-4.293379000000002,-0.3021850000000015,27.360879999999995,175.37779999999998,4.293379000000002,0.3021850000000015,27.360879999999995,175.37779999999998
2025-11-03 17:00:00+00:00,recent_rain,final_eval,0.0,1.4000000000000001,1.4000000000000001,3,17,0,11,2025-44,18,0,11,19,0,11,20,0,11,23,0,11,-87.69749999999999,-125.92520000000002,27.859300000000076,40.86460000000011,87.69749999999999,125.92520000000002,27.859300000000076,40.86460000000011
2025-11-03 18:00:00+00:00,recent_rain,final_eval,0.0,1.4000000000000001,1.4000000000000001,4,18,0,11,2025-44,19,0,11,20,0,11,21,0,11,0,1,11,-73.81870000000004,5.600300000000061,262.94270000000006,-29.044399999999996,73.81870000000004,5.600300000000061,262.94270000000006,29.044399999999996
2025-11-03 19:00:00+00:00,recent_rain,final_eval,0.0,1.4000000000000001,1.4000000000000001,5,19,0,11,2025-44,20,0,11,21,0,11,22,0,11,1,1,11,45.52260000000001,279.77250000000004,541.1873,-63.55200000000002,45.52260000000001,279.77250000000004,541.1873,63.55200000000002
2025-11-03 20:00:00+00:00,recent_rain,final_eval,0.0,1.4000000000000001,1.4000000000000001,6,20,0,11,2025-44,21,0,11,22,0,11,23,0,11,2,1,11,172.6969999999999,388.6379999999999,8.525300000000016,-122.99725000000001,172.6969999999999,388.6379999999999,8.525300000000016,122.99725000000001
2025-11-03 21:00:00+00:00,recent_rain,final_eval,0.0,1.3,1.4000000000000001,7,21,0,11,2025-44,22,0,11,23,0,11,0,1,11,3,1,11,435.53610000000003,-118.55140000000006,-182.8418999999999,-26.35741999999999,435.53610000000003,118.55140000000006,182.8418999999999,26.35741999999999
2025-11-03 22:00:00+00:00,recent_rain,final_eval,0.0,1.0,1.4000000000000001,8,22,0,11,2025-44,23,0,11,0,1,11,1,1,11,4,1,11,-64.90869999999995,-192.69820000000004,-174.05229999999995,-93.10885999999999,64.90869999999995,192.69820000000004,174.05229999999995,93.10885999999999
2025-11-04 15:00:00+00:00,long_dry,final_eval,0.0,0.0,0.0,999,15,1,11,2025-44,16,1,11,17,1,11,18,1,11,21,1,11,89.65734999999995,171.56230000000005,-22.69290000000001,174.61159999999995,89.65734999999995,171.56230000000005,22.69290000000001,174.61159999999995
2025-11-04 16:00:00+00:00,long_dry,final_eval,0.0,0.0,0.0,999,16,1,11,2025-44,17,1,11,18,1,11,19,1,11,22,1,11,94.41859999999997,-24.811500000000024,-70.95429999999999,552.3009,94.41859999999997,24.811500000000024,70.95429999999999,552.3009
2025-11-04 17:00:00+00:00,long_dry,final_eval,0.0,0.0,0.0,999,17,1,11,2025-44,18,1,11,19,1,11,20,1,11,23,1,11,-95.98940000000005,-53.374000000000024,141.8406,98.5918999999999,95.98940000000005,53.374000000000024,141.8406,98.5918999999999
2025-11-04 18:00:00+00:00,long_dry,final_eval,0.0,0.0,0.0,999,18,1,11,2025-44,19,1,11,20,1,11,21,1,11,0,2,11,-45.00139999999999,136.5920000000001,350.72440000000006,71.19789999999989,45.00139999999999,136.5920000000001,350.72440000000006,71.19789999999989
2025-11-04 19:00:00+00:00,long_dry,final_eval,0.0,0.0,0.0,999,19,1,11,2025-44,20,1,11,21,1,11,22,1,11,1,2,11,-17.472999999999956,81.38439999999991,512.363,-110.87850000000003,17.472999999999956,81.38439999999991,512.363,110.87850000000003
2025-11-04 20:00:00+00:00,long_dry,final_eval,0.0,0.0,0.0,999,20,1,11,2025-44,21,1,11,22,1,11,23,1,11,2,2,11,-5.348300000000108,365.9999,123.63180000000011,-15.744569999999953,5.348300000000108,365.9999,123.63180000000011,15.744569999999953
2025-11-04 21:00:00+00:00,long_dry,final_eval,0.0,0.0,0.0,999,21,1,11,2025-44,22,1,11,23,1,11,0,2,11,3,2,11,478.9960000000001,14.070600000000013,-207.76829999999995,14.050900000000013,478.9960000000001,14.070600000000013,207.76829999999995,14.050900000000013
2025-11-04 22:00:00+00:00,long_dry,final_eval,0.0,0.0,0.0,999,22,1,11,2025-44,23,1,11,0,2,11,1,2,11,4,2,11,35.84809999999993,-253.99450000000002,-275.2373,-62.309270000000026,35.84809999999993,253.99450000000002,275.2373,62.309270000000026
2025-11-04 23:00:00+00:00,long_dry,final_eval,0.0,0.0,0.0,999,23,1,11,2025-44,0,2,11,1,2,11,2,2,11,5,2,11,-101.7192,-217.87289999999996,-31.92003999999997,-41.75323,101.7192,217.87289999999996,31.92003999999997,41.75323
2025-11-05 00:00:00+00:00,long_dry,final_eval,0.0,0.0,0.0,999,0,2,11,2025-44,1,2,11,2,2,11,3,2,11,6,2,11,-140.84515,12.14373999999998,14.356929999999977,-44.318375,140.84515,12.14373999999998,14.356929999999977,44.318375
2025-11-05 01:00:00+00:00,long_dry,final_eval,0.0,0.0,0.0,999,1,2,11,2025-44,2,2,11,3,2,11,4,2,11,7,2,11,69.80849999999998,91.18356,52.800749999999994,-21.61213,69.80849999999998,91.18356,52.800749999999994,21.61213
2025-11-05 02:00:00+00:00,long_dry,final_eval,0.0,0.0,0.0,999,2,2,11,2025-44,3,2,11,4,2,11,5,2,11,8,2,11,-21.27189999999996,-14.57047,-26.256699999999995,-14.565622000000001,21.27189999999996,14.57047,26.256699999999995,14.565622000000001
2025-11-05 03:00:00+00:00,long_dry,final_eval,0.0,0.0,0.0,999,3,2,11,2025-44,4,2,11,5,2,11,6,2,11,9,2,11,-16.987149999999986,-36.625020000000006,-32.930319999999995,3.2812599999999996,16.987149999999986,36.625020000000006,32.930319999999995,3.2812599999999996
2025-11-05 04:00:00+00:00,long_dry,final_eval,0.0,0.0,0.0,999,4,2,11,2025-44,5,2,11,6,2,11,7,2,11,10,2,11,-23.021269999999987,-18.605015,-17.607376000000002,46.330209999999994,23.021269999999987,18.605015,17.607376000000002,46.330209999999994
2025-11-05 05:00:00+00:00,long_dry,final_eval,0.0,0.0,0.0,999,5,2,11,2025-44,6,2,11,7,2,11,8,2,11,11,2,11,-8.396160000000002,-11.087814000000002,-18.188457,5.312259999999981,8.396160000000002,11.087814000000002,18.188457,5.312259999999981
2025-11-05 06:00:00+00:00,long_dry,final_eval,0.0,0.0,0.0,999,6,2,11,2025-44,7,2,11,8,2,11,9,2,11,12,2,11,-10.738143999999998,-17.487867,1.0111199999999982,276.11614999999995,10.738143999999998,17.487867,1.0111199999999982,276.11614999999995
2025-11-05 07:00:00+00:00,long_dry,final_eval,0.0,0.0,0.0,999,7,2,11,2025-44,8,2,11,9,2,11,10,2,11,13,2,11,-16.748243,-4.835009999999997,55.659670000000006,573.3797999999999,16.748243,4.835009999999997,55.659670000000006,573.3797999999999
2025-11-05 08:00:00+00:00,long_dry,final_eval,0.0,0.0,0.0,999,8,2,11,2025-44,9,2,11,10,2,11,11,2,11,14,2,11,-0.8374799999999993,62.08813000000001,97.06243999999998,147.88340000000005,0.8374799999999993,62.08813000000001,97.06243999999998,147.88340000000005
2025-11-05 09:00:00+00:00,long_dry,final_eval,0.0,0.0,0.0,999,9,2,11,2025-44,10,2,11,11,2,11,12,2,11,15,2,11,37.485240000000005,56.394169999999974,197.73900000000003,-18.515440000000012,37.485240000000005,56.394169999999974,197.73900000000003,18.515440000000012
2025-11-05 10:00:00+00:00,long_dry,final_eval,0.0,0.0,0.0,999,10,2,11,2025-44,11,2,11,12,2,11,13,2,11,16,2,11,-125.20403999999996,47.09879999999998,591.8281999999999,-138.096,125.20403999999996,47.09879999999998,591.8281999999999,138.096
2025-11-05 11:00:00+00:00,long_dry,final_eval,0.0,0.0,0.0,999,11,2,11,2025-44,12,2,11,13,2,11,14,2,11,17,2,11,85.35504000000003,591.6207999999999,11.029999999999973,-67.12145999999996,85.35504000000003,591.6207999999999,11.029999999999973,67.12145999999996
2025-11-05 12:00:00+00:00,long_dry,final_eval,0.0,0.0,0.0,999,12,2,11,2025-44,13,2,11,14,2,11,15,2,11,18,2,11,599.9407000000001,145.90936,-107.64013999999997,22.021600000000035,599.9407000000001,145.90936,107.64013999999997,22.021600000000035
2025-11-05 13:00:00+00:00,long_dry,final_eval,0.0,0.0,0.0,999,13,2,11,2025-44,14,2,11,15,2,11,16,2,11,19,2,11,24.35660000000007,-75.25040000000001,49.95180000000005,50.424260000000004,24.35660000000007,75.25040000000001,49.95180000000005,50.424260000000004
2025-11-05 14:00:00+00:00,long_dry,final_eval,0.0,0.0,0.0,999,14,2,11,2025-44,15,2,11,16,2,11,17,2,11,20,2,11,-98.44370000000004,0.22870000000000346,11.180849999999964,155.0802000000001,98.44370000000004,0.22870000000000346,11.180849999999964,155.0802000000001
2025-11-05 15:00:00+00:00,long_dry,final_eval,0.0,0.0,0.0,999,15,2,11,2025-44,16,2,11,17,2,11,18,2,11,21,2,11,86.19439999999997,132.75977,89.12729999999999,366.47119999999995,86.19439999999997,132.75977,89.12729999999999,366.47119999999995
2025-11-05 16:00:00+00:00,long_dry,final_eval,0.0,0.0,0.0,999,16,2,11,2025-44,17,2,11,18,2,11,19,2,11,22,2,11,63.08870000000002,89.69389999999999,-39.04570000000001,747.8430000000001,63.08870000000002,89.69389999999999,39.04570000000001,747.8430000000001
2025-11-05 17:00:00+00:00,long_dry,final_eval,0.0,0.0,0.0,999,17,2,11,2025-44,18,2,11,19,2,11,20,2,11,23,2,11,122.47630000000004,93.30817000000002,218.57629999999995,136.3909000000001,122.47630000000004,93.30817000000002,218.57629999999995,136.3909000000001
2025-11-05 18:00:00+00:00,long_dry,final_eval,0.0,0.0,0.0,999,18,2,11,2025-44,19,2,11,20,2,11,21,2,11,0,3,11,-202.19080000000008,-156.72440000000006,299.93039999999996,134.7188000000001,202.19080000000008,156.72440000000006,299.93039999999996,134.7188000000001
2025-11-05 19:00:00+00:00,long_dry,final_eval,0.0,0.0,0.0,999,19,2,11,2025-44,20,2,11,21,2,11,22,2,11,1,3,11,7.091100000000097,370.53549999999996,740.0899999999999,-74.48839999999996,7.091100000000097,370.53549999999996,740.0899999999999,74.48839999999996
2025-11-05 20:00:00+00:00,long_dry,final_eval,0.0,0.0,0.0,999,20,2,11,2025-44,21,2,11,22,2,11,23,2,11,2,3,11,197.91460000000006,552.1122,178.6467,-37.98320000000001,197.91460000000006,552.1122,178.6467,37.98320000000001
2025-11-05 21:00:00+00:00,long_dry,final_eval,0.0,0.0,0.0,999,21,2,11,2025-44,22,2,11,23,2,11,0,3,11,3,3,11,604.1278,54.080999999999904,-34.33590000000004,23.586400000000026,604.1278,54.080999999999904,34.33590000000004,23.586400000000026
2025-11-05 22:00:00+00:00,long_dry,final_eval,0.0,0.0,0.0,999,22,2,11,2025-44,23,2,11,0,3,11,1,3,11,4,3,11,71.53089999999997,-122.0326,-233.6343999999999,-114.52663999999999,71.53089999999997,122.0326,233.6343999999999,114.52663999999999
2025-11-05 23:00:00+00:00,long_dry,final_eval,0.0,0.0,0.0,999,23,2,11,2025-44,0,3,11,1,3,11,2,3,11,5,3,11,46.309099999999944,-165.19039999999995,-22.039999999999964,-56.34360000000001,46.309099999999944,165.19039999999995,22.039999999999964,56.34360000000001
2025-11-06 00:00:00+00:00,long_dry,final_eval,0.0,0.0,0.0,999,0,3,11,2025-44,1,3,11,2,3,11,3,3,11,6,3,11,-124.93895999999995,11.189899999999966,39.364439999999945,-51.080330000000004,124.93895999999995,11.189899999999966,39.364439999999945,51.080330000000004
2025-11-06 01:00:00+00:00,long_dry,final_eval,0.0,0.0,0.0,999,1,3,11,2025-44,2,3,11,3,3,11,4,3,11,7,3,11,65.70043999999996,112.82666,6.299320000000023,-31.589199999999998,65.70043999999996,112.82666,6.299320000000023,31.589199999999998
2025-11-06 02:00:00+00:00,long_dry,final_eval,0.0,0.0,0.0,999,2,3,11,2025-44,3,3,11,4,3,11,5,3,11,8,3,11,20.432699999999954,-46.728200000000015,-23.416799999999995,-15.669753999999998,20.432699999999954,46.728200000000015,23.416799999999995,15.669753999999998
2025-11-06 03:00:00+00:00,long_dry,final_eval,0.0,0.0,0.0,999,3,3,11,2025-44,4,3,11,5,3,11,6,3,11,9,3,11,-87.56830000000002,-45.68440000000001,-29.901570000000007,-6.565353000000002,87.56830000000002,45.68440000000001,29.901570000000007,6.565353000000002
2025-11-06 04:00:00+00:00,long_dry,final_eval,0.0,0.0,0.0,999,4,3,11,2025-44,5,3,11,6,3,11,7,3,11,10,3,11,-6.688000000000002,-5.652889999999999,-16.465179999999997,32.08467,6.688000000000002,5.652889999999999,16.465179999999997,32.08467
2025-11-06 05:00:00+00:00,long_dry,final_eval,0.0,0.0,0.0,999,5,3,11,2025-44,6,3,11,7,3,11,8,3,11,11,3,11,-1.9588970000000003,-13.964897,-11.590022999999999,23.39179999999999,1.9588970000000003,13.964897,11.590022999999999,23.39179999999999
2025-11-06 06:00:00+00:00,long_dry,final_eval,0.0,0.0,0.0,999,6,3,11,2025-44,7,3,11,8,3,11,9,3,11,12,3,11,-13.472687,-9.634899999999998,1.8269230000000007,177.80193999999995,13.472687,9.634899999999998,1.8269230000000007,177.80193999999995
2025-11-06 07:00:00+00:00,long_dry,final_eval,0.0,0.0,0.0,999,7,3,11,2025-44,8,3,11,9,3,11,10,3,11,13,3,11,-9.818643999999999,-8.18504,42.68411999999999,469.0626,9.818643999999999,8.18504,42.68411999999999,469.0626
2025-11-06 08:00:00+00:00,long_dry,final_eval,0.0,0.0,0.0,999,8,3,11,2025-44,9,3,11,10,3,11,11,3,11,14,3,11,-5.588949999999997,47.739909999999995,90.67061999999999,99.36479999999995,5.588949999999997,47.739909999999995,90.67061999999999,99.36479999999995
2025-11-06 09:00:00+00:00,long_dry,final_eval,0.0,0.0,0.0,999,9,3,11,2025-44,10,3,11,11,3,11,12,3,11,15,3,11,29.564960000000013,64.52105999999998,101.02435000000003,-78.50085000000001,29.564960000000013,64.52105999999998,101.02435000000003,78.50085000000001
2025-11-06 10:00:00+00:00,long_dry,final_eval,0.0,0.0,0.0,999,10,3,11,2025-44,11,3,11,12,3,11,13,3,11,16,3,11,-99.52229999999997,-12.61144999999999,490.7618,-271.15905999999995,99.52229999999997,12.61144999999999,490.7618,271.15905999999995
2025-11-06 11:00:00+00:00,long_dry,final_eval,0.0,0.0,0.0,999,11,3,11,2025-44,12,3,11,13,3,11,14,3,11,17,3,11,36.33219999999994,513.0702000000001,-36.24459999999999,-196.87260000000003,36.33219999999994,513.0702000000001,36.24459999999999,196.87260000000003
2025-11-06 12:00:00+00:00,long_dry,final_eval,0.0,0.0,0.0,999,12,3,11,2025-44,13,3,11,14,3,11,15,3,11,18,3,11,512.8286,9.219100000000026,-277.4438,-164.03063999999995,512.8286,9.219100000000026,277.4438,164.03063999999995
2025-11-06 13:00:00+00:00,long_dry,final_eval,0.0,0.0,0.0,999,13,3,11,2025-44,14,3,11,15,3,11,16,3,11,19,3,11,-3.5650000000000546,-141.07709999999997,-78.38103999999998,-11.02959999999996,3.5650000000000546,141.07709999999997,78.38103999999998,11.02959999999996
2025-11-06 14:00:00+00:00,long_dry,final_eval,0.0,0.0,0.0,999,14,3,11,2025-44,15,3,11,16,3,11,17,3,11,20,3,11,-209.04205000000002,-186.69946000000004,-139.99725,136.57870000000003,209.04205000000002,186.69946000000004,139.99725,136.57870000000003
2025-11-06 15:00:00+00:00,long_dry,final_eval,0.0,0.0,0.0,999,15,3,11,2025-44,16,3,11,17,3,11,18,3,11,21,3,11,-8.797599999999989,41.09766000000002,-43.92376999999999,111.66270000000009,8.797599999999989,41.09766000000002,43.92376999999999,111.66270000000009
2025-11-06 16:00:00+00:00,long_dry,final_eval,0.0,0.0,0.0,999,16,3,11,2025-44,17,3,11,18,3,11,19,3,11,22,3,11,39.810299999999984,-17.26355000000001,-95.69800000000009,483.76800000000003,39.810299999999984,17.26355000000001,95.69800000000009,483.76800000000003
2025-11-06 17:00:00+00:00,long_dry,final_eval,0.0,0.0,0.0,999,17,3,11,2025-44,18,3,11,19,3,11,20,3,11,23,3,11,-11.554750000000013,9.059200000000033,214.4004,-130.84480000000008,11.554750000000013,9.059200000000033,214.4004,130.84480000000008
2025-11-06 18:00:00+00:00,long_dry,final_eval,0.0,0.0,0.0,999,18,3,11,2025-44,19,3,11,20,3,11,21,3,11,0,4,11,-144.8427999999999,-27.299199999999928,73.46000000000004,-168.0420999999999,144.8427999999999,27.299199999999928,73.46000000000004,168.0420999999999
2025-11-06 19:00:00+00:00,long_dry,final_eval,0.0,0.0,0.0,999,19,3,11,2025-44,20,3,11,21,3,11,22,3,11,1,4,11,-32.067600000000084,8.964799999999968,384.74109999999996,-167.83640000000003,32.067600000000084,8.964799999999968,384.74109999999996,167.83640000000003
2025-11-06 20:00:00+00:00,long_dry,final_eval,0.0,0.0,0.0,999,20,3,11,2025-44,21,3,11,22,3,11,23,3,11,2,4,11,-115.13390000000004,216.8001999999999,-91.84249999999997,-135.88165000000004,115.13390000000004,216.8001999999999,91.84249999999997,135.88165000000004
2025-11-06 21:00:00+00:00,long_dry,final_eval,0.0,0.0,0.0,999,21,3,11,2025-44,22,3,11,23,3,11,0,4,11,3,4,11,349.16100000000006,-173.48540000000003,-326.3914,-36.562130000000025,349.16100000000006,173.48540000000003,326.3914,36.562130000000025
2025-11-06 22:00:00+00:00,long_dry,final_eval,0.0,0.0,0.0,999,22,3,11,2025-44,23,3,11,0,4,11,1,4,11,4,4,11,-109.78999999999996,-351.7304999999999,-305.51160000000004,-46.56963999999999,109.78999999999996,351.7304999999999,305.51160000000004,46.56963999999999
2025-11-06 23:00:00+00:00,long_dry,final_eval,0.0,0.0,0.0,999,23,3,11,2025-44,0,4,11,1,4,11,2,4,11,5,4,11,-180.3219999999999,-238.73540000000003,-142.92566,-53.21520000000001,180.3219999999999,238.73540000000003,142.92566,53.21520000000001
2025-11-07 00:00:00+00:00,long_dry,final_eval,0.0,0.0,0.0,999,0,4,11,2025-44,1,4,11,2,4,11,3,4,11,6,4,11,-113.41034000000002,-59.325500000000034,-33.77544999999998,-38.79284999999999,113.41034000000002,59.325500000000034,33.77544999999998,38.79284999999999
2025-11-07 01:00:00+00:00,long_dry,final_eval,0.0,0.0,0.0,999,1,4,11,2025-44,2,4,11,3,4,11,4,4,11,7,4,11,-7.620670000000018,51.312869999999975,47.63913000000002,-31.857389999999995,7.620670000000018,51.312869999999975,47.63913000000002,31.857389999999995
2025-11-07 02:00:00+00:00,long_dry,final_eval,0.0,0.0,0.0,999,2,4,11,2025-44,3,4,11,4,4,11,5,4,11,8,4,11,-26.726260000000025,-8.242920000000026,-18.532990000000012,-26.060722,26.726260000000025,8.242920000000026,18.532990000000012,26.060722
2025-11-07 03:00:00+00:00,long_dry,final_eval,0.0,0.0,0.0,999,3,4,11,2025-44,4,4,11,5,4,11,6,4,11,9,4,11,-12.849899999999991,-18.50137000000001,-9.104119999999995,-2.125625999999997,12.849899999999991,18.50137000000001,9.104119999999995,2.125625999999997
2025-11-07 04:00:00+00:00,long_dry,final_eval,0.0,0.0,0.0,999,4,4,11,2025-44,5,4,11,6,4,11,7,4,11,10,4,11,-14.090480000000014,4.034485000000004,-23.5775,14.27328,14.090480000000014,4.034485000000004,23.5775,14.27328
2025-11-07 05:00:00+00:00,long_dry,final_eval,0.0,0.0,0.0,999,5,4,11,2025-44,6,4,11,7,4,11,8,4,11,11,4,11,12.805130000000005,-9.371769999999998,-15.794215999999999,42.18150000000003,12.805130000000005,9.371769999999998,15.794215999999999,42.18150000000003
2025-11-07 06:00:00+00:00,long_dry,final_eval,0.0,0.0,0.0,999,6,4,11,2025-44,7,4,11,8,4,11,9,4,11,12,4,11,-6.8675229999999985,-13.533628,5.578986999999998,15.447900000000004,6.8675229999999985,13.533628,5.578986999999998,15.447900000000004
2025-11-07 07:00:00+00:00,long_dry,final_eval,0.0,0.0,0.0,999,7,4,11,2025-44,8,4,11,9,4,11,10,4,11,13,4,11,-10.8321,-0.7576600000000013,36.41848,114.3710000000001,10.8321,0.7576600000000013,36.41848,114.3710000000001
2025-11-07 08:00:00+00:00,long_dry,final_eval,0.0,0.0,0.0,999,8,4,11,2025-44,9,4,11,10,4,11,11,4,11,14,4,11,1.7150600000000011,43.03188,64.89272999999997,-93.29565000000002,1.7150600000000011,43.03188,64.89272999999997,93.29565000000002
2025-11-07 09:00:00+00:00,long_dry,final_eval,0.0,0.0,0.0,999,9,4,11,2025-44,10,4,11,11,4,11,12,4,11,15,4,11,23.314539999999994,40.038419999999974,-56.84360000000004,-70.65326000000005,23.314539999999994,40.038419999999974,56.84360000000004,70.65326000000005
2025-11-07 10:00:00+00:00,long_dry,final_eval,0.0,0.0,0.0,999,10,4,11,2025-44,11,4,11,12,4,11,13,4,11,16,4,11,-62.026430000000005,-123.95899999999995,133.5864999999999,-87.12170000000003,62.026430000000005,123.95899999999995,133.5864999999999,87.12170000000003
2025-11-07 11:00:00+00:00,long_dry,final_eval,0.0,0.0,0.0,999,11,4,11,2025-44,12,4,11,13,4,11,14,4,11,17,4,11,-76.42849999999999,203.79899999999998,-143.71669999999995,-83.40169999999989,76.42849999999999,203.79899999999998,143.71669999999995,83.40169999999989
2025-11-07 12:00:00+00:00,long_dry,final_eval,0.0,0.0,0.0,999,12,4,11,2025-44,13,4,11,14,4,11,15,4,11,18,4,11,158.8320000000001,-176.7672,-303.2184,-89.44779999999992,158.8320000000001,176.7672,303.2184,89.44779999999992
2025-11-07 13:00:00+00:00,long_dry,final_eval,0.0,0.0,0.0,999,13,4,11,2025-44,14,4,11,15,4,11,16,4,11,19,4,11,-139.2222999999999,-116.33789999999999,13.477600000000052,46.90390000000002,139.2222999999999,116.33789999999999,13.477600000000052,46.90390000000002
2025-11-07 14:00:00+00:00,long_dry,final_eval,0.0,0.0,0.0,999,14,4,11,2025-44,15,4,11,16,4,11,17,4,11,20,4,11,-87.68449999999996,24.3673,110.13239999999996,381.1957,87.68449999999996,24.3673,110.13239999999996,381.1957
2025-11-07 15:00:00+00:00,long_dry,final_eval,0.0,0.0,0.0,999,15,4,11,2025-44,16,4,11,17,4,11,18,4,11,21,4,11,82.20776000000001,181.38556000000005,95.14733999999999,246.55130000000008,82.20776000000001,181.38556000000005,95.14733999999999,246.55130000000008
2025-11-07 16:00:00+00:00,long_dry,final_eval,0.0,0.0,0.0,999,16,4,11,2025-44,17,4,11,18,4,11,19,4,11,22,4,11,123.49570000000006,135.60170000000005,77.76880000000006,33.613000000000056,123.49570000000006,135.60170000000005,77.76880000000006,33.613000000000056
2025-11-07 17:00:00+00:00,long_dry,final_eval,0.0,0.0,0.0,999,17,4,11,2025-44,18,4,11,19,4,11,20,4,11,23,4,11,-24.920900000000074,-15.0791999999999,247.10220000000004,-26.005699999999933,24.920900000000074,15.0791999999999,247.10220000000004,26.005699999999933
2025-11-07 18:00:00+00:00,long_dry,final_eval,0.0,0.0,0.0,999,18,4,11,2025-44,19,4,11,20,4,11,21,4,11,0,5,11,-95.06459999999993,89.55680000000007,127.81449999999995,-134.30809999999997,95.06459999999993,89.55680000000007,127.81449999999995,134.30809999999997
2025-11-07 19:00:00+00:00,long_dry,final_eval,0.0,0.0,0.0,999,19,4,11,2025-44,20,4,11,21,4,11,22,4,11,1,5,11,124.6232,68.63270000000011,76.3409999999999,-184.39,124.6232,68.63270000000011,76.3409999999999,184.39
2025-11-07 20:00:00+00:00,long_dry,final_eval,0.0,0.0,0.0,999,20,4,11,2025-44,21,4,11,22,4,11,23,4,11,2,5,11,0.26729999999997744,-68.96749999999997,-120.67489999999998,-162.53229999999996,0.26729999999997744,68.96749999999997,120.67489999999998,162.53229999999996
2025-11-07 21:00:00+00:00,long_dry,final_eval,0.0,0.0,0.0,999,21,4,11,2025-44,22,4,11,23,4,11,0,5,11,3,5,11,27.38220000000001,-199.9756,-341.2542000000001,-92.54340000000002,27.38220000000001,199.9756,341.2542000000001,92.54340000000002
2025-11-07 22:00:00+00:00,long_dry,final_eval,0.0,0.0,0.0,999,22,4,11,2025-44,23,4,11,0,5,11,1,5,11,4,5,11,-50.891599999999926,-326.78780000000006,-461.2925,-91.20776000000001,50.891599999999926,326.78780000000006,461.2925,91.20776000000001
2025-11-07 23:00:00+00:00,long_dry,final_eval,0.0,0.0,0.0,999,23,4,11,2025-44,0,5,11,1,5,11,2,5,11,5,5,11,-123.68020000000001,-246.32860000000005,-176.86663999999996,-52.26083,123.68020000000001,246.32860000000005,176.86663999999996,52.26083
2025-11-08 00:00:00+00:00,long_dry,final_eval,0.0,0.0,0.0,999,0,5,11,2025-44,1,5,11,2,5,11,3,5,11,6,5,11,-196.3533,-130.23737000000006,-150.38340000000005,-82.77260000000001,196.3533,130.23737000000006,150.38340000000005,82.77260000000001
2025-11-08 01:00:00+00:00,long_dry,final_eval,0.0,0.0,0.0,999,1,5,11,2025-44,2,5,11,3,5,11,4,5,11,7,5,11,-12.898800000000051,3.3957000000000335,-41.52722,-17.159940000000006,12.898800000000051,3.3957000000000335,41.52722,17.159940000000006
2025-11-08 02:00:00+00:00,long_dry,final_eval,0.0,0.0,0.0,999,2,5,11,2025-44,3,5,11,4,5,11,5,5,11,8,5,11,-87.43304,-124.32961999999998,-106.94116000000002,-15.699920000000006,87.43304,124.32961999999998,106.94116000000002,15.699920000000006
2025-11-08 03:00:00+00:00,long_dry,final_eval,0.0,0.0,0.0,999,3,5,11,2025-44,4,5,11,5,5,11,6,5,11,9,5,11,-118.88965000000002,-130.9445,-135.84935,-16.035774000000004,118.88965000000002,130.9445,135.84935,16.035774000000004
2025-11-08 09:00:00+00:00,recovery,final_eval,0.0,6.9,6.9,1,9,5,11,2025-44,10,5,11,11,5,11,12,5,11,15,5,11,-22.542810000000003,-63.83431999999999,-147.33983999999998,345.7568,22.542810000000003,63.83431999999999,147.33983999999998,345.7568
2025-11-08 10:00:00+00:00,recovery,final_eval,0.0,6.9,6.9,2,10,5,11,2025-44,11,5,11,12,5,11,13,5,11,16,5,11,-53.79509999999999,-152.21918,-189.28545999999994,825.3828,53.79509999999999,152.21918,189.28545999999994,825.3828
2025-11-08 11:00:00+00:00,recovery,final_eval,0.0,6.9,6.9,3,11,5,11,2025-44,12,5,11,13,5,11,14,5,11,17,5,11,-53.28937000000002,-81.1209,104.59325999999999,547.4012,53.28937000000002,81.1209,104.59325999999999,547.4012
2025-11-09 09:00:00+00:00,long_dry,final_eval,0.0,0.0,0.0,999,9,6,11,2025-45,10,6,11,11,6,11,12,6,11,15,6,11,-22.466800000000006,-67.60323,-150.52817,-8.501500000000078,22.466800000000006,67.60323,150.52817,8.501500000000078
2025-11-09 10:00:00+00:00,long_dry,final_eval,0.0,0.0,0.0,999,10,6,11,2025-45,11,6,11,12,6,11,13,6,11,16,6,11,-65.80605,-173.57468,-294.58105,15.441299999999956,65.80605,173.57468,294.58105,15.441299999999956
2025-11-09 11:00:00+00:00,long_dry,final_eval,0.0,0.0,0.0,999,11,6,11,2025-45,12,6,11,13,6,11,14,6,11,17,6,11,-44.227449999999976,-107.70119999999997,-29.562099999999987,184.4387999999999,44.227449999999976,107.70119999999997,29.562099999999987,184.4387999999999
2025-11-09 12:00:00+00:00,long_dry,final_eval,0.0,0.0,0.0,999,12,6,11,2025-45,13,6,11,14,6,11,15,6,11,18,6,11,-113.50554999999997,-80.42510000000004,14.25019999999995,80.06259999999997,113.50554999999997,80.42510000000004,14.25019999999995,80.06259999999997
2025-11-09 13:00:00+00:00,long_dry,final_eval,0.0,0.0,0.0,999,13,6,11,2025-45,14,6,11,15,6,11,16,6,11,19,6,11,-129.55926999999997,-12.70959999999991,67.41499999999996,-41.51710000000003,129.55926999999997,12.70959999999991,67.41499999999996,41.51710000000003
2025-11-09 16:00:00+00:00,recovery,final_eval,0.0,13.899999999999999,13.899999999999999,1,16,6,11,2025-45,17,6,11,18,6,11,19,6,11,22,6,11,122.06819999999993,-30.904199999999946,-142.6878999999999,-211.67039999999997,122.06819999999993,30.904199999999946,142.6878999999999,211.67039999999997
2025-11-09 17:00:00+00:00,recovery,final_eval,0.0,13.899999999999999,13.899999999999999,2,17,6,11,2025-45,18,6,11,19,6,11,20,6,11,23,6,11,-20.26610000000005,-112.32359999999994,-45.67370000000005,-488.5498,20.26610000000005,112.32359999999994,45.67370000000005,488.5498
2025-11-09 18:00:00+00:00,recovery,final_eval,0.0,13.899999999999999,13.899999999999999,3,18,6,11,2025-45,19,6,11,20,6,11,21,6,11,0,0,11,97.52250000000004,112.86719999999991,113.58230000000003,-438.6095,97.52250000000004,112.86719999999991,113.58230000000003,438.6095
2025-11-11 05:00:00+00:00,long_dry,final_eval,0.0,0.0,0.0,999,5,1,11,2025-45,6,1,11,7,1,11,8,1,11,11,1,11,-12.947403000000001,-19.940832,-12.417615999999999,-96.86574999999999,12.947403000000001,19.940832,12.417615999999999,96.86574999999999
2025-11-11 06:00:00+00:00,long_dry,final_eval,0.0,0.0,0.0,999,6,1,11,2025-45,7,1,11,8,1,11,9,1,11,12,1,11,-17.19984,-11.554390000000001,6.780156999999999,-212.11284999999998,17.19984,11.554390000000001,6.780156999999999,212.11284999999998
2025-11-11 07:00:00+00:00,long_dry,final_eval,0.0,0.0,0.0,999,7,1,11,2025-45,8,1,11,9,1,11,10,1,11,13,1,11,-8.342189999999999,6.222244,8.934359999999998,-323.4562000000001,8.342189999999999,6.222244,8.934359999999998,323.4562000000001
2025-11-11 08:00:00+00:00,long_dry,final_eval,0.0,0.0,0.0,999,8,1,11,2025-45,9,1,11,10,1,11,11,1,11,14,1,11,1.8268429999999967,-1.5905599999999964,-136.55106,-92.44000000000005,1.8268429999999967,1.5905599999999964,136.55106,92.44000000000005
2025-11-11 09:00:00+00:00,long_dry,final_eval,0.0,0.0,0.0,999,9,1,11,2025-45,10,1,11,11,1,11,12,1,11,15,1,11,-6.416409999999999,-75.25574,-274.10956,-77.71680000000003,6.416409999999999,75.25574,274.10956,77.71680000000003
2025-11-11 10:00:00+00:00,long_dry,final_eval,0.0,0.0,0.0,999,10,1,11,2025-45,11,1,11,12,1,11,13,1,11,16,1,11,-111.98165999999998,-293.22375,-298.394,-124.53863999999999,111.98165999999998,293.22375,298.394,124.53863999999999
2025-11-11 11:00:00+00:00,long_dry,final_eval,0.0,0.0,0.0,999,11,1,11,2025-45,12,1,11,13,1,11,14,1,11,17,1,11,-88.11800000000005,-157.51697000000001,-311.46439999999996,-137.66643999999997,88.11800000000005,157.51697000000001,311.46439999999996,137.66643999999997
2025-11-11 12:00:00+00:00,long_dry,final_eval,0.0,0.0,0.0,999,12,1,11,2025-45,13,1,11,14,1,11,15,1,11,18,1,11,-108.33167000000003,-133.9683,-145.89070000000004,-123.10924999999997,108.33167000000003,133.9683,145.89070000000004,123.10924999999997
2025-11-11 13:00:00+00:00,long_dry,final_eval,0.0,0.0,0.0,999,13,1,11,2025-45,14,1,11,15,1,11,16,1,11,19,1,11,-229.65160000000003,-157.04459999999995,-57.57740000000001,-186.6399,229.65160000000003,157.04459999999995,57.57740000000001,186.6399
2025-11-11 14:00:00+00:00,long_dry,final_eval,0.0,0.0,0.0,999,14,1,11,2025-45,15,1,11,16,1,11,17,1,11,20,1,11,-8.886169999999993,38.284200000000055,33.894000000000005,-75.19410000000005,8.886169999999993,38.284200000000055,33.894000000000005,75.19410000000005
2025-11-11 15:00:00+00:00,long_dry,final_eval,0.0,0.0,0.0,999,15,1,11,2025-45,16,1,11,17,1,11,18,1,11,21,1,11,-1.34699999999998,13.941829999999982,-87.41405999999995,-137.52379999999994,1.34699999999998,13.941829999999982,87.41405999999995,137.52379999999994
2025-11-11 16:00:00+00:00,long_dry,final_eval,0.0,0.0,0.0,999,16,1,11,2025-45,17,1,11,18,1,11,19,1,11,22,1,11,20.825500000000034,-11.445600000000013,-172.8193,-242.7858000000001,20.825500000000034,11.445600000000013,172.8193,242.7858000000001
2025-11-11 17:00:00+00:00,long_dry,final_eval,0.0,0.0,0.0,999,17,1,11,2025-45,18,1,11,19,1,11,20,1,11,23,1,11,-100.40173000000004,-193.67240000000004,-150.07150000000001,-220.75150000000008,100.40173000000004,193.67240000000004,150.07150000000001,220.75150000000008
2025-11-11 18:00:00+00:00,long_dry,final_eval,0.0,0.0,0.0,999,18,1,11,2025-45,19,1,11,20,1,11,21,1,11,0,2,11,-207.05809999999997,-197.16409999999996,-253.31259999999997,-331.7585,207.05809999999997,197.16409999999996,253.31259999999997,331.7585
2025-11-11 19:00:00+00:00,long_dry,final_eval,0.0,0.0,0.0,999,19,1,11,2025-45,20,1,11,21,1,11,22,1,11,1,2,11,-7.95623999999998,-38.40295000000003,14.660599999999931,-84.27639999999997,7.95623999999998,38.40295000000003,14.660599999999931,84.27639999999997
2025-11-11 20:00:00+00:00,long_dry,final_eval,0.0,0.0,0.0,999,20,1,11,2025-45,21,1,11,22,1,11,23,1,11,2,2,11,-261.1005,-236.98839999999996,-226.1509000000001,-141.1205,261.1005,236.98839999999996,226.1509000000001,141.1205
2025-11-11 21:00:00+00:00,long_dry,final_eval,0.0,0.0,0.0,999,21,1,11,2025-45,22,1,11,23,1,11,0,2,11,3,2,11,-86.87889999999993,-240.6400000000001,-417.2539999999999,-34.31436000000002,86.87889999999993,240.6400000000001,417.2539999999999,34.31436000000002
2025-11-11 22:00:00+00:00,long_dry,final_eval,0.0,0.0,0.0,999,22,1,11,2025-45,23,1,11,0,2,11,1,2,11,4,2,11,-298.80899999999997,-442.0662,-259.69794,-65.09172000000001,298.80899999999997,442.0662,259.69794,65.09172000000001
2025-11-11 23:00:00+00:00,long_dry,final_eval,0.0,0.0,0.0,999,23,1,11,2025-45,0,2,11,1,2,11,2,2,11,5,2,11,-278.63559999999995,-163.6091,-96.2876,-14.876884000000004,278.63559999999995,163.6091,96.2876,14.876884000000004
2025-11-12 00:00:00+00:00,long_dry,final_eval,0.0,0.0,0.0,999,0,2,11,2025-45,1,2,11,2,2,11,3,2,11,6,2,11,37.93405000000001,54.320040000000006,114.9427,-24.088886000000002,37.93405000000001,54.320040000000006,114.9427,24.088886000000002
2025-11-12 01:00:00+00:00,long_dry,final_eval,0.0,0.0,0.0,999,1,2,11,2025-45,2,2,11,3,2,11,4,2,11,7,2,11,9.777440000000013,65.39575000000002,12.139569999999992,-14.699375,9.777440000000013,65.39575000000002,12.139569999999992,14.699375
2025-11-12 02:00:00+00:00,long_dry,final_eval,0.0,0.0,0.0,999,2,2,11,2025-45,3,2,11,4,2,11,5,2,11,8,2,11,43.89974999999998,3.6921800000000076,-3.972219999999993,-6.966063999999999,43.89974999999998,3.6921800000000076,3.972219999999993,6.966063999999999
2025-11-12 03:00:00+00:00,long_dry,final_eval,0.0,0.0,0.0,999,3,2,11,2025-45,4,2,11,5,2,11,6,2,11,9,2,11,1.664999999999992,0.9107800000000026,-17.843445000000003,2.106625000000001,1.664999999999992,0.9107800000000026,17.843445000000003,2.106625000000001
2025-11-12 04:00:00+00:00,long_dry,final_eval,0.0,0.0,0.0,999,4,2,11,2025-45,5,2,11,6,2,11,7,2,11,10,2,11,0.7387800000000055,-14.220042999999997,-15.058064000000002,63.20712,0.7387800000000055,14.220042999999997,15.058064000000002,63.20712
2025-11-12 05:00:00+00:00,long_dry,final_eval,0.0,0.0,0.0,999,5,2,11,2025-45,6,2,11,7,2,11,8,2,11,11,2,11,-9.655067000000003,-12.140695999999998,-8.880407000000002,90.04559999999998,9.655067000000003,12.140695999999998,8.880407000000002,90.04559999999998
2025-11-12 06:00:00+00:00,long_dry,final_eval,0.0,0.0,0.0,999,6,2,11,2025-45,7,2,11,8,2,11,9,2,11,12,2,11,-9.188275999999998,-7.46097,1.4583200000000005,280.05460000000005,9.188275999999998,7.46097,1.4583200000000005,280.05460000000005
2025-11-12 07:00:00+00:00,long_dry,final_eval,0.0,0.0,0.0,999,7,2,11,2025-45,8,2,11,9,2,11,10,2,11,13,2,11,-5.77195,-1.4144760000000005,67.58914,559.35944,5.77195,1.4144760000000005,67.58914,559.35944
2025-11-12 08:00:00+00:00,long_dry,final_eval,0.0,0.0,0.0,999,8,2,11,2025-45,9,2,11,10,2,11,11,2,11,14,2,11,-3.5341260000000005,66.336464,102.38316,129.3791,3.5341260000000005,66.336464,102.38316,129.3791
2025-11-12 09:00:00+00:00,long_dry,final_eval,0.0,0.0,0.0,999,9,2,11,2025-45,10,2,11,11,2,11,12,2,11,15,2,11,61.416336,96.76318,196.8198,44.303499999999985,61.416336,96.76318,196.8198,44.303499999999985
2025-11-12 10:00:00+00:00,long_dry,final_eval,0.0,0.0,0.0,999,10,2,11,2025-45,11,2,11,12,2,11,13,2,11,16,2,11,-117.67815999999999,10.478500000000054,569.77454,-80.30676000000005,117.67815999999999,10.478500000000054,569.77454,80.30676000000005
2025-11-12 11:00:00+00:00,long_dry,final_eval,0.0,0.0,0.0,999,11,2,11,2025-45,12,2,11,13,2,11,14,2,11,17,2,11,40.506399999999985,538.0516,26.022699999999986,44.80309999999997,40.506399999999985,538.0516,26.022699999999986,44.80309999999997
2025-11-12 12:00:00+00:00,long_dry,final_eval,0.0,0.0,0.0,999,12,2,11,2025-45,13,2,11,14,2,11,15,2,11,18,2,11,493.9701,54.91454999999996,-57.89269999999999,65.65650000000005,493.9701,54.91454999999996,57.89269999999999,65.65650000000005
2025-11-12 13:00:00+00:00,long_dry,final_eval,0.0,0.0,0.0,999,13,2,11,2025-45,14,2,11,15,2,11,16,2,11,19,2,11,10.689799999999991,-51.89020000000005,-32.05920000000003,40.33910000000003,10.689799999999991,51.89020000000005,32.05920000000003,40.33910000000003
2025-11-12 14:00:00+00:00,long_dry,final_eval,0.0,0.0,0.0,999,14,2,11,2025-45,15,2,11,16,2,11,17,2,11,20,2,11,-66.86126999999999,-79.07590000000005,-27.074499999999944,91.92957000000001,66.86126999999999,79.07590000000005,27.074499999999944,91.92957000000001
2025-11-12 15:00:00+00:00,long_dry,final_eval,0.0,0.0,0.0,999,15,2,11,2025-45,16,2,11,17,2,11,18,2,11,21,2,11,13.187000000000012,99.22546,21.46343999999999,327.9702,13.187000000000012,99.22546,21.46343999999999,327.9702
2025-11-12 16:00:00+00:00,long_dry,final_eval,0.0,0.0,0.0,999,16,2,11,2025-45,17,2,11,18,2,11,19,2,11,22,2,11,146.70039999999995,96.37760000000003,10.948200000000043,619.6947,146.70039999999995,96.37760000000003,10.948200000000043,619.6947
2025-11-12 17:00:00+00:00,long_dry,final_eval,0.0,0.0,0.0,999,17,2,11,2025-45,18,2,11,19,2,11,20,2,11,23,2,11,-20.972099999999955,-15.155700000000024,102.7622,16.98849999999993,20.972099999999955,15.155700000000024,102.7622,16.98849999999993
2025-11-12 18:00:00+00:00,long_dry,final_eval,0.0,0.0,0.0,999,18,2,11,2025-45,19,2,11,20,2,11,21,2,11,0,3,11,-189.29719999999998,-149.2666999999999,200.8391999999999,10.538000000000011,189.29719999999998,149.2666999999999,200.8391999999999,10.538000000000011
2025-11-12 19:00:00+00:00,long_dry,final_eval,0.0,0.0,0.0,999,19,2,11,2025-45,20,2,11,21,2,11,22,2,11,1,3,11,-61.83629999999994,236.3737000000001,502.6594,81.71172999999999,61.83629999999994,236.3737000000001,502.6594,81.71172999999999
2025-11-12 20:00:00+00:00,long_dry,final_eval,0.0,0.0,0.0,999,20,2,11,2025-45,21,2,11,22,2,11,23,2,11,2,3,11,148.03050000000007,351.1952000000001,76.82300000000009,11.455439999999953,148.03050000000007,351.1952000000001,76.82300000000009,11.455439999999953
2025-11-12 21:00:00+00:00,long_dry,final_eval,0.0,0.0,0.0,999,21,2,11,2025-45,22,2,11,23,2,11,0,3,11,3,3,11,398.50019999999995,-37.2956999999999,-104.3445999999999,12.110079999999982,398.50019999999995,37.2956999999999,104.3445999999999,12.110079999999982
2025-11-12 22:00:00+00:00,long_dry,final_eval,0.0,0.0,0.0,999,22,2,11,2025-45,23,2,11,0,3,11,1,3,11,4,3,11,-15.132000000000062,-168.5485000000001,-37.74145999999996,-55.47397000000001,15.132000000000062,168.5485000000001,37.74145999999996,55.47397000000001
2025-11-12 23:00:00+00:00,long_dry,final_eval,0.0,0.0,0.0,999,23,2,11,2025-45,0,3,11,1,3,11,2,3,11,5,3,11,-91.4505999999999,-32.901899999999955,10.999760000000038,-26.111220000000003,91.4505999999999,32.901899999999955,10.999760000000038,26.111220000000003
2025-11-13 00:00:00+00:00,long_dry,final_eval,0.0,0.0,0.0,999,0,3,11,2025-45,1,3,11,2,3,11,3,3,11,6,3,11,44.27049999999997,51.42349999999999,35.55716000000001,-36.360600000000005,44.27049999999997,51.42349999999999,35.55716000000001,36.360600000000005
2025-11-13 01:00:00+00:00,long_dry,final_eval,0.0,0.0,0.0,999,1,3,11,2025-45,2,3,11,3,3,11,4,3,11,7,3,11,-7.074899999999957,22.11703,11.861649999999997,-7.573546999999998,7.074899999999957,22.11703,11.861649999999997,7.573546999999998
2025-11-13 02:00:00+00:00,long_dry,final_eval,0.0,0.0,0.0,999,2,3,11,2025-45,3,3,11,4,3,11,5,3,11,8,3,11,-32.322540000000004,-25.65719999999999,-18.115520000000004,-6.977944999999998,32.322540000000004,25.65719999999999,18.115520000000004,6.977944999999998
2025-11-13 03:00:00+00:00,long_dry,final_eval,0.0,0.0,0.0,999,3,3,11,2025-45,4,3,11,5,3,11,6,3,11,9,3,11,-12.949220000000025,-13.802574000000007,-21.18419,-2.6609690000000015,12.949220000000025,13.802574000000007,21.18419,2.6609690000000015
2025-11-13 04:00:00+00:00,long_dry,final_eval,0.0,0.0,0.0,999,4,3,11,2025-45,5,3,11,6,3,11,7,3,11,10,3,11,-10.750600000000006,-12.343964,-4.694369999999999,49.64174,10.750600000000006,12.343964,4.694369999999999,49.64174
2025-11-13 05:00:00+00:00,long_dry,final_eval,0.0,0.0,0.0,999,5,3,11,2025-45,6,3,11,7,3,11,8,3,11,11,3,11,-3.0808449999999965,2.4674049999999994,-6.531230000000001,56.69155999999998,3.0808449999999965,2.4674049999999994,6.531230000000001,56.69155999999998
2025-11-13 06:00:00+00:00,long_dry,final_eval,0.0,0.0,0.0,999,6,3,11,2025-45,7,3,11,8,3,11,9,3,11,12,3,11,2.6947609999999997,-5.378036000000002,-1.3294299999999986,294.04596000000004,2.6947609999999997,5.378036000000002,1.3294299999999986,294.04596000000004
2025-11-13 07:00:00+00:00,long_dry,final_eval,0.0,0.0,0.0,999,7,3,11,2025-45,8,3,11,9,3,11,10,3,11,13,3,11,-6.077836999999999,-7.221255999999997,60.592830000000006,650.0824,6.077836999999999,7.221255999999997,60.592830000000006,650.0824
2025-11-13 08:00:00+00:00,long_dry,final_eval,0.0,0.0,0.0,999,8,3,11,2025-45,9,3,11,10,3,11,11,3,11,14,3,11,-5.467570000000002,67.0336,129.24524,141.74585000000002,5.467570000000002,67.0336,129.24524,141.74585000000002
2025-11-13 09:00:00+00:00,long_dry,final_eval,0.0,0.0,0.0,999,9,3,11,2025-45,10,3,11,11,3,11,12,3,11,15,3,11,52.099464,99.58803999999998,231.40233999999998,-36.12616000000003,52.099464,99.58803999999998,231.40233999999998,36.12616000000003
2025-11-13 10:00:00+00:00,long_dry,final_eval,0.0,0.0,0.0,999,10,3,11,2025-45,11,3,11,12,3,11,13,3,11,16,3,11,-121.96483999999998,30.26495,614.2822000000001,-194.65549999999996,121.96483999999998,30.26495,614.2822000000001,194.65549999999996
2025-11-13 11:00:00+00:00,long_dry,final_eval,0.0,0.0,0.0,999,11,3,11,2025-45,12,3,11,13,3,11,14,3,11,17,3,11,78.59924000000001,608.8839,22.46969999999999,-69.55535999999995,78.59924000000001,608.8839,22.46969999999999,69.55535999999995
2025-11-13 12:00:00+00:00,long_dry,final_eval,0.0,0.0,0.0,999,12,3,11,2025-45,13,3,11,14,3,11,15,3,11,18,3,11,560.6559,84.11959999999999,-136.72217,-47.86329999999998,560.6559,84.11959999999999,136.72217,47.86329999999998
2025-11-13 13:00:00+00:00,long_dry,final_eval,0.0,0.0,0.0,999,13,3,11,2025-45,14,3,11,15,3,11,16,3,11,19,3,11,-60.30130000000008,-194.18854,-151.02747,-119.38409999999999,60.30130000000008,194.18854,151.02747,119.38409999999999
2025-11-13 14:00:00+00:00,long_dry,final_eval,0.0,0.0,0.0,999,14,3,11,2025-45,15,3,11,16,3,11,17,3,11,20,3,11,-177.10580000000004,-182.40099999999995,-140.66472999999996,191.9529,177.10580000000004,182.40099999999995,140.66472999999996,191.9529
2025-11-13 15:00:00+00:00,long_dry,final_eval,0.0,0.0,0.0,999,15,3,11,2025-45,16,3,11,17,3,11,18,3,11,21,3,11,9.399800000000027,70.0068,4.685799999999972,245.3293000000001,9.399800000000027,70.0068,4.685799999999972,245.3293000000001
2025-11-13 16:00:00+00:00,long_dry,final_eval,0.0,0.0,0.0,999,16,3,11,2025-45,17,3,11,18,3,11,19,3,11,22,3,11,120.96564000000001,80.70294000000001,-64.93039999999996,592.9115999999999,120.96564000000001,80.70294000000001,64.93039999999996,592.9115999999999
2025-11-13 17:00:00+00:00,long_dry,final_eval,0.0,0.0,0.0,999,17,3,11,2025-45,18,3,11,19,3,11,20,3,11,23,3,11,8.366200000000049,-25.257749999999987,304.2223,-54.922000000000025,8.366200000000049,25.257749999999987,304.2223,54.922000000000025
2025-11-13 18:00:00+00:00,long_dry,final_eval,0.0,0.0,0.0,999,18,3,11,2025-45,19,3,11,20,3,11,21,3,11,0,4,11,-250.05359999999996,-0.33539999999993597,142.7668000000001,-81.44849999999997,250.05359999999996,0.33539999999993597,142.7668000000001,81.44849999999997
2025-11-13 19:00:00+00:00,long_dry,final_eval,0.0,0.0,0.0,999,19,3,11,2025-45,20,3,11,21,3,11,22,3,11,1,4,11,148.90769999999998,271.5962999999999,545.5714,-104.98239999999998,148.90769999999998,271.5962999999999,545.5714,104.98239999999998
2025-11-13 20:00:00+00:00,long_dry,final_eval,0.0,0.0,0.0,999,20,3,11,2025-45,21,3,11,22,3,11,23,3,11,2,4,11,25.980099999999993,311.8284000000001,42.52330000000006,-80.91399999999999,25.980099999999993,311.8284000000001,42.52330000000006,80.91399999999999
2025-11-13 21:00:00+00:00,long_dry,final_eval,0.0,0.0,0.0,999,21,3,11,2025-45,22,3,11,23,3,11,0,4,11,3,4,11,438.2838999999999,-39.275100000000066,-188.61660000000006,9.463070000000016,438.2838999999999,39.275100000000066,188.61660000000006,9.463070000000016
2025-11-13 22:00:00+00:00,long_dry,final_eval,0.0,0.0,0.0,999,22,3,11,2025-45,23,3,11,0,4,11,1,4,11,4,4,11,-53.76379999999995,-263.0481,-218.34502999999995,5.510400000000004,53.76379999999995,263.0481,218.34502999999995,5.510400000000004
2025-11-13 23:00:00+00:00,long_dry,final_eval,0.0,0.0,0.0,999,23,3,11,2025-45,0,4,11,1,4,11,2,4,11,5,4,11,-147.18589999999995,-205.8745,-88.66125,-3.949520000000007,147.18589999999995,205.8745,88.66125,3.949520000000007
2025-11-14 00:00:00+00:00,long_dry,final_eval,0.0,0.0,0.0,999,0,4,11,2025-45,1,4,11,2,4,11,3,4,11,6,4,11,-43.1114,22.940600000000018,57.976999999999975,-3.1808300000000003,43.1114,22.940600000000018,57.976999999999975,3.1808300000000003
2025-11-14 01:00:00+00:00,long_dry,final_eval,0.0,0.0,0.0,999,1,4,11,2025-45,2,4,11,3,4,11,4,4,11,7,4,11,3.294499999999971,67.11160000000001,94.23348999999999,1.884242999999998,3.294499999999971,67.11160000000001,94.23348999999999,1.884242999999998
2025-11-14 02:00:00+00:00,long_dry,final_eval,0.0,0.0,0.0,999,2,4,11,2025-45,3,4,11,4,4,11,5,4,11,8,4,11,-11.896240000000034,34.827999999999975,23.049419999999998,-2.568640000000002,11.896240000000034,34.827999999999975,23.049419999999998,2.568640000000002
2025-11-14 03:00:00+00:00,long_dry,final_eval,0.0,0.0,0.0,999,3,4,11,2025-45,4,4,11,5,4,11,6,4,11,9,4,11,31.33557000000002,15.472059999999999,0.9679299999999955,7.716686000000003,31.33557000000002,15.472059999999999,0.9679299999999955,7.716686000000003
2025-11-14 04:00:00+00:00,long_dry,final_eval,0.0,0.0,0.0,999,4,4,11,2025-45,5,4,11,6,4,11,7,4,11,10,4,11,11.874650000000003,8.55968,0.4263600000000025,40.462456,11.874650000000003,8.55968,0.4263600000000025,40.462456
2025-11-14 05:00:00+00:00,long_dry,final_eval,0.0,0.0,0.0,999,5,4,11,2025-45,6,4,11,7,4,11,8,4,11,11,4,11,13.538420000000002,13.045547,-0.19884899999999917,101.54481999999999,13.538420000000002,13.045547,0.19884899999999917,101.54481999999999
2025-11-14 06:00:00+00:00,long_dry,final_eval,0.0,0.0,0.0,999,6,4,11,2025-45,7,4,11,8,4,11,9,4,11,12,4,11,14.114615999999998,0.9115959999999994,11.460712000000001,188.79909999999995,14.114615999999998,0.9115959999999994,11.460712000000001,188.79909999999995
2025-11-14 07:00:00+00:00,long_dry,final_eval,0.0,0.0,0.0,999,7,4,11,2025-45,8,4,11,9,4,11,10,4,11,13,4,11,0.7854899999999994,6.328907000000001,50.67068999999999,330.69860000000006,0.7854899999999994,6.328907000000001,50.67068999999999,330.69860000000006
2025-11-14 08:00:00+00:00,long_dry,final_eval,0.0,0.0,0.0,999,8,4,11,2025-45,9,4,11,10,4,11,11,4,11,14,4,11,8.435659999999999,54.842290000000006,113.39565999999999,63.378400000000056,8.435659999999999,54.842290000000006,113.39565999999999,63.378400000000056
2025-11-14 09:00:00+00:00,long_dry,final_eval,0.0,0.0,0.0,999,9,4,11,2025-45,10,4,11,11,4,11,12,4,11,15,4,11,46.05628,104.62636,103.34130000000005,-11.009159999999952,46.05628,104.62636,103.34130000000005,11.009159999999952
2025-11-14 10:00:00+00:00,long_dry,final_eval,0.0,0.0,0.0,999,10,4,11,2025-45,11,4,11,12,4,11,13,4,11,16,4,11,-4.158020000000022,17.167299999999955,328.72455,-38.42255,4.158020000000022,17.167299999999955,328.72455,38.42255
2025-11-14 11:00:00+00:00,long_dry,final_eval,0.0,0.0,0.0,999,11,4,11,2025-45,12,4,11,13,4,11,14,4,11,17,4,11,-28.79499999999996,322.57117000000005,-7.509199999999964,-24.790899999999965,28.79499999999996,322.57117000000005,7.509199999999964,24.790899999999965
2025-11-14 12:00:00+00:00,long_dry,final_eval,0.0,0.0,0.0,999,12,4,11,2025-45,13,4,11,14,4,11,15,4,11,18,4,11,229.45180000000005,-75.0385,-195.35535000000004,-40.95479999999998,229.45180000000005,75.0385,195.35535000000004,40.95479999999998
2025-11-14 13:00:00+00:00,long_dry,final_eval,0.0,0.0,0.0,999,13,4,11,2025-45,14,4,11,15,4,11,16,4,11,19,4,11,-86.73535000000004,-163.59450000000004,-83.58069999999998,-44.55729999999994,86.73535000000004,163.59450000000004,83.58069999999998,44.55729999999994
2025-11-14 14:00:00+00:00,long_dry,final_eval,0.0,0.0,0.0,999,14,4,11,2025-45,15,4,11,16,4,11,17,4,11,20,4,11,-131.68939999999998,-92.17444,-70.33203000000003,214.8279,131.68939999999998,92.17444,70.33203000000003,214.8279
2025-11-14 15:00:00+00:00,long_dry,final_eval,0.0,0.0,0.0,999,15,4,11,2025-45,16,4,11,17,4,11,18,4,11,21,4,11,66.77629999999999,85.45952999999997,9.427249999999958,138.1427000000001,66.77629999999999,85.45952999999997,9.427249999999958,138.1427000000001
2025-11-14 16:00:00+00:00,long_dry,final_eval,0.0,0.0,0.0,999,16,4,11,2025-45,17,4,11,18,4,11,19,4,11,22,4,11,36.95636000000002,56.894199999999955,1.9288999999999987,186.22849999999994,36.95636000000002,56.894199999999955,1.9288999999999987,186.22849999999994
2025-11-14 17:00:00+00:00,long_dry,final_eval,0.0,0.0,0.0,999,17,4,11,2025-45,18,4,11,19,4,11,20,4,11,23,4,11,42.271499999999946,54.1327,245.18910000000005,-145.54410000000007,42.271499999999946,54.1327,245.18910000000005,145.54410000000007
2025-11-14 18:00:00+00:00,long_dry,final_eval,0.0,0.0,0.0,999,18,4,11,2025-45,19,4,11,20,4,11,21,4,11,0,5,11,-129.3699999999999,-7.43100000000004,41.97970000000009,-55.053300000000036,129.3699999999999,7.43100000000004,41.97970000000009,55.053300000000036
2025-11-14 19:00:00+00:00,long_dry,final_eval,0.0,0.0,0.0,999,19,4,11,2025-45,20,4,11,21,4,11,22,4,11,1,5,11,55.571899999999914,36.31420000000003,143.88760000000002,-105.92960000000005,55.571899999999914,36.31420000000003,143.88760000000002,105.92960000000005
2025-11-14 20:00:00+00:00,long_dry,final_eval,0.0,0.0,0.0,999,20,4,11,2025-45,21,4,11,22,4,11,23,4,11,2,5,11,24.92820000000006,97.97689999999989,-81.91609999999991,-98.50689999999997,24.92820000000006,97.97689999999989,81.91609999999991,98.50689999999997
2025-11-14 21:00:00+00:00,long_dry,final_eval,0.0,0.0,0.0,999,21,4,11,2025-45,22,4,11,23,4,11,0,5,11,3,5,11,189.77620000000002,-135.49800000000005,-154.10079999999994,40.69446000000005,189.77620000000002,135.49800000000005,154.10079999999994,40.69446000000005
2025-11-14 22:00:00+00:00,long_dry,final_eval,0.0,0.0,0.0,999,22,4,11,2025-45,23,4,11,0,5,11,1,5,11,4,5,11,-97.08809999999994,-188.35310000000004,-199.53015000000005,171.60782,97.08809999999994,188.35310000000004,199.53015000000005,171.60782
2025-11-14 23:00:00+00:00,long_dry,final_eval,0.0,0.0,0.0,999,23,4,11,2025-45,0,5,11,1,5,11,2,5,11,5,5,11,-33.2494999999999,-108.54079999999999,-94.09929999999997,222.05492,33.2494999999999,108.54079999999999,94.09929999999997,222.05492
2025-11-15 00:00:00+00:00,long_dry,final_eval,0.0,0.0,0.0,999,0,5,11,2025-45,1,5,11,2,5,11,3,5,11,6,5,11,-59.68589999999995,-45.488899999999944,22.439899999999966,178.97165,59.68589999999995,45.488899999999944,22.439899999999966,178.97165
2025-11-15 01:00:00+00:00,long_dry,final_eval,0.0,0.0,0.0,999,1,5,11,2025-45,2,5,11,3,5,11,4,5,11,7,5,11,-59.21479999999997,49.423599999999965,173.40335,113.35969,59.21479999999997,49.423599999999965,173.40335,113.35969
2025-11-15 02:00:00+00:00,long_dry,final_eval,0.0,0.0,0.0,999,2,5,11,2025-45,3,5,11,4,5,11,5,5,11,8,5,11,-2.2862499999999955,115.07709999999997,164.71017,18.941339999999997,2.2862499999999955,115.07709999999997,164.71017,18.941339999999997
2025-11-15 03:00:00+00:00,long_dry,final_eval,0.0,0.0,0.0,999,3,5,11,2025-45,4,5,11,5,5,11,6,5,11,9,5,11,65.54419999999999,105.25513000000001,103.05985999999999,-0.31830599999999976,65.54419999999999,105.25513000000001,103.05985999999999,0.31830599999999976
2025-11-15 04:00:00+00:00,long_dry,final_eval,0.0,0.0,0.0,999,4,5,11,2025-45,5,5,11,6,5,11,7,5,11,10,5,11,54.92180000000002,86.59478999999999,84.997986,-9.676609999999997,54.92180000000002,86.59478999999999,84.997986,9.676609999999997
2025-11-15 05:00:00+00:00,long_dry,final_eval,0.0,0.0,0.0,999,5,5,11,2025-45,6,5,11,7,5,11,8,5,11,11,5,11,70.23055,59.69637,-8.458150000000003,-5.0805699999999945,70.23055,59.69637,8.458150000000003,5.0805699999999945
2025-11-15 06:00:00+00:00,long_dry,final_eval,0.0,0.0,0.0,999,6,5,11,2025-45,7,5,11,8,5,11,9,5,11,12,5,11,12.648860000000013,-30.858729999999994,-27.648030000000006,-25.151430000000005,12.648860000000013,30.858729999999994,27.648030000000006,25.151430000000005
2025-11-15 07:00:00+00:00,long_dry,final_eval,0.0,0.0,0.0,999,7,5,11,2025-45,8,5,11,9,5,11,10,5,11,13,5,11,1.424909999999997,-10.899079999999998,8.488765999999998,34.101800000000026,1.424909999999997,10.899079999999998,8.488765999999998,34.101800000000026
2025-11-15 08:00:00+00:00,long_dry,final_eval,0.0,0.0,0.0,999,8,5,11,2025-45,9,5,11,10,5,11,11,5,11,14,5,11,-3.118586999999998,7.470027999999999,-2.9124999999999943,19.741149999999948,3.118586999999998,7.470027999999999,2.9124999999999943,19.741149999999948
2025-11-15 09:00:00+00:00,long_dry,final_eval,0.0,0.0,0.0,999,9,5,11,2025-45,10,5,11,11,5,11,12,5,11,15,5,11,2.4670600000000036,-15.69120000000001,-125.14821999999998,297.3501,2.4670600000000036,15.69120000000001,125.14821999999998,297.3501
2025-11-15 10:00:00+00:00,long_dry,final_eval,0.0,0.0,0.0,999,10,5,11,2025-45,11,5,11,12,5,11,13,5,11,16,5,11,-22.648830000000004,-150.64382999999998,-164.87580000000003,458.41296,22.648830000000004,150.64382999999998,164.87580000000003,458.41296
2025-11-15 11:00:00+00:00,long_dry,final_eval,0.0,0.0,0.0,999,11,5,11,2025-45,12,5,11,13,5,11,14,5,11,17,5,11,-92.01578,-87.26959999999997,52.32299999999998,323.76340000000005,92.01578,87.26959999999997,52.32299999999998,323.76340000000005
2025-11-15 12:00:00+00:00,long_dry,final_eval,0.0,0.0,0.0,999,12,5,11,2025-45,13,5,11,14,5,11,15,5,11,18,5,11,-22.354100000000017,74.18050000000005,387.7024,198.96859999999992,22.354100000000017,74.18050000000005,387.7024,198.96859999999992
2025-11-15 13:00:00+00:00,long_dry,final_eval,0.0,0.0,0.0,999,13,5,11,2025-45,14,5,11,15,5,11,16,5,11,19,5,11,-42.62603999999999,320.87494000000004,506.47986000000003,433.7360000000001,42.62603999999999,320.87494000000004,506.47986000000003,433.7360000000001
2025-11-15 14:00:00+00:00,long_dry,final_eval,0.0,0.0,0.0,999,14,5,11,2025-45,15,5,11,16,5,11,17,5,11,20,5,11,185.2114999999999,337.79459999999995,157.33169999999996,265.2902999999999,185.2114999999999,337.79459999999995,157.33169999999996,265.2902999999999
2025-11-15 15:00:00+00:00,long_dry,final_eval,0.0,0.0,0.0,999,15,5,11,2025-45,16,5,11,17,5,11,18,5,11,21,5,11,205.88779999999997,97.00379999999996,34.568700000000035,180.28279999999995,205.88779999999997,97.00379999999996,34.568700000000035,180.28279999999995
2025-11-15 16:00:00+00:00,long_dry,final_eval,0.0,0.0,0.0,999,16,5,11,2025-45,17,5,11,18,5,11,19,5,11,22,5,11,60.285499999999956,-38.31410000000005,300.5791999999999,-57.5018,60.285499999999956,38.31410000000005,300.5791999999999,57.5018
2025-11-15 17:00:00+00:00,long_dry,final_eval,0.0,0.0,0.0,999,17,5,11,2025-45,18,5,11,19,5,11,20,5,11,23,5,11,231.58123999999998,536.7811999999999,383.1923999999999,-105.9194,231.58123999999998,536.7811999999999,383.1923999999999,105.9194
2025-11-15 18:00:00+00:00,long_dry,final_eval,0.0,0.0,0.0,999,18,5,11,2025-45,19,5,11,20,5,11,21,5,11,0,6,11,612.91034,474.5325,290.3517999999999,-171.10235999999998,612.91034,474.5325,290.3517999999999,171.10235999999998
2025-11-15 19:00:00+00:00,long_dry,final_eval,0.0,0.0,0.0,999,19,5,11,2025-45,20,5,11,21,5,11,22,5,11,1,6,11,121.65519999999992,-148.8391999999999,-344.8297,-141.0688,121.65519999999992,148.8391999999999,344.8297,141.0688
2025-11-15 20:00:00+00:00,long_dry,final_eval,0.0,0.0,0.0,999,20,5,11,2025-45,21,5,11,22,5,11,23,5,11,2,6,11,105.43540000000007,-83.2382,-139.49389999999994,-106.13980000000004,105.43540000000007,83.2382,139.49389999999994,106.13980000000004
2025-11-15 21:00:00+00:00,long_dry,final_eval,0.0,0.0,0.0,999,21,5,11,2025-45,22,5,11,23,5,11,0,6,11,3,6,11,-87.59950000000003,-143.4076,-230.51659999999993,117.82029999999997,87.59950000000003,143.4076,230.51659999999993,117.82029999999997
2025-11-15 22:00:00+00:00,long_dry,final_eval,0.0,0.0,0.0,999,22,5,11,2025-45,23,5,11,0,6,11,1,6,11,4,6,11,-18.4692,-115.68349999999998,-117.87739999999997,204.01620000000003,18.4692,115.68349999999998,117.87739999999997,204.01620000000003
2025-11-15 23:00:00+00:00,long_dry,final_eval,0.0,0.0,0.0,999,23,5,11,2025-45,0,6,11,1,6,11,2,6,11,5,6,11,-89.09142999999995,-37.900499999999965,-17.204399999999964,232.00662,89.09142999999995,37.900499999999965,17.204399999999964,232.00662
2025-11-17 09:00:00+00:00,long_dry,final_eval,0.0,0.0,0.0,999,9,0,11,2025-46,10,0,11,11,0,11,12,0,11,15,0,11,47.39493,127.50613000000001,185.69190000000003,-110.89959999999996,47.39493,127.50613000000001,185.69190000000003,110.89959999999996
2025-11-17 10:00:00+00:00,long_dry,final_eval,0.0,0.0,0.0,999,10,0,11,2025-46,11,0,11,12,0,11,13,0,11,16,0,11,27.004819999999995,114.40044999999998,513.52094,-162.26262999999994,27.004819999999995,114.40044999999998,513.52094,162.26262999999994
2025-11-17 11:00:00+00:00,long_dry,final_eval,0.0,0.0,0.0,999,11,0,11,2025-46,12,0,11,13,0,11,14,0,11,17,0,11,-5.177249999999958,463.79535,-82.94494999999995,-21.76520000000005,5.177249999999958,463.79535,82.94494999999995,21.76520000000005
2025-11-17 12:00:00+00:00,long_dry,final_eval,0.0,0.0,0.0,999,12,0,11,2025-46,13,0,11,14,0,11,15,0,11,18,0,11,332.82089999999994,-120.17334000000005,-246.84625000000005,-52.60170000000005,332.82089999999994,120.17334000000005,246.84625000000005,52.60170000000005
2025-11-17 13:00:00+00:00,long_dry,final_eval,0.0,0.0,0.0,999,13,0,11,2025-46,14,0,11,15,0,11,16,0,11,19,0,11,-231.83263999999997,-304.00714000000005,-187.67240000000004,-200.11334,231.83263999999997,304.00714000000005,187.67240000000004,200.11334
2025-11-17 14:00:00+00:00,long_dry,final_eval,0.0,0.0,0.0,999,14,0,11,2025-46,15,0,11,16,0,11,17,0,11,20,0,11,-228.95569999999998,-197.13199999999995,-121.23969999999997,17.251499999999965,228.95569999999998,197.13199999999995,121.23969999999997,17.251499999999965
2025-11-17 15:00:00+00:00,long_dry,final_eval,0.0,0.0,0.0,999,15,0,11,2025-46,16,0,11,17,0,11,18,0,11,21,0,11,-55.03390000000002,48.707899999999995,-48.07370000000003,110.7378000000001,55.03390000000002,48.707899999999995,48.07370000000003,110.7378000000001
2025-11-17 16:00:00+00:00,long_dry,final_eval,0.0,0.0,0.0,999,16,0,11,2025-46,17,0,11,18,0,11,19,0,11,22,0,11,10.247899999999959,-34.49549999999999,-200.55399999999997,378.27060000000006,10.247899999999959,34.49549999999999,200.55399999999997,378.27060000000006
2025-11-17 17:00:00+00:00,long_dry,final_eval,0.0,0.0,0.0,999,17,0,11,2025-46,18,0,11,19,0,11,20,0,11,23,0,11,-59.9828,-156.91510000000005,90.50519999999995,-50.565700000000106,59.9828,156.91510000000005,90.50519999999995,50.565700000000106
2025-11-17 18:00:00+00:00,long_dry,final_eval,0.0,0.0,0.0,999,18,0,11,2025-46,19,0,11,20,0,11,21,0,11,0,1,11,-201.71709999999996,1.6785999999999603,131.30320000000006,-60.98455999999999,201.71709999999996,1.6785999999999603,131.30320000000006,60.98455999999999
2025-11-17 19:00:00+00:00,long_dry,final_eval,0.0,0.0,0.0,999,19,0,11,2025-46,20,0,11,21,0,11,22,0,11,1,1,11,227.68949999999995,385.79485999999997,699.04846,111.98979999999995,227.68949999999995,385.79485999999997,699.04846,111.98979999999995
2025-11-17 20:00:00+00:00,long_dry,final_eval,0.0,0.0,0.0,999,20,0,11,2025-46,21,0,11,22,0,11,23,0,11,2,1,11,75.87560000000008,376.0386000000001,162.33179999999993,23.83566000000002,75.87560000000008,376.0386000000001,162.33179999999993,23.83566000000002
2025-11-17 21:00:00+00:00,long_dry,final_eval,0.0,0.0,0.0,999,21,0,11,2025-46,22,0,11,23,0,11,0,1,11,3,1,11,391.50520000000006,50.990800000000036,-83.68899999999996,35.77847000000003,391.50520000000006,50.990800000000036,83.68899999999996,35.77847000000003
2025-11-17 22:00:00+00:00,long_dry,final_eval,0.0,0.0,0.0,999,22,0,11,2025-46,23,0,11,0,1,11,1,1,11,4,1,11,21.11519999999996,-157.14159999999993,-74.03252999999995,-16.561360000000008,21.11519999999996,157.14159999999993,74.03252999999995,16.561360000000008
2025-11-17 23:00:00+00:00,long_dry,final_eval,0.0,0.0,0.0,999,23,0,11,2025-46,0,1,11,1,1,11,2,1,11,5,1,11,-124.04309999999998,-94.37649999999996,-19.165200000000027,-38.21539,124.04309999999998,94.37649999999996,19.165200000000027,38.21539
2025-11-18 00:00:00+00:00,long_dry,final_eval,0.0,0.0,0.0,999,0,1,11,2025-46,1,1,11,2,1,11,3,1,11,6,1,11,15.789999999999964,50.596000000000004,58.13977,-18.663615999999998,15.789999999999964,50.596000000000004,58.13977,18.663615999999998
2025-11-18 01:00:00+00:00,long_dry,final_eval,0.0,0.0,0.0,999,1,1,11,2025-46,2,1,11,3,1,11,4,1,11,7,1,11,-10.607240000000047,23.68966999999998,23.693219999999997,-13.365746000000001,10.607240000000047,23.68966999999998,23.693219999999997,13.365746000000001
2025-11-18 02:00:00+00:00,long_dry,final_eval,0.0,0.0,0.0,999,2,1,11,2025-46,3,1,11,4,1,11,5,1,11,8,1,11,17.36500000000001,4.960890000000006,-39.526054,-9.074563999999999,17.36500000000001,4.960890000000006,39.526054,9.074563999999999
2025-11-18 03:00:00+00:00,long_dry,final_eval,0.0,0.0,0.0,999,3,1,11,2025-46,4,1,11,5,1,11,6,1,11,9,1,11,-7.941800000000001,-46.051770000000005,-16.293888000000003,9.116883999999999,7.941800000000001,46.051770000000005,16.293888000000003,9.116883999999999
2025-11-18 04:00:00+00:00,long_dry,final_eval,0.0,0.0,0.0,999,4,1,11,2025-46,5,1,11,6,1,11,7,1,11,10,1,11,-44.26983,-6.594140000000003,-11.175982000000001,61.14724,44.26983,6.594140000000003,11.175982000000001,61.14724
2025-11-18 05:00:00+00:00,long_dry,final_eval,0.0,0.0,0.0,999,5,1,11,2025-46,6,1,11,7,1,11,8,1,11,11,1,11,11.081859999999999,-1.6897410000000015,-9.140804,49.539859999999976,11.081859999999999,1.6897410000000015,9.140804,49.539859999999976
2025-11-18 06:00:00+00:00,long_dry,final_eval,0.0,0.0,0.0,999,6,1,11,2025-46,7,1,11,8,1,11,9,1,11,12,1,11,-5.602257000000002,-10.051455,7.748049999999999,355.55962999999997,5.602257000000002,10.051455,7.748049999999999,355.55962999999997
2025-11-18 07:00:00+00:00,long_dry,final_eval,0.0,0.0,0.0,999,7,1,11,2025-46,8,1,11,9,1,11,10,1,11,13,1,11,-9.212430999999999,6.807068000000001,60.111760000000004,739.09924,9.212430999999999,6.807068000000001,60.111760000000004,739.09924
2025-11-18 08:00:00+00:00,long_dry,final_eval,0.0,0.0,0.0,999,8,1,11,2025-46,9,1,11,10,1,11,11,1,11,14,1,11,6.860133999999999,57.49279,142.09283,190.44079999999997,6.860133999999999,57.49279,142.09283,190.44079999999997
2025-11-18 09:00:00+00:00,long_dry,final_eval,0.0,0.0,0.0,999,9,1,11,2025-46,10,1,11,11,1,11,12,1,11,15,1,11,48.831535,126.14136000000002,335.27059999999994,-118.44683999999995,48.831535,126.14136000000002,335.27059999999994,118.44683999999995
2025-11-18 10:00:00+00:00,long_dry,final_eval,0.0,0.0,0.0,999,10,1,11,2025-46,11,1,11,12,1,11,13,1,11,16,1,11,4.770719999999983,246.07854999999995,733.8583,-176.68695000000002,4.770719999999983,246.07854999999995,733.8583,176.68695000000002
2025-11-18 11:00:00+00:00,long_dry,final_eval,0.0,0.0,0.0,999,11,1,11,2025-46,12,1,11,13,1,11,14,1,11,17,1,11,131.06679999999994,712.65924,88.25720000000001,-83.52966000000004,131.06679999999994,712.65924,88.25720000000001,83.52966000000004
2025-11-18 12:00:00+00:00,long_dry,final_eval,0.0,0.0,0.0,999,12,1,11,2025-46,13,1,11,14,1,11,15,1,11,18,1,11,607.4744000000001,87.25800000000004,-224.22033999999996,-110.84204,607.4744000000001,87.25800000000004,224.22033999999996,110.84204
2025-11-18 13:00:00+00:00,long_dry,final_eval,0.0,0.0,0.0,999,13,1,11,2025-46,14,1,11,15,1,11,16,1,11,19,1,11,14.426150000000007,-239.60829999999999,-136.9787,-149.39980000000003,14.426150000000007,239.60829999999999,136.9787,149.39980000000003
2025-11-18 14:00:00+00:00,long_dry,final_eval,0.0,0.0,0.0,999,14,1,11,2025-46,15,1,11,16,1,11,17,1,11,20,1,11,-229.66736000000003,-180.1812,-156.24120000000005,38.9221,229.66736000000003,180.1812,156.24120000000005,38.9221
2025-11-18 15:00:00+00:00,long_dry,final_eval,0.0,0.0,0.0,999,15,1,11,2025-46,16,1,11,17,1,11,18,1,11,21,1,11,-49.95740000000001,-7.89984000000004,-115.06537000000003,177.5619999999999,49.95740000000001,7.89984000000004,115.06537000000003,177.5619999999999
2025-11-18 16:00:00+00:00,long_dry,final_eval,0.0,0.0,0.0,999,16,1,11,2025-46,17,1,11,18,1,11,19,1,11,22,1,11,-36.574299999999994,-94.25256000000002,-179.22722999999996,140.78970000000004,36.574299999999994,94.25256000000002,179.22722999999996,140.78970000000004
2025-11-18 17:00:00+00:00,long_dry,final_eval,0.0,0.0,0.0,999,17,1,11,2025-46,18,1,11,19,1,11,20,1,11,23,1,11,-62.150600000000054,-78.07416,126.17359999999996,-702.058,62.150600000000054,78.07416,126.17359999999996,702.058
2025-11-18 18:00:00+00:00,long_dry,final_eval,0.0,0.0,0.0,999,18,1,11,2025-46,19,1,11,20,1,11,21,1,11,0,2,11,-98.74255000000005,30.545960000000036,226.34400000000005,-592.60675,98.74255000000005,30.545960000000036,226.34400000000005,592.60675
2025-11-18 19:00:00+00:00,long_dry,final_eval,0.0,0.0,0.0,999,19,1,11,2025-46,20,1,11,21,1,11,22,1,11,1,2,11,24.33669999999995,206.17759999999998,182.13329999999996,-328.85065,24.33669999999995,206.17759999999998,182.13329999999996,328.85065
2025-11-18 20:00:00+00:00,long_dry,final_eval,0.0,0.0,0.0,999,20,1,11,2025-46,21,1,11,22,1,11,23,1,11,2,2,11,10.50240000000008,-38.278299999999945,-639.1217999999999,-275.6812,10.50240000000008,38.278299999999945,639.1217999999999,275.6812
2025-11-18 21:00:00+00:00,long_dry,final_eval,0.0,0.0,0.0,999,21,1,11,2025-46,22,1,11,23,1,11,0,2,11,3,2,11,6.146199999999908,-738.2528,-710.3113000000001,-152.69598000000002,6.146199999999908,738.2528,710.3113000000001,152.69598000000002
2025-11-19 09:00:00+00:00,recovery,final_eval,0.0,9.8,9.8,1,9,2,11,2025-46,10,2,11,11,2,11,12,2,11,15,2,11,58.365905999999995,166.4987,309.51624000000004,-57.671749999999975,58.365905999999995,166.4987,309.51624000000004,57.671749999999975
2025-11-19 10:00:00+00:00,recovery,final_eval,0.0,9.8,9.8,2,10,2,11,2025-46,11,2,11,12,2,11,13,2,11,16,2,11,-14.673519999999996,153.41516000000001,676.6409,-150.07349999999997,14.673519999999996,153.41516000000001,676.6409,150.07349999999997
2025-11-19 12:00:00+00:00,recovery,final_eval,0.0,9.399999999999999,10.1,1,12,2,11,2025-46,13,2,11,14,2,11,15,2,11,18,2,11,620.9629,196.95794999999998,-88.08249999999998,-28.636049999999955,620.9629,196.95794999999998,88.08249999999998,28.636049999999955
2025-11-19 13:00:00+00:00,recovery,final_eval,0.0,8.299999999999999,10.1,2,13,2,11,2025-46,14,2,11,15,2,11,16,2,11,19,2,11,110.07275000000004,-138.39484000000004,-78.49785999999995,-113.92200000000003,110.07275000000004,138.39484000000004,78.49785999999995,113.92200000000003
2025-11-19 14:00:00+00:00,recovery,final_eval,0.0,7.1,10.1,3,14,2,11,2025-46,15,2,11,16,2,11,17,2,11,20,2,11,-169.71889999999996,-137.33105,-150.32349999999997,90.93555000000003,169.71889999999996,137.33105,150.32349999999997,90.93555000000003
2025-11-20 12:00:00+00:00,long_dry,final_eval,0.0,0.0,0.0,999,12,3,11,2025-46,13,3,11,14,3,11,15,3,11,18,3,11,515.3367000000001,-14.39513999999997,-242.36694,-104.34569999999997,515.3367000000001,14.39513999999997,242.36694,104.34569999999997
2025-11-20 13:00:00+00:00,long_dry,final_eval,0.0,0.0,0.0,999,13,3,11,2025-46,14,3,11,15,3,11,16,3,11,19,3,11,11.869000000000028,-167.26495,-52.980159999999955,-112.42236000000003,11.869000000000028,167.26495,52.980159999999955,112.42236000000003
2025-11-20 14:00:00+00:00,long_dry,final_eval,0.0,0.0,0.0,999,14,3,11,2025-46,15,3,11,16,3,11,17,3,11,20,3,11,-242.23040000000003,-160.94680000000005,-189.72437000000002,84.94309999999996,242.23040000000003,160.94680000000005,189.72437000000002,84.94309999999996
2025-11-20 15:00:00+00:00,long_dry,final_eval,0.0,0.0,0.0,999,15,3,11,2025-46,16,3,11,17,3,11,18,3,11,21,3,11,-2.9828999999999724,-29.054750000000013,-106.86760000000004,129.82780000000002,2.9828999999999724,29.054750000000013,106.86760000000004,129.82780000000002
2025-11-20 16:00:00+00:00,long_dry,final_eval,0.0,0.0,0.0,999,16,3,11,2025-46,17,3,11,18,3,11,19,3,11,22,3,11,-40.29390000000001,-67.39589999999998,-160.97170000000006,437.3098,40.29390000000001,67.39589999999998,160.97170000000006,437.3098
2025-11-20 17:00:00+00:00,long_dry,final_eval,0.0,0.0,0.0,999,17,3,11,2025-46,18,3,11,19,3,11,20,3,11,23,3,11,-20.67139999999995,-43.423599999999965,220.27686000000006,103.76350000000002,20.67139999999995,43.423599999999965,220.27686000000006,103.76350000000002
2025-11-20 18:00:00+00:00,long_dry,final_eval,0.0,0.0,0.0,999,18,3,11,2025-46,19,3,11,20,3,11,21,3,11,0,4,11,-200.64635999999996,-37.761600000000044,93.09809999999993,31.031600000000026,200.64635999999996,37.761600000000044,93.09809999999993,31.031600000000026
2025-11-21 21:00:00+00:00,long_dry,final_eval,0.0,0.0,0.0,999,21,4,11,2025-46,22,4,11,23,4,11,0,5,11,3,5,11,229.36979999999994,-97.56960000000004,-210.81420000000003,17.649999999999977,229.36979999999994,97.56960000000004,210.81420000000003,17.649999999999977
2025-11-21 22:00:00+00:00,long_dry,final_eval,0.0,0.0,0.0,999,22,4,11,2025-46,23,4,11,0,5,11,1,5,11,4,5,11,-33.216899999999896,-226.2672,-145.38196000000005,81.07776000000001,33.216899999999896,226.2672,145.38196000000005,81.07776000000001
2025-11-21 23:00:00+00:00,long_dry,final_eval,0.0,0.0,0.0,999,23,4,11,2025-46,0,5,11,1,5,11,2,5,11,5,5,11,-159.44640000000004,-99.68640000000005,-49.99303999999995,59.805589999999995,159.44640000000004,99.68640000000005,49.99303999999995,59.805589999999995
2025-11-22 00:00:00+00:00,long_dry,final_eval,0.0,0.0,0.0,999,0,5,11,2025-46,1,5,11,2,5,11,3,5,11,6,5,11,46.58025999999995,74.04645000000005,58.50252999999998,88.71207000000001,46.58025999999995,74.04645000000005,58.50252999999998,88.71207000000001
2025-11-22 01:00:00+00:00,long_dry,final_eval,0.0,0.0,0.0,999,1,5,11,2025-46,2,5,11,3,5,11,4,5,11,7,5,11,-18.123199999999997,10.220299999999952,59.697900000000004,35.46525,18.123199999999997,10.220299999999952,59.697900000000004,35.46525
2025-11-22 02:00:00+00:00,long_dry,final_eval,0.0,0.0,0.0,999,2,5,11,2025-46,3,5,11,4,5,11,5,5,11,8,5,11,-40.82117000000005,5.5659200000000055,-6.876860000000022,22.83388,40.82117000000005,5.5659200000000055,6.876860000000022,22.83388
2025-11-22 12:00:00+00:00,recent_rain,final_eval,0.0,4.3999999999999995,4.3999999999999995,3,12,5,11,2025-46,13,5,11,14,5,11,15,5,11,18,5,11,-100.2233,-98.56066999999996,-47.133699999999976,207.1934,100.2233,98.56066999999996,47.133699999999976,207.1934
2025-11-22 16:00:00+00:00,recovery,final_eval,0.0,8.5,9.1,1,16,5,11,2025-46,17,5,11,18,5,11,19,5,11,22,5,11,3.4381000000000768,86.01700000000005,82.52320000000009,-126.95640000000003,3.4381000000000768,86.01700000000005,82.52320000000009,126.95640000000003
2025-11-22 17:00:00+00:00,recovery,final_eval,0.0,8.1,9.1,2,17,5,11,2025-46,18,5,11,19,5,11,20,5,11,23,5,11,87.92740000000003,87.8429000000001,110.69530000000009,-179.0700999999999,87.92740000000003,87.8429000000001,110.69530000000009,179.0700999999999
2025-11-22 18:00:00+00:00,recovery,final_eval,0.0,7.6,9.1,3,18,5,11,2025-46,19,5,11,20,5,11,21,5,11,0,6,11,94.76099999999997,-2.7426000000000386,-96.99379999999996,-105.43176000000005,94.76099999999997,2.7426000000000386,96.99379999999996,105.43176000000005
2025-11-23 16:00:00+00:00,long_dry,final_eval,0.0,0.0,0.0,999,16,6,11,2025-47,17,6,11,18,6,11,19,6,11,22,6,11,30.288700000000063,48.4369999999999,-7.399499999999989,-224.05739999999992,30.288700000000063,48.4369999999999,7.399499999999989,224.05739999999992
2025-11-23 17:00:00+00:00,long_dry,final_eval,0.0,0.0,0.0,999,17,6,11,2025-47,18,6,11,19,6,11,20,6,11,23,6,11,163.6581000000001,127.7953,122.59390000000008,-346.22939999999994,163.6581000000001,127.7953,122.59390000000008,346.22939999999994
2025-11-23 18:00:00+00:00,long_dry,final_eval,0.0,0.0,0.0,999,18,6,11,2025-47,19,6,11,20,6,11,21,6,11,0,0,11,87.45280000000002,32.845800000000054,4.345600000000104,-339.11694,87.45280000000002,32.845800000000054,4.345600000000104,339.11694
2025-11-23 19:00:00+00:00,long_dry,final_eval,0.0,0.0,0.0,999,19,6,11,2025-47,20,6,11,21,6,11,22,6,11,1,0,11,153.67370000000005,105.19959999999992,-193.46129999999994,-151.37194999999997,153.67370000000005,105.19959999999992,193.46129999999994,151.37194999999997
2025-11-23 20:00:00+00:00,long_dry,final_eval,0.0,0.0,0.0,999,20,6,11,2025-47,21,6,11,22,6,11,23,6,11,2,0,11,28.471000000000004,-258.77549999999997,-347.6787999999999,-244.42960000000005,28.471000000000004,258.77549999999997,347.6787999999999,244.42960000000005
2025-11-23 21:00:00+00:00,long_dry,final_eval,0.0,0.0,0.0,999,21,6,11,2025-47,22,6,11,23,6,11,0,0,11,3,0,11,-138.76800000000003,-252.15576,-354.13696000000004,-167.7496,138.76800000000003,252.15576,354.13696000000004,167.7496
2025-11-23 22:00:00+00:00,long_dry,final_eval,0.0,0.0,0.0,999,22,6,11,2025-47,23,6,11,0,0,11,1,0,11,4,0,11,-60.32465000000002,-140.65750000000003,-103.95460000000003,-61.922650000000004,60.32465000000002,140.65750000000003,103.95460000000003,61.922650000000004
2025-11-23 23:00:00+00:00,long_dry,final_eval,0.0,0.0,0.0,999,23,6,11,2025-47,0,0,11,1,0,11,2,0,11,5,0,11,-128.95794999999998,-51.926450000000045,-19.047329999999988,-26.511349999999993,128.95794999999998,51.926450000000045,19.047329999999988,26.511349999999993
2025-11-24 00:00:00+00:00,long_dry,final_eval,0.0,0.0,0.0,999,0,0,11,2025-47,1,0,11,2,0,11,3,0,11,6,0,11,-9.84899999999999,7.173650000000009,50.227360000000004,-12.724933999999998,9.84899999999999,7.173650000000009,50.227360000000004,12.724933999999998
2025-11-24 01:00:00+00:00,long_dry,final_eval,0.0,0.0,0.0,999,1,0,11,2025-47,2,0,11,3,0,11,4,0,11,7,0,11,-4.07047,16.709099999999978,19.559429999999992,-4.861993999999999,4.07047,16.709099999999978,19.559429999999992,4.861993999999999
2025-11-24 02:00:00+00:00,long_dry,final_eval,0.0,0.0,0.0,999,2,0,11,2025-47,3,0,11,4,0,11,5,0,11,8,0,11,57.67357999999999,39.95169999999999,-5.719475000000003,-8.299790999999999,57.67357999999999,39.95169999999999,5.719475000000003,8.299790999999999
2025-11-24 03:00:00+00:00,long_dry,final_eval,0.0,0.0,0.0,999,3,0,11,2025-47,4,0,11,5,0,11,6,0,11,9,0,11,26.9692,-3.7354349999999954,-9.028778000000003,10.167397000000001,26.9692,3.7354349999999954,9.028778000000003,10.167397000000001
2025-11-24 04:00:00+00:00,long_dry,final_eval,0.0,0.0,0.0,999,4,0,11,2025-47,5,0,11,6,0,11,7,0,11,10,0,11,-11.409120000000001,-5.312587999999998,-2.3612199999999994,34.121666000000005,11.409120000000001,5.312587999999998,2.3612199999999994,34.121666000000005
2025-11-24 05:00:00+00:00,long_dry,final_eval,0.0,0.0,0.0,999,5,0,11,2025-47,6,0,11,7,0,11,8,0,11,11,0,11,1.6299819999999983,1.5284289999999991,-9.084095000000001,86.61117999999999,1.6299819999999983,1.5284289999999991,9.084095000000001,86.61117999999999
2025-11-24 06:00:00+00:00,long_dry,final_eval,0.0,0.0,0.0,999,6,0,11,2025-47,7,0,11,8,0,11,9,0,11,12,0,11,3.4462909999999987,-6.954913999999999,9.754943999999998,134.24710000000005,3.4462909999999987,6.954913999999999,9.754943999999998,134.24710000000005
2025-11-24 07:00:00+00:00,long_dry,final_eval,0.0,0.0,0.0,999,7,0,11,2025-47,8,0,11,9,0,11,10,0,11,13,0,11,-7.664808000000001,6.206734000000001,42.934814,260.9143,7.664808000000001,6.206734000000001,42.934814,260.9143
2025-11-24 08:00:00+00:00,long_dry,final_eval,0.0,0.0,0.0,999,8,0,11,2025-47,9,0,11,10,0,11,11,0,11,14,0,11,8.033144,43.50537,126.86519000000001,-18.028599999999983,8.033144,43.50537,126.86519000000001,18.028599999999983
2025-11-24 09:00:00+00:00,long_dry,final_eval,0.0,0.0,0.0,999,9,0,11,2025-47,10,0,11,11,0,11,12,0,11,15,0,11,35.182334999999995,115.95482000000001,114.29840000000002,-18.136349999999993,35.182334999999995,115.95482000000001,114.29840000000002,18.136349999999993
2025-11-24 10:00:00+00:00,long_dry,final_eval,0.0,0.0,0.0,999,10,0,11,2025-47,11,0,11,12,0,11,13,0,11,16,0,11,23.959169999999972,50.62379999999996,306.52106000000003,-35.42565999999999,23.959169999999972,50.62379999999996,306.52106000000003,35.42565999999999
2025-11-24 11:00:00+00:00,long_dry,final_eval,0.0,0.0,0.0,999,11,0,11,2025-47,12,0,11,13,0,11,14,0,11,17,0,11,-62.73320000000001,253.1254,-103.31550000000004,97.66974000000005,62.73320000000001,253.1254,103.31550000000004,97.66974000000005
2025-11-24 12:00:00+00:00,long_dry,final_eval,0.0,0.0,0.0,999,12,0,11,2025-47,13,0,11,14,0,11,15,0,11,18,0,11,179.57449999999994,-99.54520000000002,-146.41547000000003,53.991499999999974,179.57449999999994,99.54520000000002,146.41547000000003,53.991499999999974
2025-11-24 13:00:00+00:00,long_dry,final_eval,0.0,0.0,0.0,999,13,0,11,2025-47,14,0,11,15,0,11,16,0,11,19,0,11,-238.14970000000005,-217.02880000000005,-70.85220000000004,-92.75933999999995,238.14970000000005,217.02880000000005,70.85220000000004,92.75933999999995
2025-11-24 14:00:00+00:00,long_dry,final_eval,0.0,0.0,0.0,999,14,0,11,2025-47,15,0,11,16,0,11,17,0,11,20,0,11,-116.64026000000001,-48.158000000000015,27.437599999999975,126.43664999999999,116.64026000000001,48.158000000000015,27.437599999999975,126.43664999999999
2025-11-24 15:00:00+00:00,long_dry,final_eval,0.0,0.0,0.0,999,15,0,11,2025-47,16,0,11,17,0,11,18,0,11,21,0,11,39.46312999999998,136.07010000000002,3.764599999999973,162.1090999999999,39.46312999999998,136.07010000000002,3.764599999999973,162.1090999999999
2025-11-24 16:00:00+00:00,long_dry,final_eval,0.0,0.0,0.0,999,16,0,11,2025-47,17,0,11,18,0,11,19,0,11,22,0,11,131.0367,53.48339999999996,-93.77985000000001,280.8284000000001,131.0367,53.48339999999996,93.77985000000001,280.8284000000001
2025-11-24 17:00:00+00:00,long_dry,final_eval,0.0,0.0,0.0,999,17,0,11,2025-47,18,0,11,19,0,11,20,0,11,23,0,11,-98.05864999999994,-163.3732,62.98289999999997,-122.33590000000004,98.05864999999994,163.3732,62.98289999999997,122.33590000000004
2025-11-24 18:00:00+00:00,long_dry,final_eval,0.0,0.0,0.0,999,18,0,11,2025-47,19,0,11,20,0,11,21,0,11,0,1,11,-99.60490000000004,98.39922999999999,223.63750000000005,-62.86310000000003,99.60490000000004,98.39922999999999,223.63750000000005,62.86310000000003
2025-11-24 19:00:00+00:00,long_dry,final_eval,0.0,0.0,0.0,999,19,0,11,2025-47,20,0,11,21,0,11,22,0,11,1,1,11,167.19353999999998,336.6481000000001,478.9901,26.385700000000043,167.19353999999998,336.6481000000001,478.9901,26.385700000000043
2025-11-24 20:00:00+00:00,long_dry,final_eval,0.0,0.0,0.0,999,20,0,11,2025-47,21,0,11,22,0,11,23,0,11,2,1,11,87.1271999999999,212.27659999999992,-42.7632000000001,-38.29409999999996,87.1271999999999,212.27659999999992,42.7632000000001,38.29409999999996
2025-11-24 21:00:00+00:00,long_dry,final_eval,0.0,0.0,0.0,999,21,0,11,2025-47,22,0,11,23,0,11,0,1,11,3,1,11,240.15210000000002,-157.27420000000006,-148.56119999999999,-45.9905,240.15210000000002,157.27420000000006,148.56119999999999,45.9905
2025-11-24 22:00:00+00:00,long_dry,final_eval,0.0,0.0,0.0,999,22,0,11,2025-47,23,0,11,0,1,11,1,1,11,4,1,11,-146.6549,-202.39550000000008,-130.54625999999996,-28.210109999999986,146.6549,202.39550000000008,130.54625999999996,28.210109999999986
2025-11-24 23:00:00+00:00,long_dry,final_eval,0.0,0.0,0.0,999,23,0,11,2025-47,0,1,11,1,1,11,2,1,11,5,1,11,-147.40344000000005,-136.63739999999996,-67.37630000000001,4.901290000000003,147.40344000000005,136.63739999999996,67.37630000000001,4.901290000000003
2025-11-25 00:00:00+00:00,long_dry,final_eval,0.0,0.0,0.0,999,0,1,11,2025-47,1,1,11,2,1,11,3,1,11,6,1,11,-10.169999999999959,19.809019999999975,1.2673300000000154,-0.4817999999999998,10.169999999999959,19.809019999999975,1.2673300000000154,0.4817999999999998
2025-11-25 01:00:00+00:00,long_dry,final_eval,0.0,0.0,0.0,999,1,1,11,2025-47,2,1,11,3,1,11,4,1,11,7,1,11,-34.55133000000001,-27.437400000000025,24.387130000000013,2.0230870000000003,34.55133000000001,27.437400000000025,24.387130000000013,2.0230870000000003
2025-11-25 02:00:00+00:00,long_dry,final_eval,0.0,0.0,0.0,999,2,1,11,2025-47,3,1,11,4,1,11,5,1,11,8,1,11,2.5960400000000163,27.527559999999994,16.687584,-10.173935,2.5960400000000163,27.527559999999994,16.687584,10.173935
2025-11-25 03:00:00+00:00,long_dry,final_eval,0.0,0.0,0.0,999,3,1,11,2025-47,4,1,11,5,1,11,6,1,11,9,1,11,26.917599999999993,17.609970000000004,10.182650000000002,6.140017,26.917599999999993,17.609970000000004,10.182650000000002,6.140017
2025-11-25 04:00:00+00:00,long_dry,final_eval,0.0,0.0,0.0,999,4,1,11,2025-47,5,1,11,6,1,11,7,1,11,10,1,11,1.730170000000001,11.405859999999997,1.8240179999999988,49.14724,1.730170000000001,11.405859999999997,1.8240179999999988,49.14724
2025-11-25 05:00:00+00:00,long_dry,final_eval,0.0,0.0,0.0,999,5,1,11,2025-47,6,1,11,7,1,11,8,1,11,11,1,11,14.612769999999998,3.826460000000001,-13.355253000000001,32.90179999999998,14.612769999999998,3.826460000000001,13.355253000000001,32.90179999999998
2025-11-25 06:00:00+00:00,long_dry,final_eval,0.0,0.0,0.0,999,6,1,11,2025-47,7,1,11,8,1,11,9,1,11,12,1,11,4.040652999999999,-11.455704,6.538623999999999,150.67804,4.040652999999999,11.455704,6.538623999999999,150.67804
2025-11-25 07:00:00+00:00,long_dry,final_eval,0.0,0.0,0.0,999,7,1,11,2025-47,8,1,11,9,1,11,10,1,11,13,1,11,-12.328405,2.1056939999999997,48.768,370.66780000000006,12.328405,2.1056939999999997,48.768,370.66780000000006
2025-11-25 08:00:00+00:00,long_dry,final_eval,0.0,0.0,0.0,999,8,1,11,2025-47,9,1,11,10,1,11,11,1,11,14,1,11,3.3488879999999988,52.14587,85.62321,12.546299999999974,3.3488879999999988,52.14587,85.62321,12.546299999999974
2025-11-25 09:00:00+00:00,long_dry,final_eval,0.0,0.0,0.0,999,9,1,11,2025-47,10,1,11,11,1,11,12,1,11,15,1,11,37.48941000000001,50.87488000000002,87.61860000000001,-0.24850000000003547,37.48941000000001,50.87488000000002,87.61860000000001,0.24850000000003547
2025-11-25 10:00:00+00:00,long_dry,final_eval,0.0,0.0,0.0,999,10,1,11,2025-47,11,1,11,12,1,11,13,1,11,16,1,11,-42.68720000000002,19.85050000000001,364.7006,-148.03470000000004,42.68720000000002,19.85050000000001,364.7006,148.03470000000004
2025-11-25 11:00:00+00:00,long_dry,final_eval,0.0,0.0,0.0,999,11,1,11,2025-47,12,1,11,13,1,11,14,1,11,17,1,11,-40.995700000000056,352.01904,-95.64970000000005,-140.12316999999996,40.995700000000056,352.01904,95.64970000000005,140.12316999999996
2025-11-25 12:00:00+00:00,long_dry,final_eval,0.0,0.0,0.0,999,12,1,11,2025-47,13,1,11,14,1,11,15,1,11,18,1,11,250.1753000000001,-151.66340000000002,-183.99609999999996,-118.06604000000004,250.1753000000001,151.66340000000002,183.99609999999996,118.06604000000004
2025-11-25 13:00:00+00:00,long_dry,final_eval,0.0,0.0,0.0,999,13,1,11,2025-47,14,1,11,15,1,11,16,1,11,19,1,11,-219.43150000000003,-183.74927000000002,-160.31757000000005,-151.05584999999996,219.43150000000003,183.74927000000002,160.31757000000005,151.05584999999996
2025-11-25 14:00:00+00:00,long_dry,final_eval,0.0,0.0,0.0,999,14,1,11,2025-47,15,1,11,16,1,11,17,1,11,20,1,11,-77.81213000000002,-128.59235,-169.49743999999998,58.562869999999975,77.81213000000002,128.59235,169.49743999999998,58.562869999999975
2025-11-25 15:00:00+00:00,long_dry,final_eval,0.0,0.0,0.0,999,15,1,11,2025-47,16,1,11,17,1,11,18,1,11,21,1,11,-34.77344000000005,-47.168000000000006,-95.25019999999995,-433.2539999999999,34.77344000000005,47.168000000000006,95.25019999999995,433.2539999999999
2025-11-25 16:00:00+00:00,long_dry,final_eval,0.0,0.0,0.0,999,16,1,11,2025-47,17,1,11,18,1,11,19,1,11,22,1,11,18.150099999999952,7.617399999999975,-77.57659999999998,-632.0826,18.150099999999952,7.617399999999975,77.57659999999998,632.0826
2025-11-26 03:00:00+00:00,recent_rain,final_eval,0.0,4.1,4.1,3,3,2,11,2025-47,4,2,11,5,2,11,6,2,11,9,2,11,17.488799999999998,18.297340000000005,-3.5615200000000016,22.012363,17.488799999999998,18.297340000000005,3.5615200000000016,22.012363
2025-11-26 04:00:00+00:00,recent_rain,final_eval,0.0,4.1,4.1,4,4,2,11,2025-47,5,2,11,6,2,11,7,2,11,10,2,11,18.0351,-0.29088999999999743,-3.417743999999999,13.108170000000001,18.0351,0.29088999999999743,3.417743999999999,13.108170000000001
2025-11-26 05:00:00+00:00,recent_rain,final_eval,0.0,4.1,4.1,5,5,2,11,2025-47,6,2,11,7,2,11,8,2,11,11,2,11,-1.8001629999999977,-2.968204,-4.267289999999999,-0.19939999999999714,1.8001629999999977,2.968204,4.267289999999999,0.19939999999999714
2025-11-26 06:00:00+00:00,recent_rain,final_eval,0.0,4.0,4.1,6,6,2,11,2025-47,7,2,11,8,2,11,9,2,11,12,2,11,0.08427800000000119,-2.5858729999999994,22.688885,-123.4805,0.08427800000000119,2.5858729999999994,22.688885,123.4805
2025-11-26 07:00:00+00:00,recent_rain,final_eval,0.0,3.8000000000000003,4.1,7,7,2,11,2025-47,8,2,11,9,2,11,10,2,11,13,2,11,-3.9632380000000005,17.017946,23.067856000000006,-218.91719999999998,3.9632380000000005,17.017946,23.067856000000006,218.91719999999998
2025-11-28 00:00:00+00:00,long_dry,final_eval,0.0,0.0,0.0,999,0,4,11,2025-47,1,4,11,2,4,11,3,4,11,6,4,11,-54.991870000000006,8.528030000000001,46.33767,-23.967976,54.991870000000006,8.528030000000001,46.33767,23.967976
2025-11-28 01:00:00+00:00,long_dry,final_eval,0.0,0.0,0.0,999,1,4,11,2025-47,2,4,11,3,4,11,4,4,11,7,4,11,-55.56181000000001,7.012619999999998,12.641364999999993,-15.111704,55.56181000000001,7.012619999999998,12.641364999999993,15.111704
2025-11-28 02:00:00+00:00,long_dry,final_eval,0.0,0.0,0.0,999,2,4,11,2025-47,3,4,11,4,4,11,5,4,11,8,4,11,-8.073790000000002,6.853530000000006,-6.473255000000002,-9.420378,8.073790000000002,6.853530000000006,6.473255000000002,9.420378
2025-11-28 03:00:00+00:00,long_dry,final_eval,0.0,0.0,0.0,999,3,4,11,2025-47,4,4,11,5,4,11,6,4,11,9,4,11,4.011009999999999,-11.225569999999998,-14.713554000000002,-4.185113999999999,4.011009999999999,11.225569999999998,14.713554000000002,4.185113999999999
2025-11-28 04:00:00+00:00,long_dry,final_eval,0.0,0.0,0.0,999,4,4,11,2025-47,5,4,11,6,4,11,7,4,11,10,4,11,1.1471019999999967,-6.828959999999999,-7.008569999999999,-19.128060000000005,1.1471019999999967,6.828959999999999,7.008569999999999,19.128060000000005
2025-11-28 05:00:00+00:00,long_dry,final_eval,0.0,0.0,0.0,999,5,4,11,2025-47,6,4,11,7,4,11,8,4,11,11,4,11,-1.7310659999999984,-1.7371909999999993,-5.4598580000000005,-78.58765,1.7310659999999984,1.7371909999999993,5.4598580000000005,78.58765
2025-11-28 06:00:00+00:00,long_dry,final_eval,0.0,0.0,0.0,999,6,4,11,2025-47,7,4,11,8,4,11,9,4,11,12,4,11,-2.044733000000001,-3.6495300000000004,5.297003,-180.49283000000003,2.044733000000001,3.6495300000000004,5.297003,180.49283000000003
2025-11-28 07:00:00+00:00,long_dry,final_eval,0.0,0.0,0.0,999,7,4,11,2025-47,8,4,11,9,4,11,10,4,11,13,4,11,-3.182105999999999,4.603066999999999,-7.773952000000001,-355.51306,3.182105999999999,4.603066999999999,7.773952000000001,355.51306
2025-11-28 08:00:00+00:00,long_dry,final_eval,0.0,0.0,0.0,999,8,4,11,2025-47,9,4,11,10,4,11,11,4,11,14,4,11,2.621817,-5.552616,-61.33260999999999,-135.15517999999997,2.621817,5.552616,61.33260999999999,135.15517999999997
2025-11-28 09:00:00+00:00,long_dry,final_eval,0.0,0.0,0.0,999,9,4,11,2025-47,10,4,11,11,4,11,12,4,11,15,4,11,-13.598923,-64.74605,-229.91771999999997,-36.982730000000004,13.598923,64.74605,229.91771999999997,36.982730000000004
2025-11-28 10:00:00+00:00,long_dry,final_eval,0.0,0.0,0.0,999,10,4,11,2025-47,11,4,11,12,4,11,13,4,11,16,4,11,-9.922295000000005,-104.83492999999999,-229.97340000000003,-49.49576000000002,9.922295000000005,104.83492999999999,229.97340000000003,49.49576000000002
2025-11-28 11:00:00+00:00,long_dry,final_eval,0.0,0.0,0.0,999,11,4,11,2025-47,12,4,11,13,4,11,14,4,11,17,4,11,-28.09693999999999,-169.8043,-182.81723,-75.25529999999998,28.09693999999999,169.8043,182.81723,75.25529999999998
2025-11-28 12:00:00+00:00,long_dry,final_eval,0.0,0.0,0.0,999,12,4,11,2025-47,13,4,11,14,4,11,15,4,11,18,4,11,-108.09503000000001,-110.77089999999998,-139.14752,-110.27435000000003,108.09503000000001,110.77089999999998,139.14752,110.27435000000003
2025-11-28 13:00:00+00:00,long_dry,final_eval,0.0,0.0,0.0,999,13,4,11,2025-47,14,4,11,15,4,11,16,4,11,19,4,11,2.6247000000000185,-37.779420000000016,-70.94553000000002,-91.61663999999996,2.6247000000000185,37.779420000000016,70.94553000000002,91.61663999999996
2025-11-28 14:00:00+00:00,long_dry,final_eval,0.0,0.0,0.0,999,14,4,11,2025-47,15,4,11,16,4,11,17,4,11,20,4,11,-66.96964000000003,-56.425599999999974,-54.32986,-44.862370000000055,66.96964000000003,56.425599999999974,54.32986,44.862370000000055
2025-11-28 15:00:00+00:00,long_dry,final_eval,0.0,0.0,0.0,999,15,4,11,2025-47,16,4,11,17,4,11,18,4,11,21,4,11,-55.72464000000002,-51.80945000000003,-63.570899999999995,-132.9615,55.72464000000002,51.80945000000003,63.570899999999995,132.9615
2025-11-28 16:00:00+00:00,long_dry,final_eval,0.0,0.0,0.0,999,16,4,11,2025-47,17,4,11,18,4,11,19,4,11,22,4,11,-43.60723999999999,-65.8786,-130.80066,-266.7002,43.60723999999999,65.8786,130.80066,266.7002
2025-11-28 17:00:00+00:00,long_dry,final_eval,0.0,0.0,0.0,999,17,4,11,2025-47,18,4,11,19,4,11,20,4,11,23,4,11,-38.155430000000024,-92.53200000000004,-58.84784000000002,-360.7061,38.155430000000024,92.53200000000004,58.84784000000002,360.7061
2025-11-28 18:00:00+00:00,long_dry,final_eval,0.0,0.0,0.0,999,18,4,11,2025-47,19,4,11,20,4,11,21,4,11,0,5,11,-118.35924999999997,-90.10159999999996,-209.67639999999994,-310.6373,118.35924999999997,90.10159999999996,209.67639999999994,310.6373
2025-11-28 19:00:00+00:00,long_dry,final_eval,0.0,0.0,0.0,999,19,4,11,2025-47,20,4,11,21,4,11,22,4,11,1,5,11,-3.460900000000038,-118.31330000000003,-253.28779999999995,-168.77917000000002,3.460900000000038,118.31330000000003,253.28779999999995,168.77917000000002
2025-11-28 20:00:00+00:00,long_dry,final_eval,0.0,0.0,0.0,999,20,4,11,2025-47,21,4,11,22,4,11,23,4,11,2,5,11,-144.65326000000005,-293.77423,-269.43510000000003,-105.55761999999999,144.65326000000005,293.77423,269.43510000000003,105.55761999999999
2025-11-28 21:00:00+00:00,long_dry,final_eval,0.0,0.0,0.0,999,21,4,11,2025-47,22,4,11,23,4,11,0,5,11,3,5,11,-97.80936000000003,-101.04144000000002,-167.27255000000002,4.686569999999989,97.80936000000003,101.04144000000002,167.27255000000002,4.686569999999989
2025-11-28 22:00:00+00:00,long_dry,final_eval,0.0,0.0,0.0,999,22,4,11,2025-47,23,4,11,0,5,11,1,5,11,4,5,11,-62.03976,-114.13046000000003,-69.46506,46.53650999999999,62.03976,114.13046000000003,69.46506,46.53650999999999
2025-11-28 23:00:00+00:00,long_dry,final_eval,0.0,0.0,0.0,999,23,4,11,2025-47,0,5,11,1,5,11,2,5,11,5,5,11,-110.74419999999998,-49.98034999999999,9.930800000000005,10.359840000000005,110.74419999999998,49.98034999999999,9.930800000000005,10.359840000000005
2025-11-29 00:00:00+00:00,long_dry,final_eval,0.0,0.0,0.0,999,0,5,11,2025-47,1,5,11,2,5,11,3,5,11,6,5,11,-71.45080000000002,1.9224100000000135,67.95454000000001,13.619500000000002,71.45080000000002,1.9224100000000135,67.95454000000001,13.619500000000002
2025-11-29 01:00:00+00:00,long_dry,final_eval,0.0,0.0,0.0,999,1,5,11,2025-47,2,5,11,3,5,11,4,5,11,7,5,11,-23.226850000000013,37.52180000000001,44.73138,2.624412999999997,23.226850000000013,37.52180000000001,44.73138,2.624412999999997
2025-11-29 02:00:00+00:00,long_dry,final_eval,0.0,0.0,0.0,999,2,5,11,2025-47,3,5,11,4,5,11,5,5,11,8,5,11,9.073489999999993,24.090010000000007,-14.203410000000005,3.331145999999997,9.073489999999993,24.090010000000007,14.203410000000005,3.331145999999997
2025-11-29 03:00:00+00:00,long_dry,final_eval,0.0,0.0,0.0,999,3,5,11,2025-47,4,5,11,5,5,11,6,5,11,9,5,11,12.2012,-26.271730000000005,-19.698480000000004,-0.29617500000000163,12.2012,26.271730000000005,19.698480000000004,0.29617500000000163
2025-11-29 04:00:00+00:00,long_dry,final_eval,0.0,0.0,0.0,999,4,5,11,2025-47,5,5,11,6,5,11,7,5,11,10,5,11,-17.440956,1.460915,7.411254999999997,-2.920506000000003,17.440956,1.460915,7.411254999999997,2.920506000000003
2025-11-29 05:00:00+00:00,long_dry,final_eval,0.0,0.0,0.0,999,5,5,11,2025-47,6,5,11,7,5,11,8,5,11,11,5,11,18.100430000000003,15.487262999999999,11.75477,-6.542659999999998,18.100430000000003,15.487262999999999,11.75477,6.542659999999998
2025-11-29 06:00:00+00:00,long_dry,final_eval,0.0,0.0,0.0,999,6,5,11,2025-47,7,5,11,8,5,11,9,5,11,12,5,11,8.156910000000003,8.654008999999999,4.749832000000001,-57.80833000000001,8.156910000000003,8.654008999999999,4.749832000000001,57.80833000000001
2025-11-29 07:00:00+00:00,long_dry,final_eval,0.0,0.0,0.0,999,7,5,11,2025-47,8,5,11,9,5,11,10,5,11,13,5,11,12.477212999999999,3.0774480000000004,-8.244053000000001,-236.06646999999998,12.477212999999999,3.0774480000000004,8.244053000000001,236.06646999999998
2025-11-29 08:00:00+00:00,long_dry,final_eval,0.0,0.0,0.0,999,8,5,11,2025-47,9,5,11,10,5,11,11,5,11,14,5,11,3.4202000000000012,0.3839100000000002,-8.626159999999999,-74.34723000000002,3.4202000000000012,0.3839100000000002,8.626159999999999,74.34723000000002
2025-11-29 09:00:00+00:00,long_dry,final_eval,0.0,0.0,0.0,999,9,5,11,2025-47,10,5,11,11,5,11,12,5,11,15,5,11,3.826076999999998,1.0972299999999962,-71.66287,-63.970860000000016,3.826076999999998,1.0972299999999962,71.66287,63.970860000000016
2025-11-29 10:00:00+00:00,long_dry,final_eval,0.0,0.0,0.0,999,10,5,11,2025-47,11,5,11,12,5,11,13,5,11,16,5,11,0.9566700000000026,-73.10551000000001,-132.64093000000003,66.57389999999998,0.9566700000000026,73.10551000000001,132.64093000000003,66.57389999999998
2025-11-29 11:00:00+00:00,long_dry,final_eval,0.0,0.0,0.0,999,11,5,11,2025-47,12,5,11,13,5,11,14,5,11,17,5,11,-30.814130000000006,-92.06689999999998,-50.41016000000002,125.85329999999999,30.814130000000006,92.06689999999998,50.41016000000002,125.85329999999999
2025-11-29 12:00:00+00:00,long_dry,final_eval,0.0,0.0,0.0,999,12,5,11,2025-47,13,5,11,14,5,11,15,5,11,18,5,11,-23.14966000000001,26.913149999999973,10.552999999999997,96.36879999999996,23.14966000000001,26.913149999999973,10.552999999999997,96.36879999999996
2025-11-29 13:00:00+00:00,long_dry,final_eval,0.0,0.0,0.0,999,13,5,11,2025-47,14,5,11,15,5,11,16,5,11,19,5,11,41.57690000000002,8.425380000000018,13.418949999999995,82.56885,41.57690000000002,8.425380000000018,13.418949999999995,82.56885
2025-11-29 14:00:00+00:00,long_dry,final_eval,0.0,0.0,0.0,999,14,5,11,2025-47,15,5,11,16,5,11,17,5,11,20,5,11,-63.799440000000004,-52.036249999999995,44.24260000000004,83.92719999999997,63.799440000000004,52.036249999999995,44.24260000000004,83.92719999999997
2025-11-29 15:00:00+00:00,long_dry,final_eval,0.0,0.0,0.0,999,15,5,11,2025-47,16,5,11,17,5,11,18,5,11,21,5,11,-31.451000000000022,106.82420000000002,62.747600000000034,-47.817570000000046,31.451000000000022,106.82420000000002,62.747600000000034,47.817570000000046
2025-11-29 16:00:00+00:00,long_dry,final_eval,0.0,0.0,0.0,999,16,5,11,2025-47,17,5,11,18,5,11,19,5,11,22,5,11,63.82510000000002,44.30444,51.29390000000001,-157.36739999999998,63.82510000000002,44.30444,51.29390000000001,157.36739999999998
2025-11-29 17:00:00+00:00,long_dry,final_eval,0.0,0.0,0.0,999,17,5,11,2025-47,18,5,11,19,5,11,20,5,11,23,5,11,11.263900000000035,30.067999999999984,63.51935000000003,-219.78063999999995,11.263900000000035,30.067999999999984,63.51935000000003,219.78063999999995
2025-11-29 18:00:00+00:00,long_dry,final_eval,0.0,0.0,0.0,999,18,5,11,2025-47,19,5,11,20,5,11,21,5,11,0,6,11,114.33123999999998,140.37067000000002,-39.64059999999995,-115.65640000000002,114.33123999999998,140.37067000000002,39.64059999999995,115.65640000000002
2025-11-29 19:00:00+00:00,long_dry,final_eval,0.0,0.0,0.0,999,19,5,11,2025-47,20,5,11,21,5,11,22,5,11,1,6,11,62.137449999999944,-115.15704000000005,-196.5919,-67.22899999999998,62.137449999999944,115.15704000000005,196.5919,67.22899999999998
2025-11-29 20:00:00+00:00,long_dry,final_eval,0.0,0.0,0.0,999,20,5,11,2025-47,21,5,11,22,5,11,23,5,11,2,6,11,-138.75800000000004,-203.07920000000001,-181.65020000000004,-28.548400000000015,138.75800000000004,203.07920000000001,181.65020000000004,28.548400000000015
2025-11-29 21:00:00+00:00,long_dry,final_eval,0.0,0.0,0.0,999,21,5,11,2025-47,22,5,11,23,5,11,0,6,11,3,6,11,32.286069999999995,18.39148,-21.71024,66.04212999999999,32.286069999999995,18.39148,21.71024,66.04212999999999
2025-11-29 22:00:00+00:00,long_dry,final_eval,0.0,0.0,0.0,999,22,5,11,2025-47,23,5,11,0,6,11,1,6,11,4,6,11,37.16025000000002,23.68470000000002,19.855470000000025,90.62889999999999,37.16025000000002,23.68470000000002,19.855470000000025,90.62889999999999
2025-11-29 23:00:00+00:00,long_dry,final_eval,0.0,0.0,0.0,999,23,5,11,2025-47,0,6,11,1,6,11,2,6,11,5,6,11,-16.325699999999983,10.805880000000002,74.28505000000001,44.09903,16.325699999999983,10.805880000000002,74.28505000000001,44.09903
2025-11-30 00:00:00+00:00,long_dry,final_eval,0.0,0.0,0.0,999,0,6,11,2025-48,1,6,11,2,6,11,3,6,11,6,6,11,-59.82593000000003,15.159940000000006,64.21991,40.59388,59.82593000000003,15.159940000000006,64.21991,40.59388
2025-11-30 01:00:00+00:00,long_dry,final_eval,0.0,0.0,0.0,999,1,6,11,2025-48,2,6,11,3,6,11,4,6,11,7,6,11,15.336500000000001,55.135879999999986,65.50068999999999,22.311638000000002,15.336500000000001,55.135879999999986,65.50068999999999,22.311638000000002
2025-11-30 02:00:00+00:00,long_dry,final_eval,0.0,0.0,0.0,999,2,6,11,2025-48,3,6,11,4,6,11,5,6,11,8,6,11,35.48666,36.553380000000004,-4.10605000000001,13.055163999999998,35.48666,36.553380000000004,4.10605000000001,13.055163999999998
2025-11-30 03:00:00+00:00,long_dry,final_eval,0.0,0.0,0.0,999,3,6,11,2025-48,4,6,11,5,6,11,6,6,11,9,6,11,17.14589000000001,-17.90630999999999,4.055660000000003,4.500527999999999,17.14589000000001,17.90630999999999,4.055660000000003,4.500527999999999
2025-11-30 04:00:00+00:00,long_dry,final_eval,0.0,0.0,0.0,999,4,6,11,2025-48,5,6,11,6,6,11,7,6,11,10,6,11,-30.03197,21.80672,24.650078,-4.981450000000002,30.03197,21.80672,24.650078,4.981450000000002
2025-11-30 05:00:00+00:00,long_dry,final_eval,0.0,0.0,0.0,999,5,6,11,2025-48,6,6,11,7,6,11,8,6,11,11,6,11,46.160340000000005,33.281616,19.748035,-12.82956,46.160340000000005,33.281616,19.748035,12.82956
2025-11-30 06:00:00+00:00,long_dry,final_eval,0.0,0.0,0.0,999,6,6,11,2025-48,7,6,11,8,6,11,9,6,11,12,6,11,21.38456,14.660023000000002,4.436651000000001,-41.48948999999999,21.38456,14.660023000000002,4.436651000000001,41.48948999999999
2025-11-30 07:00:00+00:00,long_dry,final_eval,0.0,0.0,0.0,999,7,6,11,2025-48,8,6,11,9,6,11,10,6,11,13,6,11,14.931666999999997,-0.637550000000001,-15.787643000000003,-221.67624,14.931666999999997,0.637550000000001,15.787643000000003,221.67624
2025-11-30 08:00:00+00:00,long_dry,final_eval,0.0,0.0,0.0,999,8,6,11,2025-48,9,6,11,10,6,11,11,6,11,14,6,11,3.655999999999999,-4.205677000000001,-19.040670000000006,-292.43735,3.655999999999999,4.205677000000001,19.040670000000006,292.43735
2025-11-30 09:00:00+00:00,long_dry,final_eval,0.0,0.0,0.0,999,9,6,11,2025-48,10,6,11,11,6,11,12,6,11,15,6,11,-0.16613000000000255,-11.945014999999998,-70.37914,-224.35504000000003,0.16613000000000255,11.945014999999998,70.37914,224.35504000000003
2025-11-30 10:00:00+00:00,long_dry,final_eval,0.0,0.0,0.0,999,10,6,11,2025-48,11,6,11,12,6,11,13,6,11,16,6,11,14.743896,-18.14336,-148.78967,-117.90677,14.743896,18.14336,148.78967,117.90677
2025-11-30 11:00:00+00:00,long_dry,final_eval,0.0,0.0,0.0,999,11,6,11,2025-48,12,6,11,13,6,11,14,6,11,17,6,11,4.636030000000005,-124.05847,-221.83395000000002,-60.272339999999986,4.636030000000005,124.05847,221.83395000000002,60.272339999999986
2025-11-30 12:00:00+00:00,long_dry,final_eval,0.0,0.0,0.0,999,12,6,11,2025-48,13,6,11,14,6,11,15,6,11,18,6,11,-96.61496,-180.12894,-128.10138,-97.21749999999997,96.61496,180.12894,128.10138,97.21749999999997
2025-11-30 18:00:00+00:00,recent_rain,final_eval,0.0,1.6,1.6,3,18,6,11,2025-48,19,6,11,20,6,11,21,6,11,0,0,12,-180.164,-68.93079999999998,-78.59514999999999,-193.28427,180.164,68.93079999999998,78.59514999999999,193.28427
2025-11-30 23:00:00+00:00,recent_rain,final_eval,0.0,2.0,2.0,3,23,6,11,2025-48,0,0,12,1,0,12,2,0,12,5,0,12,-58.48784999999998,-12.877560000000017,69.25871000000001,32.1047,58.48784999999998,12.877560000000017,69.25871000000001,32.1047
2025-12-01 00:00:00+00:00,recent_rain,final_eval,0.0,2.0,2.0,4,0,0,12,2025-48,1,0,12,2,0,12,3,0,12,6,0,12,-50.01339999999999,46.776250000000005,88.11947,22.93392,50.01339999999999,46.776250000000005,88.11947,22.93392
2025-12-01 01:00:00+00:00,recent_rain,final_eval,0.0,2.0,2.0,5,1,0,12,2025-48,2,0,12,3,0,12,4,0,12,7,0,12,32.66968,66.94371000000001,44.90187,-4.750129999999999,32.66968,66.94371000000001,44.90187,4.750129999999999
2025-12-01 02:00:00+00:00,recent_rain,final_eval,0.0,1.9,2.0,6,2,0,12,2025-48,3,0,12,4,0,12,5,0,12,8,0,12,26.081670000000003,16.041030000000006,29.810856,-5.194629000000001,26.081670000000003,16.041030000000006,29.810856,5.194629000000001
2025-12-01 03:00:00+00:00,recent_rain,final_eval,0.0,1.0,2.0,7,3,0,12,2025-48,4,0,12,5,0,12,6,0,12,9,0,12,8.331059999999994,25.095600000000005,21.503807000000002,3.853783,8.331059999999994,25.095600000000005,21.503807000000002,3.853783
2025-12-01 21:00:00+00:00,long_dry,final_eval,0.0,0.0,0.0,999,21,0,12,2025-48,22,0,12,23,0,12,0,1,12,3,1,12,318.0160000000001,117.33720000000005,23.822700000000054,8.02940000000001,318.0160000000001,117.33720000000005,23.822700000000054,8.02940000000001
2025-12-01 22:00:00+00:00,long_dry,final_eval,0.0,0.0,0.0,999,22,0,12,2025-48,23,0,12,0,1,12,1,1,12,4,1,12,3.148300000000063,-111.15905999999995,-102.43640000000005,-33.991359999999986,3.148300000000063,111.15905999999995,102.43640000000005,33.991359999999986
2025-12-01 23:00:00+00:00,long_dry,final_eval,0.0,0.0,0.0,999,23,0,12,2025-48,0,1,12,1,1,12,2,1,12,5,1,12,-146.49896,-166.21519999999998,-104.40069999999997,-15.239590000000007,146.49896,166.21519999999998,104.40069999999997,15.239590000000007
2025-12-02 00:00:00+00:00,long_dry,final_eval,0.0,0.0,0.0,999,0,1,12,2025-48,1,1,12,2,1,12,3,1,12,6,1,12,-58.20952999999997,-26.411530000000027,-19.166600000000017,-17.420085999999998,58.20952999999997,26.411530000000027,19.166600000000017,17.420085999999998
2025-12-02 01:00:00+00:00,long_dry,final_eval,0.0,0.0,0.0,999,1,1,12,2025-48,2,1,12,3,1,12,4,1,12,7,1,12,-2.4954999999999927,-19.200699999999983,-15.733429999999998,-6.952715000000001,2.4954999999999927,19.200699999999983,15.733429999999998,6.952715000000001
2025-12-02 02:00:00+00:00,long_dry,final_eval,0.0,0.0,0.0,999,2,1,12,2025-48,3,1,12,4,1,12,5,1,12,8,1,12,-47.60403000000002,-25.82401999999999,-15.375290000000007,-5.985551999999998,47.60403000000002,25.82401999999999,15.375290000000007,5.985551999999998
2025-12-02 03:00:00+00:00,long_dry,final_eval,0.0,0.0,0.0,999,3,1,12,2025-48,4,1,12,5,1,12,6,1,12,9,1,12,-3.3660099999999886,-8.080680000000001,-8.101104999999997,15.345096999999999,3.3660099999999886,8.080680000000001,8.101104999999997,15.345096999999999
2025-12-02 04:00:00+00:00,long_dry,final_eval,0.0,0.0,0.0,999,4,1,12,2025-48,5,1,12,6,1,12,7,1,12,10,1,12,13.097683000000004,0.9885799999999989,-2.575282999999999,-27.690910000000002,13.097683000000004,0.9885799999999989,2.575282999999999,27.690910000000002
2025-12-02 05:00:00+00:00,long_dry,final_eval,0.0,0.0,0.0,999,5,1,12,2025-48,6,1,12,7,1,12,8,1,12,11,1,12,-2.451749999999997,-2.6133099999999985,-7.372221,-69.32633999999999,2.451749999999997,2.6133099999999985,7.372221,69.32633999999999
2025-12-02 06:00:00+00:00,long_dry,final_eval,0.0,0.0,0.0,999,6,1,12,2025-48,7,1,12,8,1,12,9,1,12,12,1,12,-0.5332219999999985,-6.615735999999998,16.188719,-265.9384,0.5332219999999985,6.615735999999998,16.188719,265.9384
2025-12-02 07:00:00+00:00,long_dry,final_eval,0.0,0.0,0.0,999,7,1,12,2025-48,8,1,12,9,1,12,10,1,12,13,1,12,-6.8744499999999995,12.355877,-4.047160000000005,-446.53656,6.8744499999999995,12.355877,4.047160000000005,446.53656
2025-12-02 08:00:00+00:00,long_dry,final_eval,0.0,0.0,0.0,999,8,1,12,2025-48,9,1,12,10,1,12,11,1,12,14,1,12,14.394957999999999,1.1117399999999975,-55.90642,-449.5585,14.394957999999999,1.1117399999999975,55.90642,449.5585
2025-12-02 09:00:00+00:00,long_dry,final_eval,0.0,0.0,0.0,999,9,1,12,2025-48,10,1,12,11,1,12,12,1,12,15,1,12,-7.510360000000006,-74.42119,-325.94010000000003,-345.00833,7.510360000000006,74.42119,325.94010000000003,345.00833
2025-12-02 20:00:00+00:00,recovery,final_eval,0.0,18.400000000000002,18.400000000000002,1,20,1,12,2025-48,21,1,12,22,1,12,23,1,12,2,2,12,257.25977,443.60315,322.18524,152.07294000000002,257.25977,443.60315,322.18524,152.07294000000002
2025-12-02 21:00:00+00:00,recovery,final_eval,0.0,18.400000000000002,18.400000000000002,2,21,1,12,2025-48,22,1,12,23,1,12,0,2,12,3,2,12,386.37726,226.10657000000003,86.90160000000003,94.36748,386.37726,226.10657000000003,86.90160000000003,94.36748
2025-12-02 22:00:00+00:00,recovery,final_eval,0.0,18.400000000000002,18.400000000000002,3,22,1,12,2025-48,23,1,12,0,2,12,1,2,12,4,2,12,128.48770000000002,-0.22699999999997544,17.193179999999984,45.72184999999999,128.48770000000002,0.22699999999997544,17.193179999999984,45.72184999999999
2025-12-03 20:00:00+00:00,long_dry,final_eval,0.0,0.0,0.0,999,20,2,12,2025-48,21,2,12,22,2,12,23,2,12,2,3,12,98.40930000000003,510.1051,333.74725,50.54172,98.40930000000003,510.1051,333.74725,50.54172
2025-12-03 21:00:00+00:00,long_dry,final_eval,0.0,0.0,0.0,999,21,2,12,2025-48,22,2,12,23,2,12,0,3,12,3,3,12,537.9721999999999,258.1658,50.612730000000056,49.93448000000001,537.9721999999999,258.1658,50.612730000000056,49.93448000000001
2025-12-03 22:00:00+00:00,long_dry,final_eval,0.0,0.0,0.0,999,22,2,12,2025-48,23,2,12,0,3,12,1,3,12,4,3,12,242.7446,12.451400000000035,-17.711850000000027,2.0113800000000026,242.7446,12.451400000000035,17.711850000000027,2.0113800000000026
2025-12-03 23:00:00+00:00,long_dry,final_eval,0.0,0.0,0.0,999,23,2,12,2025-48,0,3,12,1,3,12,2,3,12,5,3,12,-42.88385000000005,-79.2251,1.3732299999999782,-0.5740399999999966,42.88385000000005,79.2251,1.3732299999999782,0.5740399999999966
2025-12-04 00:00:00+00:00,long_dry,final_eval,0.0,0.0,0.0,999,0,3,12,2025-48,1,3,12,2,3,12,3,3,12,6,3,12,-2.427729999999997,51.95260000000002,59.688019999999995,-10.333930000000002,2.427729999999997,51.95260000000002,59.688019999999995,10.333930000000002
2025-12-04 01:00:00+00:00,long_dry,final_eval,0.0,0.0,0.0,999,1,3,12,2025-48,2,3,12,3,3,12,4,3,12,7,3,12,-8.505300000000034,29.102449999999976,29.614440000000002,-7.129239999999999,8.505300000000034,29.102449999999976,29.614440000000002,7.129239999999999
2025-12-04 02:00:00+00:00,long_dry,final_eval,0.0,0.0,0.0,999,2,3,12,2025-48,3,3,12,4,3,12,5,3,12,8,3,12,50.123440000000016,29.581799999999987,10.386960000000002,1.6555299999999988,50.123440000000016,29.581799999999987,10.386960000000002,1.6555299999999988
2025-12-04 03:00:00+00:00,long_dry,final_eval,0.0,0.0,0.0,999,3,3,12,2025-48,4,3,12,5,3,12,6,3,12,9,3,12,-3.6285000000000025,-5.529899999999998,-5.452773999999998,12.184275,3.6285000000000025,5.529899999999998,5.452773999999998,12.184275
2025-12-04 04:00:00+00:00,long_dry,final_eval,0.0,0.0,0.0,999,4,3,12,2025-48,5,3,12,6,3,12,7,3,12,10,3,12,-8.485343999999998,0.3265600000000006,-5.990342999999999,76.635906,8.485343999999998,0.3265600000000006,5.990342999999999,76.635906
2025-12-04 05:00:00+00:00,long_dry,final_eval,0.0,0.0,0.0,999,5,3,12,2025-48,6,3,12,7,3,12,8,3,12,11,3,12,6.250636999999998,-3.3154220000000016,-0.2521039999999992,112.35225,6.250636999999998,3.3154220000000016,0.2521039999999992,112.35225
2025-12-04 06:00:00+00:00,long_dry,final_eval,0.0,0.0,0.0,999,6,3,12,2025-48,7,3,12,8,3,12,9,3,12,12,3,12,-0.9242920000000012,2.6792620000000014,13.772345000000001,308.72345,0.9242920000000012,2.6792620000000014,13.772345000000001,308.72345
2025-12-04 07:00:00+00:00,long_dry,final_eval,0.0,0.0,0.0,999,7,3,12,2025-48,8,3,12,9,3,12,10,3,12,13,3,12,2.617785999999999,11.973617999999998,75.66711000000001,647.7671,2.617785999999999,11.973617999999998,75.66711000000001,647.7671
2025-12-04 08:00:00+00:00,long_dry,final_eval,0.0,0.0,0.0,999,8,3,12,2025-48,9,3,12,10,3,12,11,3,12,14,3,12,11.02449,78.331062,135.56339,235.13660000000004,11.02449,78.331062,135.56339,235.13660000000004
2025-12-04 09:00:00+00:00,long_dry,final_eval,0.0,0.0,0.0,999,9,3,12,2025-48,10,3,12,11,3,12,12,3,12,15,3,12,67.01028,105.31863000000001,262.6046,41.655550000000005,67.01028,105.31863000000001,262.6046,41.655550000000005
2025-12-04 10:00:00+00:00,long_dry,final_eval,0.0,0.0,0.0,999,10,3,12,2025-48,11,3,12,12,3,12,13,3,12,16,3,12,-7.47811999999999,155.38379999999995,649.9725,-76.38544000000002,7.47811999999999,155.38379999999995,649.9725,76.38544000000002
2025-12-04 11:00:00+00:00,long_dry,final_eval,0.0,0.0,0.0,999,11,3,12,2025-48,12,3,12,13,3,12,14,3,12,17,3,12,101.6481,628.62445,135.7636,15.420200000000023,101.6481,628.62445,135.7636,15.420200000000023
2025-12-04 12:00:00+00:00,long_dry,final_eval,0.0,0.0,0.0,999,12,3,12,2025-48,13,3,12,14,3,12,15,3,12,18,3,12,506.0268,123.98739999999998,-86.53869999999995,-4.7806399999999485,506.0268,123.98739999999998,86.53869999999995,4.7806399999999485
2025-12-04 13:00:00+00:00,long_dry,final_eval,0.0,0.0,0.0,999,13,3,12,2025-48,14,3,12,15,3,12,16,3,12,19,3,12,67.70569999999998,-96.90607,-80.23659999999995,-49.24614999999994,67.70569999999998,96.90607,80.23659999999995,49.24614999999994
2025-12-04 14:00:00+00:00,long_dry,final_eval,0.0,0.0,0.0,999,14,3,12,2025-48,15,3,12,16,3,12,17,3,12,20,3,12,-152.8456,-187.94653000000005,-128.23816,123.35040000000004,152.8456,187.94653000000005,128.23816,123.35040000000004
2025-12-04 15:00:00+00:00,long_dry,final_eval,0.0,0.0,0.0,999,15,3,12,2025-48,16,3,12,17,3,12,18,3,12,21,3,12,-37.31946000000005,37.658450000000016,-85.61540000000002,108.01800000000003,37.31946000000005,37.658450000000016,85.61540000000002,108.01800000000003
2025-12-04 16:00:00+00:00,long_dry,final_eval,0.0,0.0,0.0,999,16,3,12,2025-48,17,3,12,18,3,12,19,3,12,22,3,12,89.2781,1.838899999999967,-60.039800000000014,523.9755,89.2781,1.838899999999967,60.039800000000014,523.9755
2025-12-04 17:00:00+00:00,long_dry,final_eval,0.0,0.0,0.0,999,17,3,12,2025-48,18,3,12,19,3,12,20,3,12,23,3,12,-52.880499999999984,-40.329470000000015,233.8111,29.754200000000083,52.880499999999984,40.329470000000015,233.8111,29.754200000000083
2025-12-04 18:00:00+00:00,long_dry,final_eval,0.0,0.0,0.0,999,18,3,12,2025-48,19,3,12,20,3,12,21,3,12,0,4,12,-17.759400000000028,204.2332,220.27059999999994,-205.64575000000002,17.759400000000028,204.2332,220.27059999999994,205.64575000000002
2025-12-04 19:00:00+00:00,long_dry,final_eval,0.0,0.0,0.0,999,19,3,12,2025-48,20,3,12,21,3,12,22,3,12,1,4,12,190.33154000000002,152.98865,487.83040000000005,43.27819999999997,190.33154000000002,152.98865,487.83040000000005,43.27819999999997
2025-12-04 20:00:00+00:00,long_dry,final_eval,0.0,0.0,0.0,999,20,3,12,2025-48,21,3,12,22,3,12,23,3,12,2,4,12,-74.19209999999998,232.2249999999999,37.07310000000007,-48.51544000000001,74.19209999999998,232.2249999999999,37.07310000000007,48.51544000000001
2025-12-04 21:00:00+00:00,long_dry,final_eval,0.0,0.0,0.0,999,21,3,12,2025-48,22,3,12,23,3,12,0,4,12,3,4,12,337.3396,-13.792200000000093,-404.48429999999996,22.372439999999983,337.3396,13.792200000000093,404.48429999999996,22.372439999999983
2025-12-04 22:00:00+00:00,long_dry,final_eval,0.0,0.0,0.0,999,22,3,12,2025-48,23,3,12,0,4,12,1,4,12,4,4,12,-29.482500000000073,-428.9533,-99.46379999999999,29.29894999999999,29.482500000000073,428.9533,99.46379999999999,29.29894999999999
2025-12-04 23:00:00+00:00,long_dry,final_eval,0.0,0.0,0.0,999,23,3,12,2025-48,0,4,12,1,4,12,2,4,12,5,4,12,-424.11789999999996,-158.98659999999995,-98.65875000000005,1.0333400000000097,424.11789999999996,158.98659999999995,98.65875000000005,1.0333400000000097
2025-12-05 00:00:00+00:00,long_dry,final_eval,0.0,0.0,0.0,999,0,4,12,2025-48,1,4,12,2,4,12,3,4,12,6,4,12,172.71213,162.32562000000001,167.27354,1.8731420000000014,172.71213,162.32562000000001,167.27354,1.8731420000000014
2025-12-05 01:00:00+00:00,long_dry,final_eval,0.0,0.0,0.0,999,1,4,12,2025-48,2,4,12,3,4,12,4,4,12,7,4,12,-62.94037000000003,13.928800000000024,50.436859999999996,-4.398003000000003,62.94037000000003,13.928800000000024,50.436859999999996,4.398003000000003
2025-12-05 02:00:00+00:00,long_dry,final_eval,0.0,0.0,0.0,999,2,4,12,2025-48,3,4,12,4,4,12,5,4,12,8,4,12,63.78293000000002,63.76626999999999,22.639365999999995,-15.346022000000001,63.78293000000002,63.76626999999999,22.639365999999995,15.346022000000001
2025-12-05 03:00:00+00:00,long_dry,final_eval,0.0,0.0,0.0,999,3,4,12,2025-48,4,4,12,5,4,12,6,4,12,9,4,12,2.8061799999999835,5.9446200000000005,-3.1926500000000004,11.907222999999998,2.8061799999999835,5.9446200000000005,3.1926500000000004,11.907222999999998
2025-12-05 04:00:00+00:00,long_dry,final_eval,0.0,0.0,0.0,999,4,4,12,2025-48,5,4,12,6,4,12,7,4,12,10,4,12,0.24093999999999482,4.855310000000003,1.2730669999999975,28.449969999999993,0.24093999999999482,4.855310000000003,1.2730669999999975,28.449969999999993
2025-12-05 05:00:00+00:00,long_dry,final_eval,0.0,0.0,0.0,999,5,4,12,2025-48,6,4,12,7,4,12,8,4,12,11,4,12,14.403216999999998,8.021605000000001,-14.630417000000001,-5.800690000000003,14.403216999999998,8.021605000000001,14.630417000000001,5.800690000000003
2025-12-05 06:00:00+00:00,long_dry,final_eval,0.0,0.0,0.0,999,6,4,12,2025-48,7,4,12,8,4,12,9,4,12,12,4,12,4.435738000000001,-15.540410999999999,14.249860000000002,-74.59015,4.435738000000001,15.540410999999999,14.249860000000002,74.59015
2025-12-05 07:00:00+00:00,long_dry,final_eval,0.0,0.0,0.0,999,7,4,12,2025-48,8,4,12,9,4,12,10,4,12,13,4,12,-11.653475,12.267544000000001,30.065830000000005,-354.23080000000004,11.653475,12.267544000000001,30.065830000000005,354.23080000000004
2025-12-05 08:00:00+00:00,long_dry,final_eval,0.0,0.0,0.0,999,8,4,12,2025-48,9,4,12,10,4,12,11,4,12,14,4,12,13.748997,30.439705000000004,25.424589999999995,-364.15905999999995,13.748997,30.439705000000004,25.424589999999995,364.15905999999995
2025-12-05 09:00:00+00:00,long_dry,final_eval,0.0,0.0,0.0,999,9,4,12,2025-48,10,4,12,11,4,12,12,4,12,15,4,12,21.671363999999997,11.005329999999987,-188.99712999999997,-287.66223,21.671363999999997,11.005329999999987,188.99712999999997,287.66223
2025-12-05 10:00:00+00:00,long_dry,final_eval,0.0,0.0,0.0,999,10,4,12,2025-48,11,4,12,12,4,12,13,4,12,16,4,12,-24.291349999999994,-217.52106000000003,-327.89110000000005,-332.7673,24.291349999999994,217.52106000000003,327.89110000000005,332.7673
2025-12-05 11:00:00+00:00,long_dry,final_eval,0.0,0.0,0.0,999,11,4,12,2025-48,12,4,12,13,4,12,14,4,12,17,4,12,-121.76932,-237.97753999999998,-427.12756,-373.41729999999995,121.76932,237.97753999999998,427.12756,373.41729999999995
2025-12-05 12:00:00+00:00,long_dry,final_eval,0.0,0.0,0.0,999,12,4,12,2025-48,13,4,12,14,4,12,15,4,12,18,4,12,-164.409,-374.481,-415.26433999999995,-343.93665,164.409,374.481,415.26433999999995,343.93665
2025-12-05 13:00:00+00:00,long_dry,final_eval,0.0,0.0,0.0,999,13,4,12,2025-48,14,4,12,15,4,12,16,4,12,19,4,12,-363.31354,-383.48315,-355.9103,-358.7862,363.31354,383.48315,355.9103,358.7862
2025-12-05 14:00:00+00:00,long_dry,final_eval,0.0,0.0,0.0,999,14,4,12,2025-48,15,4,12,16,4,12,17,4,12,20,4,12,-172.3345,-204.49576000000002,-228.60266000000001,-4.510130000000004,172.3345,204.49576000000002,228.60266000000001,4.510130000000004
2025-12-05 15:00:00+00:00,long_dry,final_eval,0.0,0.0,0.0,999,15,4,12,2025-48,16,4,12,17,4,12,18,4,12,21,4,12,-38.96370000000002,-67.76677999999998,-95.00760000000002,14.408450000000016,38.96370000000002,67.76677999999998,95.00760000000002,14.408450000000016
2025-12-05 16:00:00+00:00,long_dry,final_eval,0.0,0.0,0.0,999,16,4,12,2025-48,17,4,12,18,4,12,19,4,12,22,4,12,-15.299559999999985,-24.11687999999998,-34.02956999999998,79.85450000000003,15.299559999999985,24.11687999999998,34.02956999999998,79.85450000000003
2025-12-05 17:00:00+00:00,long_dry,final_eval,0.0,0.0,0.0,999,17,4,12,2025-48,18,4,12,19,4,12,20,4,12,23,4,12,-92.9536,-78.18395999999996,118.30505000000005,-93.80382999999995,92.9536,78.18395999999996,118.30505000000005,93.80382999999995
2025-12-05 18:00:00+00:00,long_dry,final_eval,0.0,0.0,0.0,999,18,4,12,2025-48,19,4,12,20,4,12,21,4,12,0,5,12,-137.77814,-34.80962999999997,-27.80110000000002,-93.98059999999998,137.77814,34.80962999999997,27.80110000000002,93.98059999999998
2025-12-05 19:00:00+00:00,long_dry,final_eval,0.0,0.0,0.0,999,19,4,12,2025-48,20,4,12,21,4,12,22,4,12,1,5,12,37.831800000000044,-16.138599999999997,-16.38585999999998,-75.35219999999998,37.831800000000044,16.138599999999997,16.38585999999998,75.35219999999998
2025-12-05 20:00:00+00:00,long_dry,final_eval,0.0,0.0,0.0,999,20,4,12,2025-48,21,4,12,22,4,12,23,4,12,2,5,12,-81.99274000000003,-101.33600000000001,-130.07665999999995,-96.93042000000003,81.99274000000003,101.33600000000001,130.07665999999995,96.93042000000003
2025-12-05 21:00:00+00:00,long_dry,final_eval,0.0,0.0,0.0,999,21,4,12,2025-48,22,4,12,23,4,12,0,5,12,3,5,12,-100.27530000000002,-201.9429,-238.92020000000002,-53.908259999999984,100.27530000000002,201.9429,238.92020000000002,53.908259999999984
2025-12-05 22:00:00+00:00,long_dry,final_eval,0.0,0.0,0.0,999,22,4,12,2025-48,23,4,12,0,5,12,1,5,12,4,5,12,-15.726400000000012,-48.63445999999999,-65.82150000000001,27.741420000000005,15.726400000000012,48.63445999999999,65.82150000000001,27.741420000000005
2025-12-05 23:00:00+00:00,long_dry,final_eval,0.0,0.0,0.0,999,23,4,12,2025-48,0,5,12,1,5,12,2,5,12,5,5,12,44.36975000000001,24.933040000000005,25.87790000000001,78.2807,44.36975000000001,24.933040000000005,25.87790000000001,78.2807
2025-12-06 00:00:00+00:00,long_dry,final_eval,0.0,0.0,0.0,999,0,5,12,2025-48,1,5,12,2,5,12,3,5,12,6,5,12,-1.815279999999973,8.529359999999997,32.250339999999994,76.373,1.815279999999973,8.529359999999997,32.250339999999994,76.373
2025-12-06 01:00:00+00:00,long_dry,final_eval,0.0,0.0,0.0,999,1,5,12,2025-48,2,5,12,3,5,12,4,5,12,7,5,12,17.941899999999976,14.799959999999999,17.728790000000004,54.816708,17.941899999999976,14.799959999999999,17.728790000000004,54.816708
2025-12-06 02:00:00+00:00,long_dry,final_eval,0.0,0.0,0.0,999,2,5,12,2025-48,3,5,12,4,5,12,5,5,12,8,5,12,30.03658999999999,32.80672999999999,44.19540000000001,7.856377000000002,30.03658999999999,32.80672999999999,44.19540000000001,7.856377000000002
2025-12-06 03:00:00+00:00,long_dry,final_eval,0.0,0.0,0.0,999,3,5,12,2025-48,4,5,12,5,5,12,6,5,12,9,5,12,27.025509999999997,43.72112000000001,40.51952,4.623605999999999,27.025509999999997,43.72112000000001,40.51952,4.623605999999999
2025-12-06 04:00:00+00:00,long_dry,final_eval,0.0,0.0,0.0,999,4,5,12,2025-48,5,5,12,6,5,12,7,5,12,10,5,12,37.934799999999996,66.05717,61.469868,-6.026764,37.934799999999996,66.05717,61.469868,6.026764
2025-12-06 05:00:00+00:00,long_dry,final_eval,0.0,0.0,0.0,999,5,5,12,2025-48,6,5,12,7,5,12,8,5,12,11,5,12,35.249660000000006,48.695293,7.305999999999997,-10.708969999999994,35.249660000000006,48.695293,7.305999999999997,10.708969999999994
2025-12-06 06:00:00+00:00,long_dry,final_eval,0.0,0.0,0.0,999,6,5,12,2025-48,7,5,12,8,5,12,9,5,12,12,5,12,26.124219999999994,-2.239272999999997,0.6643809999999988,-35.30641,26.124219999999994,2.239272999999997,0.6643809999999988,35.30641
2025-12-06 07:00:00+00:00,long_dry,final_eval,0.0,0.0,0.0,999,7,5,12,2025-48,8,5,12,9,5,12,10,5,12,13,5,12,3.0499599999999987,-4.608176999999998,-11.454822999999998,-43.24103000000002,3.0499599999999987,4.608176999999998,11.454822999999998,43.24103000000002
2025-12-06 08:00:00+00:00,long_dry,final_eval,0.0,0.0,0.0,999,8,5,12,2025-48,9,5,12,10,5,12,11,5,12,14,5,12,5.170124000000001,-0.8670649999999966,-20.253559999999993,61.28390000000002,5.170124000000001,0.8670649999999966,20.253559999999993,61.28390000000002
2025-12-06 09:00:00+00:00,long_dry,final_eval,0.0,0.0,0.0,999,9,5,12,2025-48,10,5,12,11,5,12,12,5,12,15,5,12,2.5261270000000025,-16.544240000000002,-75.51758000000001,142.71387000000004,2.5261270000000025,16.544240000000002,75.51758000000001,142.71387000000004
2025-12-06 10:00:00+00:00,long_dry,final_eval,0.0,0.0,0.0,999,10,5,12,2025-48,11,5,12,12,5,12,13,5,12,16,5,12,4.763090000000005,-26.645139999999998,-2.7029400000000123,339.66345,4.763090000000005,26.645139999999998,2.7029400000000123,339.66345
2025-12-06 11:00:00+00:00,long_dry,final_eval,0.0,0.0,0.0,999,11,5,12,2025-48,12,5,12,13,5,12,14,5,12,17,5,12,23.181079999999994,51.60373000000001,175.40089999999998,418.25497,23.181079999999994,51.60373000000001,175.40089999999998,418.25497
2025-12-06 12:00:00+00:00,long_dry,final_eval,0.0,0.0,0.0,999,12,5,12,2025-48,13,5,12,14,5,12,15,5,12,18,5,12,51.21713,191.2407,255.47430000000003,518.81,51.21713,191.2407,255.47430000000003,518.81
2025-12-06 13:00:00+00:00,long_dry,final_eval,0.0,0.0,0.0,999,13,5,12,2025-48,14,5,12,15,5,12,16,5,12,19,5,12,89.22552000000002,180.8361,296.37339999999995,426.8133,89.22552000000002,180.8361,296.37339999999995,426.8133
2025-12-06 14:00:00+00:00,long_dry,final_eval,0.0,0.0,0.0,999,14,5,12,2025-48,15,5,12,16,5,12,17,5,12,20,5,12,93.10699999999997,193.85500000000002,233.5784,338.98846000000003,93.10699999999997,193.85500000000002,233.5784,338.98846000000003
2025-12-06 15:00:00+00:00,long_dry,final_eval,0.0,0.0,0.0,999,15,5,12,2025-48,16,5,12,17,5,12,18,5,12,21,5,12,155.7749,239.7962,364.82169999999996,235.62023999999997,155.7749,239.7962,364.82169999999996,235.62023999999997
2025-12-06 16:00:00+00:00,long_dry,final_eval,0.0,0.0,0.0,999,16,5,12,2025-48,17,5,12,18,5,12,19,5,12,22,5,12,182.78999999999996,358.2586,331.24663999999996,196.51337,182.78999999999996,358.2586,331.24663999999996,196.51337
2025-12-06 17:00:00+00:00,long_dry,final_eval,0.0,0.0,0.0,999,17,5,12,2025-48,18,5,12,19,5,12,20,5,12,23,5,12,286.51275999999996,309.11035000000004,286.17819999999995,49.067139999999995,286.51275999999996,309.11035000000004,286.17819999999995,49.067139999999995
2025-12-06 18:00:00+00:00,long_dry,final_eval,0.0,0.0,0.0,999,18,5,12,2025-48,19,5,12,20,5,12,21,5,12,0,6,12,113.32934999999998,13.62480000000005,-86.57040000000006,-4.118100000000027,113.32934999999998,13.62480000000005,86.57040000000006,4.118100000000027
2025-12-06 19:00:00+00:00,long_dry,final_eval,0.0,0.0,0.0,999,19,5,12,2025-48,20,5,12,21,5,12,22,5,12,1,6,12,163.28269999999998,23.23180000000002,-11.217200000000048,5.171569999999974,163.28269999999998,23.23180000000002,11.217200000000048,5.171569999999974
2025-12-06 20:00:00+00:00,long_dry,final_eval,0.0,0.0,0.0,999,20,5,12,2025-48,21,5,12,22,5,12,23,5,12,2,6,12,17.983799999999974,1.1920000000000073,-31.51419999999996,-42.93779999999998,17.983799999999974,1.1920000000000073,31.51419999999996,42.93779999999998
2025-12-06 21:00:00+00:00,long_dry,final_eval,0.0,0.0,0.0,999,21,5,12,2025-48,22,5,12,23,5,12,0,6,12,3,6,12,105.58056999999997,80.14200000000005,18.657100000000014,73.43493999999998,105.58056999999997,80.14200000000005,18.657100000000014,73.43493999999998
2025-12-06 22:00:00+00:00,long_dry,final_eval,0.0,0.0,0.0,999,22,5,12,2025-48,23,5,12,0,6,12,1,6,12,4,6,12,98.33983999999998,75.16405999999995,3.5027000000000044,181.5473,98.33983999999998,75.16405999999995,3.5027000000000044,181.5473
2025-12-06 23:00:00+00:00,long_dry,final_eval,0.0,0.0,0.0,999,23,5,12,2025-48,0,6,12,1,6,12,2,6,12,5,6,12,45.58276000000001,9.694399999999973,48.92705999999998,246.74307,45.58276000000001,9.694399999999973,48.92705999999998,246.74307
2025-12-07 00:00:00+00:00,long_dry,final_eval,0.0,0.0,0.0,999,0,6,12,2025-49,1,6,12,2,6,12,3,6,12,6,6,12,17.0779,61.397130000000004,151.04406999999998,163.440765,17.0779,61.397130000000004,151.04406999999998,163.440765
2025-12-07 01:00:00+00:00,long_dry,final_eval,0.0,0.0,0.0,999,1,6,12,2025-49,2,6,12,3,6,12,4,6,12,7,6,12,56.84755999999999,116.18374999999997,139.8707,97.57722,56.84755999999999,116.18374999999997,139.8707,97.57722
2025-12-07 02:00:00+00:00,long_dry,final_eval,0.0,0.0,0.0,999,2,6,12,2025-49,3,6,12,4,6,12,5,6,12,8,6,12,85.57409999999999,131.5768,190.21233,40.545067,85.57409999999999,131.5768,190.21233,40.545067
2025-12-07 03:00:00+00:00,long_dry,final_eval,0.0,0.0,0.0,999,3,6,12,2025-49,4,6,12,5,6,12,6,6,12,9,6,12,43.12378000000001,135.77072,87.46742,15.401325,43.12378000000001,135.77072,87.46742,15.401325
2025-12-07 04:00:00+00:00,long_dry,final_eval,0.0,0.0,0.0,999,4,6,12,2025-49,5,6,12,6,6,12,7,6,12,10,6,12,58.54056000000003,67.83510000000001,64.66274,-14.62536,58.54056000000003,67.83510000000001,64.66274,14.62536
2025-12-07 05:00:00+00:00,long_dry,final_eval,0.0,0.0,0.0,999,5,6,12,2025-49,6,6,12,7,6,12,8,6,12,11,6,12,33.713089999999994,33.387146,12.313519999999997,-30.208960000000005,33.713089999999994,33.387146,12.313519999999997,30.208960000000005
2025-12-07 06:00:00+00:00,long_dry,final_eval,0.0,0.0,0.0,999,6,6,12,2025-49,7,6,12,8,6,12,9,6,12,12,6,12,8.274380000000008,9.357123999999999,4.8991240000000005,-22.682559999999995,8.274380000000008,9.357123999999999,4.8991240000000005,22.682559999999995
2025-12-07 07:00:00+00:00,long_dry,final_eval,0.0,0.0,0.0,999,7,6,12,2025-49,8,6,12,9,6,12,10,6,12,13,6,12,22.724983,5.075127000000002,-11.103264000000003,-85.64530000000002,22.724983,5.075127000000002,11.103264000000003,85.64530000000002
2025-12-07 08:00:00+00:00,long_dry,final_eval,0.0,0.0,0.0,999,8,6,12,2025-49,9,6,12,10,6,12,11,6,12,14,6,12,5.650734,-14.218604999999997,-40.206770000000006,-28.582300000000032,5.650734,14.218604999999997,40.206770000000006,28.582300000000032
2025-12-07 09:00:00+00:00,long_dry,final_eval,0.0,0.0,0.0,999,9,6,12,2025-49,10,6,12,11,6,12,12,6,12,15,6,12,-13.489159999999998,-42.32996,-89.2653,96.41219999999998,13.489159999999998,42.32996,89.2653,96.41219999999998
2025-12-07 10:00:00+00:00,long_dry,final_eval,0.0,0.0,0.0,999,10,6,12,2025-49,11,6,12,12,6,12,13,6,12,16,6,12,-10.243483999999995,-46.45930000000001,-117.01195999999999,134.63556000000005,10.243483999999995,46.45930000000001,117.01195999999999,134.63556000000005
2025-12-07 11:00:00+00:00,long_dry,final_eval,0.0,0.0,0.0,999,11,6,12,2025-49,12,6,12,13,6,12,14,6,12,17,6,12,19.616910000000004,-18.48746,76.39438000000001,250.62170000000003,19.616910000000004,18.48746,76.39438000000001,250.62170000000003
2025-12-07 12:00:00+00:00,long_dry,final_eval,0.0,0.0,0.0,999,12,6,12,2025-49,13,6,12,14,6,12,15,6,12,18,6,12,-84.9282,37.534580000000005,154.36929999999995,274.86199999999997,84.9282,37.534580000000005,154.36929999999995,274.86199999999997
2025-12-07 13:00:00+00:00,long_dry,final_eval,0.0,0.0,0.0,999,13,6,12,2025-49,14,6,12,15,6,12,16,6,12,19,6,12,5.442540000000008,102.24149999999997,182.15894000000003,67.58579999999995,5.442540000000008,102.24149999999997,182.15894000000003,67.58579999999995
2025-12-07 14:00:00+00:00,long_dry,final_eval,0.0,0.0,0.0,999,14,6,12,2025-49,15,6,12,16,6,12,17,6,12,20,6,12,8.908750000000055,57.87689999999998,107.58900000000006,46.27380000000005,8.908750000000055,57.87689999999998,107.58900000000006,46.27380000000005
2025-12-07 15:00:00+00:00,long_dry,final_eval,0.0,0.0,0.0,999,15,6,12,2025-49,16,6,12,17,6,12,18,6,12,21,6,12,-12.73440000000005,52.30615,86.82916,24.458740000000034,12.73440000000005,52.30615,86.82916,24.458740000000034
2025-12-07 16:00:00+00:00,long_dry,final_eval,0.0,0.0,0.0,999,16,6,12,2025-49,17,6,12,18,6,12,19,6,12,22,6,12,72.35486000000003,152.34142999999995,-48.82719999999995,-85.27869999999996,72.35486000000003,152.34142999999995,48.82719999999995,85.27869999999996
2025-12-07 17:00:00+00:00,long_dry,final_eval,0.0,0.0,0.0,999,17,6,12,2025-49,18,6,12,19,6,12,20,6,12,23,6,12,87.21169999999995,-67.15650000000005,16.49567000000002,-329.47722999999996,87.21169999999995,67.15650000000005,16.49567000000002,329.47722999999996
2025-12-07 18:00:00+00:00,long_dry,final_eval,0.0,0.0,0.0,999,18,6,12,2025-49,19,6,12,20,6,12,21,6,12,0,0,12,-126.92499999999995,-62.92470000000003,-72.71859999999992,-268.76624000000004,126.92499999999995,62.92470000000003,72.71859999999992,268.76624000000004
2025-12-07 19:00:00+00:00,long_dry,final_eval,0.0,0.0,0.0,999,19,6,12,2025-49,20,6,12,21,6,12,22,6,12,1,0,12,147.23914000000002,132.97429999999997,-24.606199999999944,-101.77444000000003,147.23914000000002,132.97429999999997,24.606199999999944,101.77444000000003
2025-12-07 20:00:00+00:00,long_dry,final_eval,0.0,0.0,0.0,999,20,6,12,2025-49,21,6,12,22,6,12,23,6,12,2,0,12,-66.88869999999997,-258.0186000000001,-376.15729999999996,-147.63335999999998,66.88869999999997,258.0186000000001,376.15729999999996,147.63335999999998
2025-12-07 21:00:00+00:00,long_dry,final_eval,0.0,0.0,0.0,999,21,6,12,2025-49,22,6,12,23,6,12,0,0,12,3,0,12,-69.26575000000003,-206.74927000000002,-258.26074000000006,-80.92376999999999,69.26575000000003,206.74927000000002,258.26074000000006,80.92376999999999
2025-12-07 22:00:00+00:00,long_dry,final_eval,0.0,0.0,0.0,999,22,6,12,2025-49,23,6,12,0,0,12,1,0,12,4,0,12,-88.92020000000002,-111.52210000000002,-107.92557,-29.591829999999987,88.92020000000002,111.52210000000002,107.92557,29.591829999999987
2025-12-07 23:00:00+00:00,long_dry,final_eval,0.0,0.0,0.0,999,23,6,12,2025-49,0,0,12,1,0,12,2,0,12,5,0,12,-32.43509999999998,-14.143370000000004,82.01925999999997,-15.848119999999994,32.43509999999998,14.143370000000004,82.01925999999997,15.848119999999994
2025-12-08 00:00:00+00:00,long_dry,final_eval,0.0,0.0,0.0,999,0,0,12,2025-49,1,0,12,2,0,12,3,0,12,6,0,12,-74.96557999999999,35.85073999999997,80.25461999999999,-10.737434,74.96557999999999,35.85073999999997,80.25461999999999,10.737434
2025-12-08 01:00:00+00:00,long_dry,final_eval,0.0,0.0,0.0,999,1,0,12,2025-49,2,0,12,3,0,12,4,0,12,7,0,12,46.704499999999996,68.80678,42.17469,-6.718257999999999,46.704499999999996,68.80678,42.17469,6.718257999999999
2025-12-08 02:00:00+00:00,long_dry,final_eval,0.0,0.0,0.0,999,2,0,12,2025-49,3,0,12,4,0,12,5,0,12,8,0,12,57.56165999999999,24.286040000000014,-21.09639,-8.767365999999999,57.56165999999999,24.286040000000014,21.09639,8.767365999999999
2025-12-08 03:00:00+00:00,long_dry,final_eval,0.0,0.0,0.0,999,3,0,12,2025-49,4,0,12,5,0,12,6,0,12,9,0,12,10.293949999999995,-21.31765,-14.291960000000003,7.087634999999999,10.293949999999995,21.31765,14.291960000000003,7.087634999999999
2025-12-08 04:00:00+00:00,long_dry,final_eval,0.0,0.0,0.0,999,4,0,12,2025-49,5,0,12,6,0,12,7,0,12,10,0,12,-17.137550000000005,-8.244667,-6.358059999999998,33.930530000000005,17.137550000000005,8.244667,6.358059999999998,33.930530000000005
2025-12-08 05:00:00+00:00,long_dry,final_eval,0.0,0.0,0.0,999,5,0,12,2025-49,6,0,12,7,0,12,8,0,12,11,0,12,2.530773,0.7695940000000014,-7.826367999999999,33.500820000000004,2.530773,0.7695940000000014,7.826367999999999,33.500820000000004
2025-12-08 06:00:00+00:00,long_dry,final_eval,0.0,0.0,0.0,999,6,0,12,2025-49,7,0,12,8,0,12,9,0,12,12,0,12,0.5430449999999993,-6.710466,6.317716999999998,107.14430000000004,0.5430449999999993,6.710466,6.317716999999998,107.14430000000004
2025-12-08 07:00:00+00:00,long_dry,final_eval,0.0,0.0,0.0,999,7,0,12,2025-49,8,0,12,9,0,12,10,0,12,13,0,12,-7.895592000000001,2.7498070000000006,43.45501,277.16780000000006,7.895592000000001,2.7498070000000006,43.45501,277.16780000000006
2025-12-08 08:00:00+00:00,long_dry,final_eval,0.0,0.0,0.0,999,8,0,12,2025-49,9,0,12,10,0,12,11,0,12,14,0,12,3.697216000000001,45.173,67.5341,-30.881700000000023,3.697216000000001,45.173,67.5341,30.881700000000023
2025-12-08 09:00:00+00:00,long_dry,final_eval,0.0,0.0,0.0,999,9,0,12,2025-49,10,0,12,11,0,12,12,0,12,15,0,12,39.85458,63.3689,69.11365,-113.57776000000001,39.85458,63.3689,69.11365,113.57776000000001
2025-12-08 10:00:00+00:00,long_dry,final_eval,0.0,0.0,0.0,999,10,0,12,2025-49,11,0,12,12,0,12,13,0,12,16,0,12,-26.467219999999998,7.738000000000056,334.7727,-179.07770000000005,26.467219999999998,7.738000000000056,334.7727,179.07770000000005
2025-12-08 11:00:00+00:00,long_dry,final_eval,0.0,0.0,0.0,999,11,0,12,2025-49,12,0,12,13,0,12,14,0,12,17,0,12,-0.7608999999999924,343.15344000000005,-89.77350000000001,-118.24090000000001,0.7608999999999924,343.15344000000005,89.77350000000001,118.24090000000001
2025-12-08 12:00:00+00:00,long_dry,final_eval,0.0,0.0,0.0,999,12,0,12,2025-49,13,0,12,14,0,12,15,0,12,18,0,12,358.23046999999997,-42.79803000000004,-187.65044999999998,-74.54020000000003,358.23046999999997,42.79803000000004,187.65044999999998,74.54020000000003
2025-12-08 13:00:00+00:00,long_dry,final_eval,0.0,0.0,0.0,999,13,0,12,2025-49,14,0,12,15,0,12,16,0,12,19,0,12,-184.80864999999994,-261.43335,-187.40436,-170.04690000000005,184.80864999999994,261.43335,187.40436,170.04690000000005
2025-12-08 14:00:00+00:00,long_dry,final_eval,0.0,0.0,0.0,999,14,0,12,2025-49,15,0,12,16,0,12,17,0,12,20,0,12,-129.91537,-137.067,-120.67060000000004,-13.284200000000055,129.91537,137.067,120.67060000000004,13.284200000000055
2025-12-08 15:00:00+00:00,long_dry,final_eval,0.0,0.0,0.0,999,15,0,12,2025-49,16,0,12,17,0,12,18,0,12,21,0,12,-51.510400000000004,-13.565949999999987,-72.2713,57.063800000000015,51.510400000000004,13.565949999999987,72.2713,57.063800000000015
2025-12-08 16:00:00+00:00,long_dry,final_eval,0.0,0.0,0.0,999,16,0,12,2025-49,17,0,12,18,0,12,19,0,12,22,0,12,23.50803000000002,-34.86066000000005,-126.24474999999995,231.39026,23.50803000000002,34.86066000000005,126.24474999999995,231.39026
2025-12-08 17:00:00+00:00,long_dry,final_eval,0.0,0.0,0.0,999,17,0,12,2025-49,18,0,12,19,0,12,20,0,12,23,0,12,-52.47090000000003,-79.596,75.05584999999996,-92.98350000000005,52.47090000000003,79.596,75.05584999999996,92.98350000000005
2025-12-08 18:00:00+00:00,long_dry,final_eval,0.0,0.0,0.0,999,18,0,12,2025-49,19,0,12,20,0,12,21,0,12,0,1,12,-152.38969999999995,-44.85077000000001,27.223600000000033,-72.74860000000001,152.38969999999995,44.85077000000001,27.223600000000033,72.74860000000001
2025-12-08 19:00:00+00:00,long_dry,final_eval,0.0,0.0,0.0,999,19,0,12,2025-49,20,0,12,21,0,12,22,0,12,1,1,12,72.30200000000002,130.48350000000005,308.85040000000004,-62.19934000000001,72.30200000000002,130.48350000000005,308.85040000000004,62.19934000000001
2025-12-08 20:00:00+00:00,long_dry,final_eval,0.0,0.0,0.0,999,20,0,12,2025-49,21,0,12,22,0,12,23,0,12,2,1,12,-89.75839999999994,89.25379999999996,-33.357849999999985,-101.09694999999999,89.75839999999994,89.25379999999996,33.357849999999985,101.09694999999999
2025-12-08 21:00:00+00:00,long_dry,final_eval,0.0,0.0,0.0,999,21,0,12,2025-49,22,0,12,23,0,12,0,1,12,3,1,12,60.99319999999989,-156.76369999999997,-190.66610000000003,-39.916560000000004,60.99319999999989,156.76369999999997,190.66610000000003,39.916560000000004
2025-12-08 22:00:00+00:00,long_dry,final_eval,0.0,0.0,0.0,999,22,0,12,2025-49,23,0,12,0,1,12,1,1,12,4,1,12,-214.33030000000008,-275.96405000000004,-237.20403999999996,-49.5796,214.33030000000008,275.96405000000004,237.20403999999996,49.5796
2025-12-08 23:00:00+00:00,long_dry,final_eval,0.0,0.0,0.0,999,23,0,12,2025-49,0,1,12,1,1,12,2,1,12,5,1,12,-161.2038,-183.96094000000005,-92.38085999999998,-4.213290000000001,161.2038,183.96094000000005,92.38085999999998,4.213290000000001
2025-12-09 00:00:00+00:00,long_dry,final_eval,0.0,0.0,0.0,999,0,1,12,2025-49,1,1,12,2,1,12,3,1,12,6,1,12,-71.56169999999997,-12.367500000000007,32.77887999999999,-5.064472000000002,71.56169999999997,12.367500000000007,32.77887999999999,5.064472000000002
2025-12-09 01:00:00+00:00,long_dry,final_eval,0.0,0.0,0.0,999,1,1,12,2025-49,2,1,12,3,1,12,4,1,12,7,1,12,19.70247999999998,31.03,8.421780000000012,-20.5382,19.70247999999998,31.03,8.421780000000012,20.5382
2025-12-09 02:00:00+00:00,long_dry,final_eval,0.0,0.0,0.0,999,2,1,12,2025-49,3,1,12,4,1,12,5,1,12,8,1,12,47.62100000000001,14.685550000000006,9.76746,0.05708299999999866,47.62100000000001,14.685550000000006,9.76746,0.05708299999999866
2025-12-09 03:00:00+00:00,long_dry,final_eval,0.0,0.0,0.0,999,3,1,12,2025-49,4,1,12,5,1,12,6,1,12,9,1,12,2.363900000000001,7.728675999999993,2.37932,-0.941872,2.363900000000001,7.728675999999993,2.37932,0.941872
2025-12-09 04:00:00+00:00,long_dry,final_eval,0.0,0.0,0.0,999,4,1,12,2025-49,5,1,12,6,1,12,7,1,12,10,1,12,13.612174999999993,7.574530000000003,-16.197464,26.180040000000005,13.612174999999993,7.574530000000003,16.197464,26.180040000000005
2025-12-09 05:00:00+00:00,long_dry,final_eval,0.0,0.0,0.0,999,5,1,12,2025-49,6,1,12,7,1,12,8,1,12,11,1,12,6.531253999999997,-15.426483000000001,0.18661300000000125,82.44725,6.531253999999997,15.426483000000001,0.18661300000000125,82.44725
2025-12-09 06:00:00+00:00,long_dry,final_eval,0.0,0.0,0.0,999,6,1,12,2025-49,7,1,12,8,1,12,9,1,12,12,1,12,-15.180601,1.1123179999999984,1.4870200000000011,194.649,15.180601,1.1123179999999984,1.4870200000000011,194.649
2025-12-09 07:00:00+00:00,long_dry,final_eval,0.0,0.0,0.0,999,7,1,12,2025-49,8,1,12,9,1,12,10,1,12,13,1,12,2.5573429999999995,-1.549199999999999,39.779655000000005,421.6998,2.5573429999999995,1.549199999999999,39.779655000000005,421.6998
2025-12-09 08:00:00+00:00,long_dry,final_eval,0.0,0.0,0.0,999,8,1,12,2025-49,9,1,12,10,1,12,11,1,12,14,1,12,-11.526339999999998,26.522994999999995,9.906799999999976,58.636100000000056,11.526339999999998,26.522994999999995,9.906799999999976,58.636100000000056
2025-12-09 09:00:00+00:00,long_dry,final_eval,0.0,0.0,0.0,999,9,1,12,2025-49,10,1,12,11,1,12,12,1,12,15,1,12,48.373374999999996,101.73373000000001,149.4121,-128.31256000000002,48.373374999999996,101.73373000000001,149.4121,128.31256000000002
2025-12-09 10:00:00+00:00,long_dry,final_eval,0.0,0.0,0.0,999,10,1,12,2025-49,11,1,12,12,1,12,13,1,12,16,1,12,-3.0593000000000075,71.38459999999998,468.60474,-211.50900000000001,3.0593000000000075,71.38459999999998,468.60474,211.50900000000001
2025-12-09 11:00:00+00:00,long_dry,final_eval,0.0,0.0,0.0,999,11,1,12,2025-49,12,1,12,13,1,12,14,1,12,17,1,12,57.80340000000001,478.78869999999995,-49.95759999999996,-96.93804999999998,57.80340000000001,478.78869999999995,49.95759999999996,96.93804999999998
2025-12-09 12:00:00+00:00,long_dry,final_eval,0.0,0.0,0.0,999,12,1,12,2025-49,13,1,12,14,1,12,15,1,12,18,1,12,417.65783999999996,-61.50670000000002,-237.48069999999996,-144.01969999999994,417.65783999999996,61.50670000000002,237.48069999999996,144.01969999999994
2025-12-09 13:00:00+00:00,long_dry,final_eval,0.0,0.0,0.0,999,13,1,12,2025-49,14,1,12,15,1,12,16,1,12,19,1,12,-63.56330000000003,-200.60789999999997,-180.74429999999995,-154.22875999999997,63.56330000000003,200.60789999999997,180.74429999999995,154.22875999999997
2025-12-09 14:00:00+00:00,long_dry,final_eval,0.0,0.0,0.0,999,14,1,12,2025-49,15,1,12,16,1,12,17,1,12,20,1,12,-196.82240000000002,-233.22173999999995,-166.40533000000005,8.304700000000025,196.82240000000002,233.22173999999995,166.40533000000005,8.304700000000025
2025-12-09 15:00:00+00:00,long_dry,final_eval,0.0,0.0,0.0,999,15,1,12,2025-49,16,1,12,17,1,12,18,1,12,21,1,12,-80.35647999999998,12.604949999999974,-90.99279999999999,166.654,80.35647999999998,12.604949999999974,90.99279999999999,166.654
2025-12-09 16:00:00+00:00,long_dry,final_eval,0.0,0.0,0.0,999,16,1,12,2025-49,17,1,12,18,1,12,19,1,12,22,1,12,42.385400000000004,-69.55975000000001,-99.52700000000004,438.38336000000004,42.385400000000004,69.55975000000001,99.52700000000004,438.38336000000004
2025-12-09 17:00:00+00:00,long_dry,final_eval,0.0,0.0,0.0,999,17,1,12,2025-49,18,1,12,19,1,12,20,1,12,23,1,12,-152.6984,-140.00573999999995,83.10829999999999,-41.54299999999989,152.6984,140.00573999999995,83.10829999999999,41.54299999999989
2025-12-09 18:00:00+00:00,long_dry,final_eval,0.0,0.0,0.0,999,18,1,12,2025-49,19,1,12,20,1,12,21,1,12,0,2,12,-104.84033,75.38059999999996,146.92804,-39.21094000000005,104.84033,75.38059999999996,146.92804,39.21094000000005
2025-12-09 19:00:00+00:00,long_dry,final_eval,0.0,0.0,0.0,999,19,1,12,2025-49,20,1,12,21,1,12,22,1,12,1,2,12,70.77909999999997,92.75959999999998,354.5122,-59.201779999999985,70.77909999999997,92.75959999999998,354.5122,59.201779999999985
2025-12-09 20:00:00+00:00,long_dry,final_eval,0.0,0.0,0.0,999,20,1,12,2025-49,21,1,12,22,1,12,23,1,12,2,2,12,-83.89830000000006,163.5875000000001,28.61035000000004,-83.75189999999998,83.89830000000006,163.5875000000001,28.61035000000004,83.75189999999998
2025-12-09 21:00:00+00:00,long_dry,final_eval,0.0,0.0,0.0,999,21,1,12,2025-49,22,1,12,23,1,12,0,2,12,3,2,12,161.92419999999993,-76.74669999999992,-175.13440000000003,-22.35559999999998,161.92419999999993,76.74669999999992,175.13440000000003,22.35559999999998
2025-12-09 22:00:00+00:00,long_dry,final_eval,0.0,0.0,0.0,999,22,1,12,2025-49,23,1,12,0,2,12,1,2,12,4,2,12,-130.59750000000008,-261.26750000000004,-215.50490000000002,5.777510000000007,130.59750000000008,261.26750000000004,215.50490000000002,5.777510000000007
2025-12-09 23:00:00+00:00,long_dry,final_eval,0.0,0.0,0.0,999,23,1,12,2025-49,0,2,12,1,2,12,2,2,12,5,2,12,-148.06525,-163.96579999999994,-68.56015000000002,-0.2925900000000041,148.06525,163.96579999999994,68.56015000000002,0.2925900000000041
2025-12-10 00:00:00+00:00,long_dry,final_eval,0.0,0.0,0.0,999,0,2,12,2025-49,1,2,12,2,2,12,3,2,12,6,2,12,-32.13220000000001,27.54219999999998,61.717899999999986,-19.826862,32.13220000000001,27.54219999999998,61.717899999999986,19.826862
2025-12-10 01:00:00+00:00,long_dry,final_eval,0.0,0.0,0.0,999,1,2,12,2025-49,2,2,12,3,2,12,4,2,12,7,2,12,30.6533,36.04543000000001,51.886120000000005,-11.777466,30.6533,36.04543000000001,51.886120000000005,11.777466
2025-12-10 02:00:00+00:00,long_dry,final_eval,0.0,0.0,0.0,999,2,2,12,2025-49,3,2,12,4,2,12,5,2,12,8,2,12,32.10346999999999,52.02399,-1.4288939999999997,-2.1573470000000015,32.10346999999999,52.02399,1.4288939999999997,2.1573470000000015
2025-12-10 03:00:00+00:00,long_dry,final_eval,0.0,0.0,0.0,999,3,2,12,2025-49,4,2,12,5,2,12,6,2,12,9,2,12,53.81684999999999,4.218575000000001,-12.94802,15.709015,53.81684999999999,4.218575000000001,12.94802,15.709015
2025-12-10 04:00:00+00:00,long_dry,final_eval,0.0,0.0,0.0,999,4,2,12,2025-49,5,2,12,6,2,12,7,2,12,10,2,12,-24.308784000000003,-17.858134999999997,-11.274443000000002,57.92427000000001,24.308784000000003,17.858134999999997,11.274443000000002,57.92427000000001
2025-12-10 05:00:00+00:00,long_dry,final_eval,0.0,0.0,0.0,999,5,2,12,2025-49,6,2,12,7,2,12,8,2,12,11,2,12,-8.84581,-6.794926,-2.164819999999999,73.17447999999999,8.84581,6.794926,2.164819999999999,73.17447999999999
2025-12-10 06:00:00+00:00,long_dry,final_eval,0.0,0.0,0.0,999,6,2,12,2025-49,7,2,12,8,2,12,9,2,12,12,2,12,-3.7757450000000006,-0.9196719999999985,16.277588,227.08669999999995,3.7757450000000006,0.9196719999999985,16.277588,227.08669999999995
2025-12-10 07:00:00+00:00,long_dry,final_eval,0.0,0.0,0.0,999,7,2,12,2025-49,8,2,12,9,2,12,10,2,12,13,2,12,-1.2454360000000015,12.524681000000001,49.087524,442.2279,1.2454360000000015,12.524681000000001,49.087524,442.2279
2025-12-10 08:00:00+00:00,long_dry,final_eval,0.0,0.0,0.0,999,8,2,12,2025-49,9,2,12,10,2,12,11,2,12,14,2,12,10.276781,48.54817,69.80269000000001,74.18604000000005,10.276781,48.54817,69.80269000000001,74.18604000000005
2025-12-10 09:00:00+00:00,long_dry,final_eval,0.0,0.0,0.0,999,9,2,12,2025-49,10,2,12,11,2,12,12,2,12,15,2,12,48.05806,73.29955000000001,175.03459999999995,-51.07306,48.05806,73.29955000000001,175.03459999999995,51.07306
2025-12-10 10:00:00+00:00,long_dry,final_eval,0.0,0.0,0.0,999,10,2,12,2025-49,11,2,12,12,2,12,13,2,12,16,2,12,-5.220919999999978,133.01099999999997,502.97850000000005,-147.2491,5.220919999999978,133.01099999999997,502.97850000000005,147.2491
2025-12-10 11:00:00+00:00,long_dry,final_eval,0.0,0.0,0.0,999,11,2,12,2025-49,12,2,12,13,2,12,14,2,12,17,2,12,110.62634000000003,511.01419999999996,26.55079999999998,-68.55164000000002,110.62634000000003,511.01419999999996,26.55079999999998,68.55164000000002
2025-12-10 12:00:00+00:00,long_dry,final_eval,0.0,0.0,0.0,999,12,2,12,2025-49,13,2,12,14,2,12,15,2,12,18,2,12,407.49,15.332149999999956,-153.73609999999996,-94.34094000000005,407.49,15.332149999999956,153.73609999999996,94.34094000000005
2025-12-10 13:00:00+00:00,long_dry,final_eval,0.0,0.0,0.0,999,13,2,12,2025-49,14,2,12,15,2,12,16,2,12,19,2,12,-54.152469999999994,-186.39469999999994,-150.23630000000003,-98.46849999999995,54.152469999999994,186.39469999999994,150.23630000000003,98.46849999999995
2025-12-10 14:00:00+00:00,long_dry,final_eval,0.0,0.0,0.0,999,14,2,12,2025-49,15,2,12,16,2,12,17,2,12,20,2,12,-154.62023999999997,-179.03560000000004,-147.91189999999995,16.04849999999999,154.62023999999997,179.03560000000004,147.91189999999995,16.04849999999999
2025-12-10 15:00:00+00:00,long_dry,final_eval,0.0,0.0,0.0,999,15,2,12,2025-49,16,2,12,17,2,12,18,2,12,21,2,12,-86.48244999999997,-35.35680000000002,-143.26385000000005,70.24474999999995,86.48244999999997,35.35680000000002,143.26385000000005,70.24474999999995
2025-12-10 16:00:00+00:00,long_dry,final_eval,0.0,0.0,0.0,999,16,2,12,2025-49,17,2,12,18,2,12,19,2,12,22,2,12,48.84787,-47.1001,-69.48505,523.64307,48.84787,47.1001,69.48505,523.64307
2025-12-10 17:00:00+00:00,long_dry,final_eval,0.0,0.0,0.0,999,17,2,12,2025-49,18,2,12,19,2,12,20,2,12,23,2,12,-92.77324999999996,-56.553300000000036,94.79205000000002,161.12850000000003,92.77324999999996,56.553300000000036,94.79205000000002,161.12850000000003
2025-12-10 18:00:00+00:00,long_dry,final_eval,0.0,0.0,0.0,999,18,2,12,2025-49,19,2,12,20,2,12,21,2,12,0,3,12,-49.39689999999996,54.62523999999996,141.53420000000006,190.72320000000002,49.39689999999996,54.62523999999996,141.53420000000006,190.72320000000002
2025-12-10 19:00:00+00:00,long_dry,final_eval,0.0,0.0,0.0,999,19,2,12,2025-49,20,2,12,21,2,12,22,2,12,1,3,12,87.83730000000003,126.01984000000004,523.15283,120.36556999999999,87.83730000000003,126.01984000000004,523.15283,120.36556999999999
2025-12-10 20:00:00+00:00,long_dry,final_eval,0.0,0.0,0.0,999,20,2,12,2025-49,21,2,12,22,2,12,23,2,12,2,3,12,-41.760299999999916,335.40049999999997,207.95232999999996,50.92676,41.760299999999916,335.40049999999997,207.95232999999996,50.92676
2025-12-10 21:00:00+00:00,long_dry,final_eval,0.0,0.0,0.0,999,21,2,12,2025-49,22,2,12,23,2,12,0,3,12,3,3,12,340.9493,106.87169999999992,62.49689999999998,61.394499999999994,340.9493,106.87169999999992,62.49689999999998,61.394499999999994
2025-12-10 22:00:00+00:00,long_dry,final_eval,0.0,0.0,0.0,999,22,2,12,2025-49,23,2,12,0,3,12,1,3,12,4,3,12,40.85470000000009,-18.744929999999954,-46.03470000000004,30.808909999999997,40.85470000000009,18.744929999999954,46.03470000000004,30.808909999999997
2025-12-10 23:00:00+00:00,long_dry,final_eval,0.0,0.0,0.0,999,23,2,12,2025-49,0,3,12,1,3,12,2,3,12,5,3,12,-23.371099999999956,-95.99854000000005,4.2993999999999915,20.96141,23.371099999999956,95.99854000000005,4.2993999999999915,20.96141
2025-12-11 00:00:00+00:00,long_dry,final_eval,0.0,0.0,0.0,999,0,3,12,2025-49,1,3,12,2,3,12,3,3,12,6,3,12,-35.92409999999995,43.22165000000001,56.43079999999998,-26.842365,35.92409999999995,43.22165000000001,56.43079999999998,26.842365
2025-12-11 01:00:00+00:00,long_dry,final_eval,0.0,0.0,0.0,999,1,3,12,2025-49,2,3,12,3,3,12,4,3,12,7,3,12,-5.475699999999961,36.288700000000006,58.034670000000006,-5.681441999999997,5.475699999999961,36.288700000000006,58.034670000000006,5.681441999999997
2025-12-11 02:00:00+00:00,long_dry,final_eval,0.0,0.0,0.0,999,2,3,12,2025-49,3,3,12,4,3,12,5,3,12,8,3,12,22.478940000000023,38.667249999999996,24.07875,-8.641732999999999,22.478940000000023,38.667249999999996,24.07875,8.641732999999999
2025-12-11 03:00:00+00:00,long_dry,final_eval,0.0,0.0,0.0,999,3,3,12,2025-49,4,3,12,5,3,12,6,3,12,9,3,12,24.123230000000007,15.149413999999993,-21.338050000000003,5.382845,24.123230000000007,15.149413999999993,21.338050000000003,5.382845
2025-12-11 04:00:00+00:00,long_dry,final_eval,0.0,0.0,0.0,999,4,3,12,2025-49,5,3,12,6,3,12,7,3,12,10,3,12,4.853480000000005,-17.920140000000004,-5.1593599999999995,30.211844999999997,4.853480000000005,17.920140000000004,5.1593599999999995,30.211844999999997
2025-12-11 05:00:00+00:00,long_dry,final_eval,0.0,0.0,0.0,999,5,3,12,2025-49,6,3,12,7,3,12,8,3,12,11,3,12,-15.068503999999997,-2.969131000000001,-11.151133999999999,70.65211,15.068503999999997,2.969131000000001,11.151133999999999,70.65211
2025-12-11 06:00:00+00:00,long_dry,final_eval,0.0,0.0,0.0,999,6,3,12,2025-49,7,3,12,8,3,12,9,3,12,12,3,12,5.4292349999999985,-6.449031999999999,7.249507999999999,161.71820000000002,5.4292349999999985,6.449031999999999,7.249507999999999,161.71820000000002
2025-12-11 07:00:00+00:00,long_dry,final_eval,0.0,0.0,0.0,999,7,3,12,2025-49,8,3,12,9,3,12,10,3,12,13,3,12,-7.4317899999999995,3.5984440000000006,29.794889999999995,388.26184,7.4317899999999995,3.5984440000000006,29.794889999999995,388.26184
2025-12-11 08:00:00+00:00,long_dry,final_eval,0.0,0.0,0.0,999,8,3,12,2025-49,9,3,12,10,3,12,11,3,12,14,3,12,5.4585110000000014,34.545289999999994,94.37405000000001,27.385400000000004,5.4585110000000014,34.545289999999994,94.37405000000001,27.385400000000004
2025-12-11 09:00:00+00:00,long_dry,final_eval,0.0,0.0,0.0,999,9,3,12,2025-49,10,3,12,11,3,12,12,3,12,15,3,12,27.591933999999995,82.63492,161.52149999999995,-65.99090000000001,27.591933999999995,82.63492,161.52149999999995,65.99090000000001
2025-12-11 10:00:00+00:00,long_dry,final_eval,0.0,0.0,0.0,999,10,3,12,2025-49,11,3,12,12,3,12,13,3,12,16,3,12,16.962429999999983,125.13779999999997,467.90423999999996,-152.83875,16.962429999999983,125.13779999999997,467.90423999999996,152.83875
2025-12-11 11:00:00+00:00,long_dry,final_eval,0.0,0.0,0.0,999,11,3,12,2025-49,12,3,12,13,3,12,14,3,12,17,3,12,27.712999999999965,447.83140000000003,-48.0489,-106.70214999999996,27.712999999999965,447.83140000000003,48.0489,106.70214999999996
2025-12-11 12:00:00+00:00,long_dry,final_eval,0.0,0.0,0.0,999,12,3,12,2025-49,13,3,12,14,3,12,15,3,12,18,3,12,367.23505,-38.82280000000003,-174.61316,-112.78700000000003,367.23505,38.82280000000003,174.61316,112.78700000000003
2025-12-11 13:00:00+00:00,long_dry,final_eval,0.0,0.0,0.0,999,13,3,12,2025-49,14,3,12,15,3,12,16,3,12,19,3,12,-149.97284000000002,-238.40283,-170.63930000000005,-170.33860000000004,149.97284000000002,238.40283,170.63930000000005,170.33860000000004
2025-12-11 14:00:00+00:00,long_dry,final_eval,0.0,0.0,0.0,999,14,3,12,2025-49,15,3,12,16,3,12,17,3,12,20,3,12,-113.9271,-119.21960000000001,-137.84979999999996,-37.175230000000056,113.9271,119.21960000000001,137.84979999999996,37.175230000000056
2025-12-11 15:00:00+00:00,long_dry,final_eval,0.0,0.0,0.0,999,15,3,12,2025-49,16,3,12,17,3,12,18,3,12,21,3,12,-66.35428000000002,-48.510099999999966,-135.90765,80.20496000000003,66.35428000000002,48.510099999999966,135.90765,80.20496000000003
2025-12-11 16:00:00+00:00,long_dry,final_eval,0.0,0.0,0.0,999,16,3,12,2025-49,17,3,12,18,3,12,19,3,12,22,3,12,-26.140800000000013,-90.48035000000004,-151.44060000000002,291.0247999999999,26.140800000000013,90.48035000000004,151.44060000000002,291.0247999999999
2025-12-11 17:00:00+00:00,long_dry,final_eval,0.0,0.0,0.0,999,17,3,12,2025-49,18,3,12,19,3,12,20,3,12,23,3,12,-88.37819999999999,-95.38604999999995,38.16769999999997,21.573100000000068,88.37819999999999,95.38604999999995,38.16769999999997,21.573100000000068
2025-12-11 18:00:00+00:00,long_dry,final_eval,0.0,0.0,0.0,999,18,3,12,2025-49,19,3,12,20,3,12,21,3,12,0,4,12,-114.76440000000002,-49.37865999999997,104.92819999999995,-17.285300000000007,114.76440000000002,49.37865999999997,104.92819999999995,17.285300000000007
2025-12-11 19:00:00+00:00,long_dry,final_eval,0.0,0.0,0.0,999,19,3,12,2025-49,20,3,12,21,3,12,22,3,12,1,4,12,60.32732999999996,187.45929999999998,376.01935000000003,26.998000000000047,60.32732999999996,187.45929999999998,376.01935000000003,26.998000000000047
2025-12-11 20:00:00+00:00,long_dry,final_eval,0.0,0.0,0.0,999,20,3,12,2025-49,21,3,12,22,3,12,23,3,12,2,4,12,-29.172700000000077,139.1056000000001,66.38760000000002,-52.57940000000002,29.172700000000077,139.1056000000001,66.38760000000002,52.57940000000002
2025-12-11 21:00:00+00:00,long_dry,final_eval,0.0,0.0,0.0,999,21,3,12,2025-49,22,3,12,23,3,12,0,4,12,3,4,12,112.55269999999996,-73.32449999999994,-151.92039999999997,36.925599999999974,112.55269999999996,73.32449999999994,151.92039999999997,36.925599999999974
2025-12-11 22:00:00+00:00,long_dry,final_eval,0.0,0.0,0.0,999,22,3,12,2025-49,23,3,12,0,4,12,1,4,12,4,4,12,-51.636600000000044,-183.6264,-150.58563000000004,0.3104099999999903,51.636600000000044,183.6264,150.58563000000004,0.3104099999999903
2025-12-11 23:00:00+00:00,long_dry,final_eval,0.0,0.0,0.0,999,23,3,12,2025-49,0,4,12,1,4,12,2,4,12,5,4,12,-168.40650000000005,-190.8446,-108.98699999999997,31.386520000000004,168.40650000000005,190.8446,108.98699999999997,31.386520000000004
2025-12-12 00:00:00+00:00,long_dry,final_eval,0.0,0.0,0.0,999,0,4,12,2025-49,1,4,12,2,4,12,3,4,12,6,4,12,-23.01873999999998,22.7586,94.93419999999998,-10.333709999999996,23.01873999999998,22.7586,94.93419999999998,10.333709999999996
2025-12-12 01:00:00+00:00,long_dry,final_eval,0.0,0.0,0.0,999,1,4,12,2025-49,2,4,12,3,4,12,4,4,12,7,4,12,49.22543000000002,89.84300000000002,35.29740000000001,5.066203999999999,49.22543000000002,89.84300000000002,35.29740000000001,5.066203999999999
2025-12-12 02:00:00+00:00,long_dry,final_eval,0.0,0.0,0.0,999,2,4,12,2025-49,3,4,12,4,4,12,5,4,12,8,4,12,67.87099999999998,26.66162,39.5446,-4.172602000000001,67.87099999999998,26.66162,39.5446,4.172602000000001
2025-12-12 03:00:00+00:00,long_dry,final_eval,0.0,0.0,0.0,999,3,4,12,2025-49,4,4,12,5,4,12,6,4,12,9,4,12,-3.6104899999999986,32.0673,-9.042940000000002,5.114916000000001,3.6104899999999986,32.0673,9.042940000000002,5.114916000000001
2025-12-12 04:00:00+00:00,long_dry,final_eval,0.0,0.0,0.0,999,4,4,12,2025-49,5,4,12,6,4,12,7,4,12,10,4,12,40.171814,7.59948,8.579487,32.165565,40.171814,7.59948,8.579487,32.165565
2025-12-12 05:00:00+00:00,long_dry,final_eval,0.0,0.0,0.0,999,5,4,12,2025-49,6,4,12,7,4,12,8,4,12,11,4,12,-5.687293999999994,7.567520000000002,-3.0779020000000017,120.23906,5.687293999999994,7.567520000000002,3.0779020000000017,120.23906
2025-12-12 06:00:00+00:00,long_dry,final_eval,0.0,0.0,0.0,999,6,4,12,2025-49,7,4,12,8,4,12,9,4,12,12,4,12,15.007401999999999,1.7350390000000004,10.107557,85.32385,15.007401999999999,1.7350390000000004,10.107557,85.32385
2025-12-12 07:00:00+00:00,long_dry,final_eval,0.0,0.0,0.0,999,7,4,12,2025-49,8,4,12,9,4,12,10,4,12,13,4,12,-0.8540039999999998,6.068293000000001,41.53291,188.00494000000003,0.8540039999999998,6.068293000000001,41.53291,188.00494000000003
2025-12-12 08:00:00+00:00,long_dry,final_eval,0.0,0.0,0.0,999,8,4,12,2025-49,9,4,12,10,4,12,11,4,12,14,4,12,5.334762999999999,43.189499999999995,120.49510000000001,22.95623999999998,5.334762999999999,43.189499999999995,120.49510000000001,22.95623999999998
2025-12-12 09:00:00+00:00,long_dry,final_eval,0.0,0.0,0.0,999,9,4,12,2025-49,10,4,12,11,4,12,12,4,12,15,4,12,35.809715,109.00885,80.42834000000005,-44.43378000000001,35.809715,109.00885,80.42834000000005,44.43378000000001
2025-12-12 10:00:00+00:00,long_dry,final_eval,0.0,0.0,0.0,999,10,4,12,2025-49,11,4,12,12,4,12,13,4,12,16,4,12,28.505830000000003,20.446900000000028,234.68413999999996,-99.16369999999995,28.505830000000003,20.446900000000028,234.68413999999996,99.16369999999995
2025-12-12 11:00:00+00:00,long_dry,final_eval,0.0,0.0,0.0,999,11,4,12,2025-49,12,4,12,13,4,12,14,4,12,17,4,12,-82.36596999999995,205.31335,-34.86270000000002,-36.25243999999998,82.36596999999995,205.31335,34.86270000000002,36.25243999999998
2025-12-12 12:00:00+00:00,long_dry,final_eval,0.0,0.0,0.0,999,12,4,12,2025-49,13,4,12,14,4,12,15,4,12,18,4,12,244.0471,-55.911699999999996,-210.90515000000005,-95.17633000000001,244.0471,55.911699999999996,210.90515000000005,95.17633000000001
2025-12-12 13:00:00+00:00,long_dry,final_eval,0.0,0.0,0.0,999,13,4,12,2025-49,14,4,12,15,4,12,16,4,12,19,4,12,-144.43555000000003,-242.31934,-186.90485,-143.72040000000004,144.43555000000003,242.31934,186.90485,143.72040000000004
2025-12-12 14:00:00+00:00,long_dry,final_eval,0.0,0.0,0.0,999,14,4,12,2025-49,15,4,12,16,4,12,17,4,12,20,4,12,-123.33025999999995,-120.66656,-75.2301,166.49900000000002,123.33025999999995,120.66656,75.2301,166.49900000000002
2025-12-12 15:00:00+00:00,long_dry,final_eval,0.0,0.0,0.0,999,15,4,12,2025-49,16,4,12,17,4,12,18,4,12,21,4,12,-17.033329999999978,55.160030000000006,-30.473449999999957,237.63940000000002,17.033329999999978,55.160030000000006,30.473449999999957,237.63940000000002
2025-12-12 16:00:00+00:00,long_dry,final_eval,0.0,0.0,0.0,999,16,4,12,2025-49,17,4,12,18,4,12,19,4,12,22,4,12,43.857399999999984,-12.807999999999993,-36.13930000000005,157.27829999999994,43.857399999999984,12.807999999999993,36.13930000000005,157.27829999999994
2025-12-12 17:00:00+00:00,long_dry,final_eval,0.0,0.0,0.0,999,17,4,12,2025-49,18,4,12,19,4,12,20,4,12,23,4,12,-51.89480000000003,-22.782960000000003,186.11260000000004,-195.75,51.89480000000003,22.782960000000003,186.11260000000004,195.75
2025-12-12 18:00:00+00:00,long_dry,final_eval,0.0,0.0,0.0,999,18,4,12,2025-49,19,4,12,20,4,12,21,4,12,0,5,12,-38.976099999999974,123.28125,228.10442999999998,-60.4126,38.976099999999974,123.28125,228.10442999999998,60.4126
2025-12-12 19:00:00+00:00,long_dry,final_eval,0.0,0.0,0.0,999,19,4,12,2025-49,20,4,12,21,4,12,22,4,12,1,5,12,114.75239999999997,189.05330000000004,120.56089999999995,-10.36676,114.75239999999997,189.05330000000004,120.56089999999995,10.36676
2025-12-12 20:00:00+00:00,long_dry,final_eval,0.0,0.0,0.0,999,20,4,12,2025-49,21,4,12,22,4,12,23,4,12,2,5,12,23.067000000000007,-68.56639999999993,-165.43129999999996,-142.0548,23.067000000000007,68.56639999999993,165.43129999999996,142.0548
2025-12-12 21:00:00+00:00,long_dry,final_eval,0.0,0.0,0.0,999,21,4,12,2025-49,22,4,12,23,4,12,0,5,12,3,5,12,-8.158699999999953,-215.54160000000002,-214.1508,-5.877599999999973,8.158699999999953,215.54160000000002,214.1508,5.877599999999973
2025-12-12 22:00:00+00:00,long_dry,final_eval,0.0,0.0,0.0,999,22,4,12,2025-49,23,4,12,0,5,12,1,5,12,4,5,12,-87.98949999999991,-189.9964,-189.78930000000003,101.99318,87.98949999999991,189.9964,189.78930000000003,101.99318
2025-12-12 23:00:00+00:00,long_dry,final_eval,0.0,0.0,0.0,999,23,4,12,2025-49,0,5,12,1,5,12,2,5,12,5,5,12,-47.86149999999998,-45.925899999999956,-82.00049999999999,127.72466,47.86149999999998,45.925899999999956,82.00049999999999,127.72466
2025-12-13 00:00:00+00:00,long_dry,final_eval,0.0,0.0,0.0,999,0,5,12,2025-49,1,5,12,2,5,12,3,5,12,6,5,12,18.41674999999998,-14.190200000000004,63.72597999999999,115.77728,18.41674999999998,14.190200000000004,63.72597999999999,115.77728
2025-12-13 01:00:00+00:00,long_dry,final_eval,0.0,0.0,0.0,999,1,5,12,2025-49,2,5,12,3,5,12,4,5,12,7,5,12,-11.37482,41.63116000000002,70.60629999999998,65.38528,11.37482,41.63116000000002,70.60629999999998,65.38528
2025-12-13 02:00:00+00:00,long_dry,final_eval,0.0,0.0,0.0,999,2,5,12,2025-49,3,5,12,4,5,12,5,5,12,8,5,12,29.74176,68.8229,68.95624000000001,20.699726,29.74176,68.8229,68.95624000000001,20.699726
2025-12-13 03:00:00+00:00,long_dry,final_eval,0.0,0.0,0.0,999,3,5,12,2025-49,4,5,12,5,5,12,6,5,12,9,5,12,4.243600000000015,41.604870000000005,58.98304999999999,-5.037219999999998,4.243600000000015,41.604870000000005,58.98304999999999,5.037219999999998
2025-12-13 04:00:00+00:00,long_dry,final_eval,0.0,0.0,0.0,999,4,5,12,2025-49,5,5,12,6,5,12,7,5,12,10,5,12,12.136630000000025,65.19837999999999,47.480810000000005,-3.7158620000000013,12.136630000000025,65.19837999999999,47.480810000000005,3.7158620000000013
2025-12-13 05:00:00+00:00,long_dry,final_eval,0.0,0.0,0.0,999,5,5,12,2025-49,6,5,12,7,5,12,8,5,12,11,5,12,41.08931999999999,35.150566,13.198585999999999,-25.757649999999998,41.08931999999999,35.150566,13.198585999999999,25.757649999999998
2025-12-13 06:00:00+00:00,long_dry,final_eval,0.0,0.0,0.0,999,6,5,12,2025-49,7,5,12,8,5,12,9,5,12,12,5,12,1.2159500000000065,4.726204000000003,-7.156666000000001,-13.059190000000001,1.2159500000000065,4.726204000000003,7.156666000000001,13.059190000000001
2025-12-13 07:00:00+00:00,long_dry,final_eval,0.0,0.0,0.0,999,7,5,12,2025-49,8,5,12,9,5,12,10,5,12,13,5,12,21.572986999999998,-8.299320000000002,-2.1752129999999994,-225.45550000000003,21.572986999999998,8.299320000000002,2.1752129999999994,225.45550000000003
2025-12-13 08:00:00+00:00,long_dry,final_eval,0.0,0.0,0.0,999,8,5,12,2025-49,9,5,12,10,5,12,11,5,12,14,5,12,-7.972366000000001,2.1583979999999983,-35.52587,-56.94780000000003,7.972366000000001,2.1583979999999983,35.52587,56.94780000000003
2025-12-13 09:00:00+00:00,long_dry,final_eval,0.0,0.0,0.0,999,9,5,12,2025-49,10,5,12,11,5,12,12,5,12,15,5,12,4.706180000000003,-39.36497,-100.07580000000002,-8.289859999999976,4.706180000000003,39.36497,100.07580000000002,8.289859999999976
2025-12-13 10:00:00+00:00,long_dry,final_eval,0.0,0.0,0.0,999,10,5,12,2025-49,11,5,12,12,5,12,13,5,12,16,5,12,-40.609269999999995,-107.33416999999997,-152.06174,61.70219999999995,40.609269999999995,107.33416999999997,152.06174,61.70219999999995
2025-12-13 11:00:00+00:00,long_dry,final_eval,0.0,0.0,0.0,999,11,5,12,2025-49,12,5,12,13,5,12,14,5,12,17,5,12,18.139939999999996,13.079679999999996,60.124570000000006,196.67675999999994,18.139939999999996,13.079679999999996,60.124570000000006,196.67675999999994
2025-12-13 12:00:00+00:00,long_dry,final_eval,0.0,0.0,0.0,999,12,5,12,2025-49,13,5,12,14,5,12,15,5,12,18,5,12,-52.205899999999986,-6.197999999999979,31.656799999999976,184.0349,52.205899999999986,6.197999999999979,31.656799999999976,184.0349
2025-12-13 13:00:00+00:00,long_dry,final_eval,0.0,0.0,0.0,999,13,5,12,2025-49,14,5,12,15,5,12,16,5,12,19,5,12,-93.54880000000003,-23.48375999999996,59.08167000000003,64.81910000000005,93.54880000000003,23.48375999999996,59.08167000000003,64.81910000000005
2025-12-13 14:00:00+00:00,long_dry,final_eval,0.0,0.0,0.0,999,14,5,12,2025-49,15,5,12,16,5,12,17,5,12,20,5,12,-39.76369999999997,-1.8066400000000158,86.64200000000005,56.28972999999996,39.76369999999997,1.8066400000000158,86.64200000000005,56.28972999999996
2025-12-13 15:00:00+00:00,long_dry,final_eval,0.0,0.0,0.0,999,15,5,12,2025-49,16,5,12,17,5,12,18,5,12,21,5,12,-22.807900000000018,88.6291,101.21497,-14.48860000000002,22.807900000000018,88.6291,101.21497,14.48860000000002
2025-12-13 16:00:00+00:00,long_dry,final_eval,0.0,0.0,0.0,999,16,5,12,2025-49,17,5,12,18,5,12,19,5,12,22,5,12,29.873199999999997,77.12329999999997,29.925500000000056,-114.9665,29.873199999999997,77.12329999999997,29.925500000000056,114.9665
2025-12-13 17:00:00+00:00,long_dry,final_eval,0.0,0.0,0.0,999,17,5,12,2025-49,18,5,12,19,5,12,20,5,12,23,5,12,31.15689999999995,6.599699999999984,7.80164000000002,-275.1509,31.15689999999995,6.599699999999984,7.80164000000002,275.1509
2025-12-13 18:00:00+00:00,long_dry,final_eval,0.0,0.0,0.0,999,18,5,12,2025-49,19,5,12,20,5,12,21,5,12,0,6,12,-52.62390000000005,-94.08739999999989,-184.86120000000005,-200.84140000000002,52.62390000000005,94.08739999999989,184.86120000000005,200.84140000000002
2025-12-13 19:00:00+00:00,long_dry,final_eval,0.0,0.0,0.0,999,19,5,12,2025-49,20,5,12,21,5,12,22,5,12,1,6,12,25.949949999999944,-100.21900000000005,-208.019,-79.9411,25.949949999999944,100.21900000000005,208.019,79.9411
2025-12-13 20:00:00+00:00,long_dry,final_eval,0.0,0.0,0.0,999,20,5,12,2025-49,21,5,12,22,5,12,23,5,12,2,6,12,-96.27009999999996,-189.6404,-286.4913,-169.67560000000003,96.27009999999996,189.6404,286.4913,169.67560000000003
2025-12-13 21:00:00+00:00,long_dry,final_eval,0.0,0.0,0.0,999,21,5,12,2025-49,22,5,12,23,5,12,0,6,12,3,6,12,-22.935299999999984,-116.61210000000005,-126.02620000000002,-20.073879999999974,22.935299999999984,116.61210000000005,126.02620000000002,20.073879999999974
2025-12-13 22:00:00+00:00,long_dry,final_eval,0.0,0.0,0.0,999,22,5,12,2025-49,23,5,12,0,6,12,1,6,12,4,6,12,1.9219399999999496,29.846739999999954,25.706700000000012,142.99599999999998,1.9219399999999496,29.846739999999954,25.706700000000012,142.99599999999998
2025-12-13 23:00:00+00:00,long_dry,final_eval,0.0,0.0,0.0,999,23,5,12,2025-49,0,6,12,1,6,12,2,6,12,5,6,12,108.74588,120.77335,108.93903,175.36188,108.74588,120.77335,108.93903,175.36188
2025-12-14 00:00:00+00:00,long_dry,final_eval,0.0,0.0,0.0,999,0,6,12,2025-50,1,6,12,2,6,12,3,6,12,6,6,12,41.72284000000002,44.166139999999984,112.44677999999999,113.26984,41.72284000000002,44.166139999999984,112.44677999999999,113.26984
2025-12-14 01:00:00+00:00,long_dry,final_eval,0.0,0.0,0.0,999,1,6,12,2025-50,2,6,12,3,6,12,4,6,12,7,6,12,28.83330000000001,77.28113000000002,131.3385,43.9237,28.83330000000001,77.28113000000002,131.3385,43.9237
2025-12-14 02:00:00+00:00,long_dry,final_eval,0.0,0.0,0.0,999,2,6,12,2025-50,3,6,12,4,6,12,5,6,12,8,6,12,41.221299999999985,113.46584999999999,101.26506,1.635944000000002,41.221299999999985,113.46584999999999,101.26506,1.635944000000002
2025-12-14 03:00:00+00:00,long_dry,final_eval,0.0,0.0,0.0,999,3,6,12,2025-50,4,6,12,5,6,12,6,6,12,9,6,12,41.024699999999996,66.65788,45.32265000000001,-12.556904000000003,41.024699999999996,66.65788,45.32265000000001,12.556904000000003
2025-12-14 04:00:00+00:00,long_dry,final_eval,0.0,0.0,0.0,999,4,6,12,2025-50,5,6,12,6,6,12,7,6,12,10,6,12,-19.751199999999983,21.05716000000001,8.062460000000002,-34.602257,19.751199999999983,21.05716000000001,8.062460000000002,34.602257
2025-12-14 05:00:00+00:00,long_dry,final_eval,0.0,0.0,0.0,999,5,6,12,2025-50,6,6,12,7,6,12,8,6,12,11,6,12,4.807099999999991,-9.935419999999993,-17.29432,-49.720856,4.807099999999991,9.935419999999993,17.29432,49.720856
2025-12-15 11:00:00+00:00,long_dry,final_eval,0.0,0.0,0.0,999,11,0,12,2025-50,12,0,12,13,0,12,14,0,12,17,0,12,61.22005999999999,209.1775,-61.846700000000055,-117.52985000000001,61.22005999999999,209.1775,61.846700000000055,117.52985000000001
2025-12-15 12:00:00+00:00,long_dry,final_eval,0.0,0.0,0.0,999,12,0,12,2025-50,13,0,12,14,0,12,15,0,12,18,0,12,104.10829999999999,-23.48336999999998,-141.8327,-77.25279999999998,104.10829999999999,23.48336999999998,141.8327,77.25279999999998
2025-12-15 13:00:00+00:00,long_dry,final_eval,0.0,0.0,0.0,999,13,0,12,2025-50,14,0,12,15,0,12,16,0,12,19,0,12,-141.29949999999997,-215.98950000000002,-169.70493,-134.3129,141.29949999999997,215.98950000000002,169.70493,134.3129
2025-12-15 14:00:00+00:00,long_dry,final_eval,0.0,0.0,0.0,999,14,0,12,2025-50,15,0,12,16,0,12,17,0,12,20,0,12,-161.11185,-159.51276000000001,-157.97699999999998,-2.344699999999989,161.11185,159.51276000000001,157.97699999999998,2.344699999999989
2025-12-15 15:00:00+00:00,long_dry,final_eval,0.0,0.0,0.0,999,15,0,12,2025-50,16,0,12,17,0,12,18,0,12,21,0,12,-13.450780000000009,-17.796879999999987,-59.7244,131.25519999999995,13.450780000000009,17.796879999999987,59.7244,131.25519999999995
2025-12-15 16:00:00+00:00,long_dry,final_eval,0.0,0.0,0.0,999,16,0,12,2025-50,17,0,12,18,0,12,19,0,12,22,0,12,-10.345460000000003,-27.249199999999973,-31.497770000000003,353.148,10.345460000000003,27.249199999999973,31.497770000000003,353.148
2025-12-15 17:00:00+00:00,long_dry,final_eval,0.0,0.0,0.0,999,17,0,12,2025-50,18,0,12,19,0,12,20,0,12,23,0,12,-77.49722000000003,-69.02715999999998,78.28649999999999,64.81415000000004,77.49722000000003,69.02715999999998,78.28649999999999,64.81415000000004
2025-12-15 18:00:00+00:00,long_dry,final_eval,0.0,0.0,0.0,999,18,0,12,2025-50,19,0,12,20,0,12,21,0,12,0,1,12,-95.315,9.471000000000004,95.74945000000002,4.198700000000031,95.315,9.471000000000004,95.74945000000002,4.198700000000031
2025-12-15 19:00:00+00:00,long_dry,final_eval,0.0,0.0,0.0,999,19,0,12,2025-50,20,0,12,21,0,12,22,0,12,1,1,12,38.24829999999997,90.34984999999995,232.18690000000004,-50.97705000000002,38.24829999999997,90.34984999999995,232.18690000000004,50.97705000000002
2025-12-15 20:00:00+00:00,long_dry,final_eval,0.0,0.0,0.0,999,20,0,12,2025-50,21,0,12,22,0,12,23,0,12,2,1,12,41.58263999999997,164.76025000000004,114.88559999999995,-26.73660000000001,41.58263999999997,164.76025000000004,114.88559999999995,26.73660000000001
2025-12-15 21:00:00+00:00,long_dry,final_eval,0.0,0.0,0.0,999,21,0,12,2025-50,22,0,12,23,0,12,0,1,12,3,1,12,82.09879999999998,-12.875999999999976,-77.94713999999999,-4.0253999999999905,82.09879999999998,12.875999999999976,77.94713999999999,4.0253999999999905
2025-12-15 22:00:00+00:00,long_dry,final_eval,0.0,0.0,0.0,999,22,0,12,2025-50,23,0,12,0,1,12,1,1,12,4,1,12,-15.82899999999995,-85.505,-90.10622999999998,-17.788240000000002,15.82899999999995,85.505,90.10622999999998,17.788240000000002
2025-12-15 23:00:00+00:00,long_dry,final_eval,0.0,0.0,0.0,999,23,0,12,2025-50,0,1,12,1,1,12,2,1,12,5,1,12,-44.11180000000002,-76.33395000000002,-13.778380000000027,-12.615769999999998,44.11180000000002,76.33395000000002,13.778380000000027,12.615769999999998
2025-12-16 00:00:00+00:00,long_dry,final_eval,0.0,0.0,0.0,999,0,1,12,2025-50,1,1,12,2,1,12,3,1,12,6,1,12,-48.62732,-0.2033999999999878,31.24794,-20.714176000000002,48.62732,0.2033999999999878,31.24794,20.714176000000002
2025-12-16 01:00:00+00:00,long_dry,final_eval,0.0,0.0,0.0,999,1,1,12,2025-50,2,1,12,3,1,12,4,1,12,7,1,12,-1.2384999999999877,20.62424999999999,23.133740000000003,-17.331665,1.2384999999999877,20.62424999999999,23.133740000000003,17.331665
2025-12-16 02:00:00+00:00,long_dry,final_eval,0.0,0.0,0.0,999,2,1,12,2025-50,3,1,12,4,1,12,5,1,12,8,1,12,10.034089999999992,14.402100000000004,-5.679600000000001,-9.68013,10.034089999999992,14.402100000000004,5.679600000000001,9.68013
2025-12-16 03:00:00+00:00,long_dry,final_eval,0.0,0.0,0.0,999,3,1,12,2025-50,4,1,12,5,1,12,6,1,12,9,1,12,14.789609999999996,-11.714325000000002,-16.392629999999997,15.971578999999998,14.789609999999996,11.714325000000002,16.392629999999997,15.971578999999998
2025-12-16 04:00:00+00:00,long_dry,final_eval,0.0,0.0,0.0,999,4,1,12,2025-50,5,1,12,6,1,12,7,1,12,10,1,12,0.8573069999999987,-12.68825,-14.888676,32.01539,0.8573069999999987,12.68825,14.888676,32.01539
2025-12-16 05:00:00+00:00,long_dry,final_eval,0.0,0.0,0.0,999,5,1,12,2025-50,6,1,12,7,1,12,8,1,12,11,1,12,-8.196354,-10.260408000000002,-10.388878,108.30634,8.196354,10.260408000000002,10.388878,108.30634
2025-12-16 06:00:00+00:00,long_dry,final_eval,0.0,0.0,0.0,999,6,1,12,2025-50,7,1,12,8,1,12,9,1,12,12,1,12,-9.164469,-9.612502,21.05609,202.02614999999997,9.164469,9.612502,21.05609,202.02614999999997
2025-12-16 07:00:00+00:00,long_dry,final_eval,0.0,0.0,0.0,999,7,1,12,2025-50,8,1,12,9,1,12,10,1,12,13,1,12,-8.898116,18.923038,34.96031,382.4406,8.898116,18.923038,34.96031,382.4406
2025-12-16 08:00:00+00:00,long_dry,final_eval,0.0,0.0,0.0,999,8,1,12,2025-50,9,1,12,10,1,12,11,1,12,14,1,12,19.273727,36.796345,102.22737000000001,190.63644,19.273727,36.796345,102.22737000000001,190.63644
2025-12-16 09:00:00+00:00,long_dry,final_eval,0.0,0.0,0.0,999,9,1,12,2025-50,10,1,12,11,1,12,12,1,12,15,1,12,28.910545,91.54842,101.29248000000001,-18.19992000000002,28.910545,91.54842,101.29248000000001,18.19992000000002
2025-12-16 10:00:00+00:00,long_dry,final_eval,0.0,0.0,0.0,999,10,1,12,2025-50,11,1,12,12,1,12,13,1,12,16,1,12,77.48422,117.33398,362.37145999999996,-67.26535000000001,77.48422,117.33398,362.37145999999996,67.26535000000001
2025-12-16 11:00:00+00:00,long_dry,final_eval,0.0,0.0,0.0,999,11,1,12,2025-50,12,1,12,13,1,12,14,1,12,17,1,12,41.903260000000046,352.5597,110.00005999999996,20.56265000000002,41.903260000000046,352.5597,110.00005999999996,20.56265000000002
2025-12-16 12:00:00+00:00,long_dry,final_eval,0.0,0.0,0.0,999,12,1,12,2025-50,13,1,12,14,1,12,15,1,12,18,1,12,377.01009999999997,163.17163,-56.20409999999998,53.60834,377.01009999999997,163.17163,56.20409999999998,53.60834
2025-12-16 13:00:00+00:00,long_dry,final_eval,0.0,0.0,0.0,999,13,1,12,2025-50,14,1,12,15,1,12,16,1,12,19,1,12,61.55913999999996,-89.33812999999998,-74.7543,36.72429999999997,61.55913999999996,89.33812999999998,74.7543,36.72429999999997
2025-12-16 14:00:00+00:00,long_dry,final_eval,0.0,0.0,0.0,999,14,1,12,2025-50,15,1,12,16,1,12,17,1,12,20,1,12,-78.04602,-89.31747000000001,-32.34066999999999,160.87969999999996,78.04602,89.31747000000001,32.34066999999999,160.87969999999996
2025-12-16 15:00:00+00:00,long_dry,final_eval,0.0,0.0,0.0,999,15,1,12,2025-50,16,1,12,17,1,12,18,1,12,21,1,12,-41.64127000000002,30.465030000000013,-2.766140000000007,248.4602,41.64127000000002,30.465030000000013,2.766140000000007,248.4602
2025-12-16 16:00:00+00:00,long_dry,final_eval,0.0,0.0,0.0,999,16,1,12,2025-50,17,1,12,18,1,12,19,1,12,22,1,12,75.07150000000001,44.66840000000002,38.72393999999997,576.4803,75.07150000000001,44.66840000000002,38.72393999999997,576.4803
2025-12-16 17:00:00+00:00,long_dry,final_eval,0.0,0.0,0.0,999,17,1,12,2025-50,18,1,12,19,1,12,20,1,12,23,1,12,-20.330929999999967,13.339230000000043,148.82309999999995,96.95169999999996,20.330929999999967,13.339230000000043,148.82309999999995,96.95169999999996
2025-12-16 18:00:00+00:00,long_dry,final_eval,0.0,0.0,0.0,999,18,1,12,2025-50,19,1,12,20,1,12,21,1,12,0,2,12,-50.08669999999995,40.42089999999996,147.12660000000005,77.21673999999996,50.08669999999995,40.42089999999996,147.12660000000005,77.21673999999996
2025-12-16 19:00:00+00:00,long_dry,final_eval,0.0,0.0,0.0,999,19,1,12,2025-50,20,1,12,21,1,12,22,1,12,1,2,12,108.64089999999999,174.65392999999995,488.78700000000003,58.54836999999998,108.64089999999999,174.65392999999995,488.78700000000003,58.54836999999998
2025-12-16 20:00:00+00:00,long_dry,final_eval,0.0,0.0,0.0,999,20,1,12,2025-50,21,1,12,22,1,12,23,1,12,2,2,12,-30.299300000000017,257.7913000000001,114.74950000000001,36.05266999999998,30.299300000000017,257.7913000000001,114.74950000000001,36.05266999999998
2025-12-16 21:00:00+00:00,long_dry,final_eval,0.0,0.0,0.0,999,21,1,12,2025-50,22,1,12,23,1,12,0,2,12,3,2,12,245.3610000000001,8.537199999999984,-66.47675000000004,37.642030000000005,245.3610000000001,8.537199999999984,66.47675000000004,37.642030000000005
2025-12-16 22:00:00+00:00,long_dry,final_eval,0.0,0.0,0.0,999,22,1,12,2025-50,23,1,12,0,2,12,1,2,12,4,2,12,-77.02119999999991,-178.46173,-162.63080000000002,-3.7641000000000133,77.02119999999991,178.46173,162.63080000000002,3.7641000000000133
2025-12-16 23:00:00+00:00,long_dry,final_eval,0.0,0.0,0.0,999,23,1,12,2025-50,0,2,12,1,2,12,2,2,12,5,2,12,-130.40967,-157.24663999999996,-20.27908000000002,10.253010000000003,130.40967,157.24663999999996,20.27908000000002,10.253010000000003
2025-12-17 00:00:00+00:00,long_dry,final_eval,0.0,0.0,0.0,999,0,2,12,2025-50,1,2,12,2,2,12,3,2,12,6,2,12,-32.13828000000001,68.91622999999998,69.40938,-0.3618400000000008,32.13828000000001,68.91622999999998,69.40938,0.3618400000000008
2025-12-17 01:00:00+00:00,long_dry,final_eval,0.0,0.0,0.0,999,1,2,12,2025-50,2,2,12,3,2,12,4,2,12,7,2,12,76.14868000000001,50.83408,23.775380000000013,-7.952715000000001,76.14868000000001,50.83408,23.775380000000013,7.952715000000001
2025-12-17 02:00:00+00:00,long_dry,final_eval,0.0,0.0,0.0,999,2,2,12,2025-50,3,2,12,4,2,12,5,2,12,8,2,12,-7.604030000000023,2.17598000000001,7.624709999999993,-2.9855519999999984,7.604030000000023,2.17598000000001,7.624709999999993,2.9855519999999984
2025-12-17 03:00:00+00:00,long_dry,final_eval,0.0,0.0,0.0,999,3,2,12,2025-50,4,2,12,5,2,12,6,2,12,9,2,12,9.893360000000001,7.637789999999995,1.6995959999999997,8.787189999999999,9.893360000000001,7.637789999999995,1.6995959999999997,8.787189999999999
2025-12-17 04:00:00+00:00,long_dry,final_eval,0.0,0.0,0.0,999,4,2,12,2025-50,5,2,12,6,2,12,7,2,12,10,2,12,10.699969999999993,4.769703,-7.573156000000001,32.037025,10.699969999999993,4.769703,7.573156000000001,32.037025
2025-12-17 05:00:00+00:00,long_dry,final_eval,0.0,0.0,0.0,999,5,2,12,2025-50,6,2,12,7,2,12,8,2,12,11,2,12,5.589615000000002,-5.760324000000001,-5.375677,75.35131999999999,5.589615000000002,5.760324000000001,5.375677,75.35131999999999
2025-12-17 06:00:00+00:00,long_dry,final_eval,0.0,0.0,0.0,999,6,2,12,2025-50,7,2,12,8,2,12,9,2,12,12,2,12,-4.487863999999998,-3.5727350000000015,10.552914000000001,158.61446999999998,4.487863999999998,3.5727350000000015,10.552914000000001,158.61446999999998
2025-12-17 07:00:00+00:00,long_dry,final_eval,0.0,0.0,0.0,999,7,2,12,2025-50,8,2,12,9,2,12,10,2,12,13,2,12,-3.75995,6.250731999999999,42.76742,410.09159999999997,3.75995,6.250731999999999,42.76742,410.09159999999997
2025-12-17 08:00:00+00:00,long_dry,final_eval,0.0,0.0,0.0,999,8,2,12,2025-50,9,2,12,10,2,12,11,2,12,14,2,12,7.6207139999999995,47.752489999999995,91.98022,80.70989999999995,7.6207139999999995,47.752489999999995,91.98022,80.70989999999995
2025-12-17 09:00:00+00:00,long_dry,final_eval,0.0,0.0,0.0,999,9,2,12,2025-50,10,2,12,11,2,12,12,2,12,15,2,12,36.489639999999994,65.57881,85.05989999999997,-7.008330000000001,36.489639999999994,65.57881,85.05989999999997,7.008330000000001
2025-12-17 10:00:00+00:00,long_dry,final_eval,0.0,0.0,0.0,999,10,2,12,2025-50,11,2,12,12,2,12,13,2,12,16,2,12,-8.484899999999982,54.969299999999976,457.0317,-71.49950000000001,8.484899999999982,54.969299999999976,457.0317,71.49950000000001
2025-12-17 11:00:00+00:00,long_dry,final_eval,0.0,0.0,0.0,999,11,2,12,2025-50,12,2,12,13,2,12,14,2,12,17,2,12,47.41949999999997,465.5547,50.95183999999995,-55.73419999999999,47.41949999999997,465.5547,50.95183999999995,55.73419999999999
2025-12-17 12:00:00+00:00,long_dry,final_eval,0.0,0.0,0.0,999,12,2,12,2025-50,13,2,12,14,2,12,15,2,12,18,2,12,441.14509999999996,63.12080000000003,-104.77549999999997,30.341000000000008,441.14509999999996,63.12080000000003,104.77549999999997,30.341000000000008
2025-12-17 13:00:00+00:00,long_dry,final_eval,0.0,0.0,0.0,999,13,2,12,2025-50,14,2,12,15,2,12,16,2,12,19,2,12,-36.38415999999995,-143.99599999999998,-86.89386000000002,-28.95123000000001,36.38415999999995,143.99599999999998,86.89386000000002,28.95123000000001
2025-12-17 14:00:00+00:00,long_dry,final_eval,0.0,0.0,0.0,999,14,2,12,2025-50,15,2,12,16,2,12,17,2,12,20,2,12,-89.98429999999996,-85.23694,-100.91643999999997,198.87743999999998,89.98429999999996,85.23694,100.91643999999997,198.87743999999998
2025-12-17 15:00:00+00:00,long_dry,final_eval,0.0,0.0,0.0,999,15,2,12,2025-50,16,2,12,17,2,12,18,2,12,21,2,12,-23.946259999999995,-3.556950000000029,-11.56619999999998,251.55205999999998,23.946259999999995,3.556950000000029,11.56619999999998,251.55205999999998
2025-12-17 16:00:00+00:00,long_dry,final_eval,0.0,0.0,0.0,999,16,2,12,2025-50,17,2,12,18,2,12,19,2,12,22,2,12,14.556179999999983,35.658500000000004,-21.385800000000017,583.6002,14.556179999999983,35.658500000000004,21.385800000000017,583.6002
2025-12-17 17:00:00+00:00,long_dry,final_eval,0.0,0.0,0.0,999,17,2,12,2025-50,18,2,12,19,2,12,20,2,12,23,2,12,26.427059999999983,20.00509999999997,271.08900000000006,232.55880000000002,26.427059999999983,20.00509999999997,271.08900000000006,232.55880000000002
2025-12-17 18:00:00+00:00,long_dry,final_eval,0.0,0.0,0.0,999,18,2,12,2025-50,19,2,12,20,2,12,21,2,12,0,3,12,-88.09124999999995,89.20336999999995,206.36455999999998,176.5802,88.09124999999995,89.20336999999995,206.36455999999998,176.5802
2025-12-17 19:00:00+00:00,long_dry,final_eval,0.0,0.0,0.0,999,19,2,12,2025-50,20,2,12,21,2,12,22,2,12,1,3,12,241.88214000000005,325.2563,604.5233,40.76616999999999,241.88214000000005,325.2563,604.5233,40.76616999999999
2025-12-17 20:00:00+00:00,long_dry,final_eval,0.0,0.0,0.0,999,20,2,12,2025-50,21,2,12,22,2,12,23,2,12,2,3,12,64.29459999999995,346.65599999999995,222.90283,57.50459999999998,64.29459999999995,346.65599999999995,222.90283,57.50459999999998
2025-12-17 21:00:00+00:00,long_dry,final_eval,0.0,0.0,0.0,999,21,2,12,2025-50,22,2,12,23,2,12,0,3,12,3,3,12,369.3146999999999,129.95450000000005,50.89459999999997,32.64931999999999,369.3146999999999,129.95450000000005,50.89459999999997,32.64931999999999
2025-12-17 22:00:00+00:00,long_dry,final_eval,0.0,0.0,0.0,999,22,2,12,2025-50,23,2,12,0,3,12,1,3,12,4,3,12,85.62290000000007,-27.415830000000028,-133.84686,38.68315000000001,85.62290000000007,27.415830000000028,133.84686,38.68315000000001
2025-12-17 23:00:00+00:00,long_dry,final_eval,0.0,0.0,0.0,999,23,2,12,2025-50,0,3,12,1,3,12,2,3,12,5,3,12,-53.492200000000025,-192.32183999999995,-33.59119999999996,4.816599999999994,53.492200000000025,192.32183999999995,33.59119999999996,4.816599999999994
2025-12-18 00:00:00+00:00,long_dry,final_eval,0.0,0.0,0.0,999,0,3,12,2025-50,1,3,12,2,3,12,3,3,12,6,3,12,-93.96479999999997,37.069849999999974,31.95535000000001,-11.110509999999998,93.96479999999997,37.069849999999974,31.95535000000001,11.110509999999998
2025-12-18 01:00:00+00:00,long_dry,final_eval,0.0,0.0,0.0,999,1,3,12,2025-50,2,3,12,3,3,12,4,3,12,7,3,12,85.62094000000002,50.11133000000001,73.25049000000001,-9.09046,85.62094000000002,50.11133000000001,73.25049000000001,9.09046
2025-12-18 02:00:00+00:00,long_dry,final_eval,0.0,0.0,0.0,999,2,3,12,2025-50,3,3,12,4,3,12,5,3,12,8,3,12,10.753269999999986,62.32572999999999,11.941055000000006,-5.497786000000001,10.753269999999986,62.32572999999999,11.941055000000006,5.497786000000001
2025-12-18 03:00:00+00:00,long_dry,final_eval,0.0,0.0,0.0,999,3,3,12,2025-50,4,3,12,5,3,12,6,3,12,9,3,12,64.20978,13.833420000000004,-1.3857769999999974,7.222092,64.20978,13.833420000000004,1.3857769999999974,7.222092
2025-12-18 04:00:00+00:00,long_dry,final_eval,0.0,0.0,0.0,999,4,3,12,2025-50,5,3,12,6,3,12,7,3,12,10,3,12,-13.670730000000006,-6.241557999999998,-8.981169999999999,50.8716,13.670730000000006,6.241557999999998,8.981169999999999,50.8716
2025-12-18 05:00:00+00:00,long_dry,final_eval,0.0,0.0,0.0,999,5,3,12,2025-50,6,3,12,7,3,12,8,3,12,11,3,12,3.4186359999999993,-2.6709229999999984,-5.262245,54.266250000000014,3.4186359999999993,2.6709229999999984,5.262245,54.266250000000014
2025-12-18 06:00:00+00:00,long_dry,final_eval,0.0,0.0,0.0,999,6,3,12,2025-50,7,3,12,8,3,12,9,3,12,12,3,12,-0.8229240000000004,-2.9473780000000005,10.577518000000001,82.48950000000002,0.8229240000000004,2.9473780000000005,10.577518000000001,82.48950000000002
2025-12-18 07:00:00+00:00,long_dry,final_eval,0.0,0.0,0.0,999,7,3,12,2025-50,8,3,12,9,3,12,10,3,12,13,3,12,-3.9147399999999983,6.384879999999999,53.60386,354.2822,3.9147399999999983,6.384879999999999,53.60386,354.2822
2025-12-18 08:00:00+00:00,long_dry,final_eval,0.0,0.0,0.0,999,8,3,12,2025-50,9,3,12,10,3,12,11,3,12,14,3,12,7.771930000000001,59.53883999999999,100.32149999999999,39.42399999999998,7.771930000000001,59.53883999999999,100.32149999999999,39.42399999999998
2025-12-18 09:00:00+00:00,long_dry,final_eval,0.0,0.0,0.0,999,9,3,12,2025-50,10,3,12,11,3,12,12,3,12,15,3,12,48.99728,81.23991000000001,97.29363999999998,-32.36394999999999,48.99728,81.23991000000001,97.29363999999998,32.36394999999999
2025-12-18 10:00:00+00:00,long_dry,final_eval,0.0,0.0,0.0,999,10,3,12,2025-50,11,3,12,12,3,12,13,3,12,16,3,12,-17.50684000000001,11.113200000000006,405.4556,-68.10080000000005,17.50684000000001,11.113200000000006,405.4556,68.10080000000005
2025-12-18 11:00:00+00:00,long_dry,final_eval,0.0,0.0,0.0,999,11,3,12,2025-50,12,3,12,13,3,12,14,3,12,17,3,12,5.326659999999947,422.20640000000003,-12.089399999999955,13.472200000000043,5.326659999999947,422.20640000000003,12.089399999999955,13.472200000000043
2025-12-18 12:00:00+00:00,long_dry,final_eval,0.0,0.0,0.0,999,12,3,12,2025-50,13,3,12,14,3,12,15,3,12,18,3,12,412.52734,6.97709999999995,-140.08765000000005,74.60770000000002,412.52734,6.97709999999995,140.08765000000005,74.60770000000002
2025-12-18 13:00:00+00:00,long_dry,final_eval,0.0,0.0,0.0,999,13,3,12,2025-50,14,3,12,15,3,12,16,3,12,19,3,12,-84.80853000000002,-158.33389999999997,-71.10406,-13.74369999999999,84.80853000000002,158.33389999999997,71.10406,13.74369999999999
2025-12-18 14:00:00+00:00,long_dry,final_eval,0.0,0.0,0.0,999,14,3,12,2025-50,15,3,12,16,3,12,17,3,12,20,3,12,-82.64880000000005,-57.26873999999998,-29.038900000000012,270.554,82.64880000000005,57.26873999999998,29.038900000000012,270.554
2025-12-18 15:00:00+00:00,long_dry,final_eval,0.0,0.0,0.0,999,15,3,12,2025-50,16,3,12,17,3,12,18,3,12,21,3,12,1.90300000000002,68.63885000000005,48.10140000000001,343.39160000000004,1.90300000000002,68.63885000000005,48.10140000000001,343.39160000000004
2025-12-18 16:00:00+00:00,long_dry,final_eval,0.0,0.0,0.0,999,16,3,12,2025-50,17,3,12,18,3,12,19,3,12,22,3,12,40.83579999999995,62.47844999999995,-35.53430000000003,501.38509999999997,40.83579999999995,62.47844999999995,35.53430000000003,501.38509999999997
2025-12-18 17:00:00+00:00,long_dry,final_eval,0.0,0.0,0.0,999,17,3,12,2025-50,18,3,12,19,3,12,20,3,12,23,3,12,33.801939999999945,-9.548459999999977,296.88306,109.18080000000009,33.801939999999945,9.548459999999977,296.88306,109.18080000000009
2025-12-18 18:00:00+00:00,long_dry,final_eval,0.0,0.0,0.0,999,18,3,12,2025-50,19,3,12,20,3,12,21,3,12,0,4,12,-176.33870000000002,69.82934999999998,211.78819999999996,-26.646240000000034,176.33870000000002,69.82934999999998,211.78819999999996,26.646240000000034
2025-12-18 19:00:00+00:00,long_dry,final_eval,0.0,0.0,0.0,999,19,3,12,2025-50,20,3,12,21,3,12,22,3,12,1,4,12,264.35209999999995,384.8914,539.02423,-92.91723999999999,264.35209999999995,384.8914,539.02423,92.91723999999999
2025-12-18 20:00:00+00:00,long_dry,final_eval,0.0,0.0,0.0,999,20,3,12,2025-50,21,3,12,22,3,12,23,3,12,2,4,12,72.28590000000008,245.88570000000004,123.38149999999996,-152.73586999999998,72.28590000000008,245.88570000000004,123.38149999999996,152.73586999999998
2025-12-18 21:00:00+00:00,long_dry,final_eval,0.0,0.0,0.0,999,21,3,12,2025-50,22,3,12,23,3,12,0,4,12,3,4,12,261.70540000000005,-9.577399999999898,-168.89594,-70.89163000000002,261.70540000000005,9.577399999999898,168.89594,70.89163000000002
2025-12-18 22:00:00+00:00,long_dry,final_eval,0.0,0.0,0.0,999,22,3,12,2025-50,23,3,12,0,4,12,1,4,12,4,4,12,7.567500000000109,-219.56910000000005,-285.0259,-49.05785,7.567500000000109,219.56910000000005,285.0259,49.05785
2025-12-18 23:00:00+00:00,long_dry,final_eval,0.0,0.0,0.0,999,23,3,12,2025-50,0,4,12,1,4,12,2,4,12,5,4,12,-225.09040000000005,-342.86334,-238.47393999999997,11.101010000000002,225.09040000000005,342.86334,238.47393999999997,11.101010000000002
2025-12-19 17:00:00+00:00,recovery,final_eval,0.0,11.6,17.2,1,17,4,12,2025-50,18,4,12,19,4,12,20,4,12,23,4,12,-24.88415999999995,42.13214000000005,290.95989999999995,-160.89764000000002,24.88415999999995,42.13214000000005,290.95989999999995,160.89764000000002
2025-12-19 18:00:00+00:00,recovery,final_eval,0.0,11.299999999999999,17.2,2,18,4,12,2025-50,19,4,12,20,4,12,21,4,12,0,5,12,60.34393,280.19949999999994,174.88214000000005,-103.16489999999999,60.34393,280.19949999999994,174.88214000000005,103.16489999999999
2025-12-19 20:00:00+00:00,recovery,final_eval,0.0,9.999999999999998,17.299999999999997,1,20,4,12,2025-50,21,4,12,22,4,12,23,4,12,2,5,12,8.632700000000114,-62.55359999999996,-258.23310000000004,-177.84912000000003,8.632700000000114,62.55359999999996,258.23310000000004,177.84912000000003
2025-12-19 21:00:00+00:00,recovery,final_eval,0.0,8.299999999999999,17.299999999999997,2,21,4,12,2025-50,22,4,12,23,4,12,0,5,12,3,5,12,175.16430000000003,-112.14733999999999,-182.18975999999998,-25.873100000000022,175.16430000000003,112.14733999999999,182.18975999999998,25.873100000000022
2025-12-19 22:00:00+00:00,recovery,final_eval,0.0,6.6,17.299999999999997,3,22,4,12,2025-50,23,4,12,0,5,12,1,5,12,4,5,12,-173.79926,-220.01469999999995,-291.2884,70.65895,173.79926,220.01469999999995,291.2884,70.65895
2025-12-20 20:00:00+00:00,long_dry,final_eval,0.0,0.0,0.0,999,20,5,12,2025-50,21,5,12,22,5,12,23,5,12,2,6,12,-147.11414000000002,-247.83514000000002,-321.3745,-168.84447999999998,147.11414000000002,247.83514000000002,321.3745,168.84447999999998
2025-12-20 21:00:00+00:00,long_dry,final_eval,0.0,0.0,0.0,999,21,5,12,2025-50,22,5,12,23,5,12,0,6,12,3,6,12,-119.09375,-204.25616000000002,-214.99303999999995,-70.91052000000002,119.09375,204.25616000000002,214.99303999999995,70.91052000000002
2025-12-20 22:00:00+00:00,long_dry,final_eval,0.0,0.0,0.0,999,22,5,12,2025-50,23,5,12,0,6,12,1,6,12,4,6,12,29.04788000000002,24.534299999999973,-6.682299999999998,93.88990000000001,29.04788000000002,24.534299999999973,6.682299999999998,93.88990000000001
2025-12-20 23:00:00+00:00,long_dry,final_eval,0.0,0.0,0.0,999,23,5,12,2025-50,0,6,12,1,6,12,2,6,12,5,6,12,-38.143399999999986,-31.04820000000001,25.127749999999992,111.49735,38.143399999999986,31.04820000000001,25.127749999999992,111.49735
2025-12-21 00:00:00+00:00,long_dry,final_eval,0.0,0.0,0.0,999,0,6,12,2025-51,1,6,12,2,6,12,3,6,12,6,6,12,-102.25207999999998,-32.14589999999998,21.050779999999975,48.693016,102.25207999999998,32.14589999999998,21.050779999999975,48.693016
2025-12-21 01:00:00+00:00,long_dry,final_eval,0.0,0.0,0.0,999,1,6,12,2025-51,2,6,12,3,6,12,4,6,12,7,6,12,0.6173400000000129,32.18440000000001,96.76375999999999,36.722095,0.6173400000000129,32.18440000000001,96.76375999999999,36.722095
2025-12-21 02:00:00+00:00,long_dry,final_eval,0.0,0.0,0.0,999,2,6,12,2025-51,3,6,12,4,6,12,5,6,12,8,6,12,35.42401000000001,88.35642999999999,79.18281999999999,14.238598000000003,35.42401000000001,88.35642999999999,79.18281999999999,14.238598000000003
2025-12-21 03:00:00+00:00,long_dry,final_eval,0.0,0.0,0.0,999,3,6,12,2025-51,4,6,12,5,6,12,6,6,12,9,6,12,78.23849999999999,73.28030000000001,22.59402,0.030300000000000438,78.23849999999999,73.28030000000001,22.59402,0.030300000000000438
2025-12-21 04:00:00+00:00,long_dry,final_eval,0.0,0.0,0.0,999,4,6,12,2025-51,5,6,12,6,6,12,7,6,12,10,6,12,14.00227000000001,8.431709999999995,24.402100000000004,-3.400649999999999,14.00227000000001,8.431709999999995,24.402100000000004,3.400649999999999
2025-12-21 05:00:00+00:00,long_dry,final_eval,0.0,0.0,0.0,999,5,6,12,2025-51,6,6,12,7,6,12,8,6,12,11,6,12,-9.662080000000003,19.403274999999994,10.686886000000001,-7.278790000000001,9.662080000000003,19.403274999999994,10.686886000000001,7.278790000000001
2025-12-21 06:00:00+00:00,long_dry,final_eval,0.0,0.0,0.0,999,6,6,12,2025-51,7,6,12,8,6,12,9,6,12,12,6,12,36.221424,16.664253000000002,0.4103360000000009,-134.7852,36.221424,16.664253000000002,0.4103360000000009,134.7852
2025-12-21 07:00:00+00:00,long_dry,final_eval,0.0,0.0,0.0,999,7,6,12,2025-51,8,6,12,9,6,12,10,6,12,13,6,12,17.591403999999997,-3.2619630000000015,-3.3043559999999985,-269.09424,17.591403999999997,3.2619630000000015,3.3043559999999985,269.09424
2025-12-21 08:00:00+00:00,long_dry,final_eval,0.0,0.0,0.0,999,8,6,12,2025-51,9,6,12,10,6,12,11,6,12,14,6,12,-2.260338000000001,1.880189999999999,-18.915670000000006,-175.60144000000003,2.260338000000001,1.880189999999999,18.915670000000006,175.60144000000003
2025-12-21 09:00:00+00:00,long_dry,final_eval,0.0,0.0,0.0,999,9,6,12,2025-51,10,6,12,11,6,12,12,6,12,15,6,12,2.4059140000000028,-21.29392,-124.91745,-122.88869999999997,2.4059140000000028,21.29392,124.91745,122.88869999999997
2025-12-21 10:00:00+00:00,long_dry,final_eval,0.0,0.0,0.0,999,10,6,12,2025-51,11,6,12,12,6,12,13,6,12,16,6,12,-10.54786,-108.76374999999999,-170.8082,-19.856400000000008,10.54786,108.76374999999999,170.8082,19.856400000000008
2025-12-21 11:00:00+00:00,long_dry,final_eval,0.0,0.0,0.0,999,11,6,12,2025-51,12,6,12,13,6,12,14,6,12,17,6,12,-29.175099999999986,-69.21710000000002,-53.44670000000002,40.68190000000004,29.175099999999986,69.21710000000002,53.44670000000002,40.68190000000004
2025-12-21 12:00:00+00:00,long_dry,final_eval,0.0,0.0,0.0,999,12,6,12,2025-51,13,6,12,14,6,12,15,6,12,18,6,12,-4.242750000000001,32.197720000000004,34.72586000000001,-41.273199999999974,4.242750000000001,32.197720000000004,34.72586000000001,41.273199999999974
2025-12-21 13:00:00+00:00,long_dry,final_eval,0.0,0.0,0.0,999,13,6,12,2025-51,14,6,12,15,6,12,16,6,12,19,6,12,4.995819999999981,-26.277559999999994,-8.745850000000019,-109.41895,4.995819999999981,26.277559999999994,8.745850000000019,109.41895
2025-12-21 14:00:00+00:00,long_dry,final_eval,0.0,0.0,0.0,999,14,6,12,2025-51,15,6,12,16,6,12,17,6,12,20,6,12,-94.9819,-71.73816,-43.85140000000001,-113.86609999999996,94.9819,71.73816,43.85140000000001,113.86609999999996
2025-12-21 15:00:00+00:00,long_dry,final_eval,0.0,0.0,0.0,999,15,6,12,2025-51,16,6,12,17,6,12,18,6,12,21,6,12,-52.16594999999995,-1.7978500000000395,-101.44659999999999,-116.73919999999998,52.16594999999995,1.7978500000000395,101.44659999999999,116.73919999999998
2025-12-21 16:00:00+00:00,long_dry,final_eval,0.0,0.0,0.0,999,16,6,12,2025-51,17,6,12,18,6,12,19,6,12,22,6,12,28.771499999999946,-49.828250000000025,-78.28219999999999,-214.62176999999997,28.771499999999946,49.828250000000025,78.28219999999999,214.62176999999997
2025-12-21 17:00:00+00:00,long_dry,final_eval,0.0,0.0,0.0,999,17,6,12,2025-51,18,6,12,19,6,12,20,6,12,23,6,12,-45.92769999999996,-47.82245,-20.681699999999978,-292.31934,45.92769999999996,47.82245,20.681699999999978,292.31934
2025-12-21 18:00:00+00:00,long_dry,final_eval,0.0,0.0,0.0,999,18,6,12,2025-51,19,6,12,20,6,12,21,6,12,0,0,12,47.34105999999997,57.63196000000005,-11.699899999999957,-223.89956999999998,47.34105999999997,57.63196000000005,11.699899999999957,223.89956999999998
2025-12-21 19:00:00+00:00,long_dry,final_eval,0.0,0.0,0.0,999,19,6,12,2025-51,20,6,12,21,6,12,22,6,12,1,0,12,43.127399999999966,-42.488200000000006,-204.98676,-207.63330000000002,43.127399999999966,42.488200000000006,204.98676,207.63330000000002
2025-12-21 20:00:00+00:00,long_dry,final_eval,0.0,0.0,0.0,999,20,6,12,2025-51,21,6,12,22,6,12,23,6,12,2,0,12,-12.829830000000015,-159.42395,-172.91724,-42.48248000000001,12.829830000000015,159.42395,172.91724,42.48248000000001
2025-12-21 21:00:00+00:00,long_dry,final_eval,0.0,0.0,0.0,999,21,6,12,2025-51,22,6,12,23,6,12,0,0,12,3,0,12,-15.863100000000031,-42.96940000000001,-129.40627999999998,17.78232,15.863100000000031,42.96940000000001,129.40627999999998,17.78232
2025-12-21 22:00:00+00:00,long_dry,final_eval,0.0,0.0,0.0,999,22,6,12,2025-51,23,6,12,0,0,12,1,0,12,4,0,12,-7.477660000000014,-74.7543,-89.28357,1.9209800000000001,7.477660000000014,74.7543,89.28357,1.9209800000000001
2025-12-21 23:00:00+00:00,long_dry,final_eval,0.0,0.0,0.0,999,23,6,12,2025-51,0,0,12,1,0,12,2,0,12,5,0,12,-121.13254,-98.08316000000002,71.94336999999999,14.289745000000003,121.13254,98.08316000000002,71.94336999999999,14.289745000000003
2025-12-22 00:00:00+00:00,long_dry,final_eval,0.0,0.0,0.0,999,0,0,12,2025-51,1,0,12,2,0,12,3,0,12,6,0,12,-99.84845000000001,79.24619000000001,99.85603,9.272590000000001,99.84845000000001,79.24619000000001,99.85603,9.272590000000001
2025-12-22 01:00:00+00:00,long_dry,final_eval,0.0,0.0,0.0,999,1,0,12,2025-51,2,0,12,3,0,12,4,0,12,7,0,12,50.456439999999986,76.26955000000001,45.07566,-3.0195539999999994,50.456439999999986,76.26955000000001,45.07566,3.0195539999999994
2025-12-22 02:00:00+00:00,long_dry,final_eval,0.0,0.0,0.0,999,2,0,12,2025-51,3,0,12,4,0,12,5,0,12,8,0,12,11.33028999999999,4.312804999999997,12.638015999999993,-4.554130000000001,11.33028999999999,4.312804999999997,12.638015999999993,4.554130000000001
2025-12-22 03:00:00+00:00,long_dry,final_eval,0.0,0.0,0.0,999,3,0,12,2025-51,4,0,12,5,0,12,6,0,12,9,0,12,-4.693250000000006,6.640069999999994,7.1246069999999975,8.532858000000001,4.693250000000006,6.640069999999994,7.1246069999999975,8.532858000000001
2025-12-22 04:00:00+00:00,long_dry,final_eval,0.0,0.0,0.0,999,4,0,12,2025-51,5,0,12,6,0,12,7,0,12,10,0,12,26.469597,14.70448,-1.8305149999999983,5.7803499999999985,26.469597,14.70448,1.8305149999999983,5.7803499999999985
2025-12-22 05:00:00+00:00,long_dry,final_eval,0.0,0.0,0.0,999,5,0,12,2025-51,6,0,12,7,0,12,8,0,12,11,0,12,11.874324999999999,-1.3065169999999995,-3.7599300000000007,28.04907,11.874324999999999,1.3065169999999995,3.7599300000000007,28.04907
2025-12-22 06:00:00+00:00,long_dry,final_eval,0.0,0.0,0.0,999,6,0,12,2025-51,7,0,12,8,0,12,9,0,12,12,0,12,-0.9705939999999984,-2.3324360000000013,10.412498,-59.8073,0.9705939999999984,2.3324360000000013,10.412498,59.8073
2025-12-22 07:00:00+00:00,long_dry,final_eval,0.0,0.0,0.0,999,7,0,12,2025-51,8,0,12,9,0,12,10,0,12,13,0,12,-1.521312,7.580131999999999,12.077419999999996,-64.30413999999996,1.521312,7.580131999999999,12.077419999999996,64.30413999999996
2025-12-22 08:00:00+00:00,long_dry,final_eval,0.0,0.0,0.0,999,8,0,12,2025-51,9,0,12,10,0,12,11,0,12,14,0,12,10.248251,18.594723000000002,16.896710000000013,-62.33258000000001,10.248251,18.594723000000002,16.896710000000013,62.33258000000001
2025-12-22 09:00:00+00:00,long_dry,final_eval,0.0,0.0,0.0,999,9,0,12,2025-51,10,0,12,11,0,12,12,0,12,15,0,12,20.002795999999996,38.065200000000004,-65.35977000000003,-16.084630000000004,20.002795999999996,38.065200000000004,65.35977000000003,16.084630000000004
2025-12-22 10:00:00+00:00,long_dry,final_eval,0.0,0.0,0.0,999,10,0,12,2025-51,11,0,12,12,0,12,13,0,12,16,0,12,32.25447,-60.98962,-2.4459000000000515,15.092559999999992,32.25447,60.98962,2.4459000000000515,15.092559999999992
2025-12-22 11:00:00+00:00,long_dry,final_eval,0.0,0.0,0.0,999,11,0,12,2025-51,12,0,12,13,0,12,14,0,12,17,0,12,-64.91687000000002,1.123299999999972,-124.52013999999997,71.64999999999998,64.91687000000002,1.123299999999972,124.52013999999997,71.64999999999998
2025-12-22 12:00:00+00:00,long_dry,final_eval,0.0,0.0,0.0,999,12,0,12,2025-51,13,0,12,14,0,12,15,0,12,18,0,12,30.448820000000012,-84.08294999999998,-110.99196999999998,73.88420000000002,30.448820000000012,84.08294999999998,110.99196999999998,73.88420000000002
2025-12-22 13:00:00+00:00,long_dry,final_eval,0.0,0.0,0.0,999,13,0,12,2025-51,14,0,12,15,0,12,16,0,12,19,0,12,-131.97266000000002,-102.04775999999998,-23.386079999999993,27.78264999999999,131.97266000000002,102.04775999999998,23.386079999999993,27.78264999999999
2025-12-22 14:00:00+00:00,long_dry,final_eval,0.0,0.0,0.0,999,14,0,12,2025-51,15,0,12,16,0,12,17,0,12,20,0,12,-31.508849999999995,-3.8577999999999975,53.61563000000001,118.90200000000004,31.508849999999995,3.8577999999999975,53.61563000000001,118.90200000000004
2025-12-22 15:00:00+00:00,long_dry,final_eval,0.0,0.0,0.0,999,15,0,12,2025-51,16,0,12,17,0,12,18,0,12,21,0,12,8.646729999999991,83.50204000000002,48.30667,161.79589999999996,8.646729999999991,83.50204000000002,48.30667,161.79589999999996
2025-12-22 16:00:00+00:00,long_dry,final_eval,0.0,0.0,0.0,999,16,0,12,2025-51,17,0,12,18,0,12,19,0,12,22,0,12,79.02519999999998,74.81238000000002,3.774000000000001,-0.936649999999986,79.02519999999998,74.81238000000002,3.774000000000001,0.936649999999986
2025-12-22 17:00:00+00:00,long_dry,final_eval,0.0,0.0,0.0,999,17,0,12,2025-51,18,0,12,19,0,12,20,0,12,23,0,12,25.927249999999958,1.3733499999999594,69.71014000000002,-234.07939999999996,25.927249999999958,1.3733499999999594,69.71014000000002,234.07939999999996
2025-12-22 18:00:00+00:00,long_dry,final_eval,0.0,0.0,0.0,999,18,0,12,2025-51,19,0,12,20,0,12,21,0,12,0,1,12,5.9932999999999765,59.744699999999966,67.88869999999997,-116.16089999999997,5.9932999999999765,59.744699999999966,67.88869999999997,116.16089999999997
2025-12-22 19:00:00+00:00,long_dry,final_eval,0.0,0.0,0.0,999,19,0,12,2025-51,20,0,12,21,0,12,22,0,12,1,1,12,127.46069999999997,129.5675,50.29039999999998,-125.87743999999998,127.46069999999997,129.5675,50.29039999999998,125.87743999999998
2025-12-22 20:00:00+00:00,long_dry,final_eval,0.0,0.0,0.0,999,20,0,12,2025-51,21,0,12,22,0,12,23,0,12,2,1,12,17.822750000000042,-60.683700000000044,-176.00494000000003,-65.42038000000002,17.822750000000042,60.683700000000044,176.00494000000003,65.42038000000002
2025-12-22 21:00:00+00:00,long_dry,final_eval,0.0,0.0,0.0,999,21,0,12,2025-51,22,0,12,23,0,12,0,1,12,3,1,12,-116.61194,-289.0331,-217.35929999999996,-7.246749999999992,116.61194,289.0331,217.35929999999996,7.246749999999992
2025-12-22 22:00:00+00:00,long_dry,final_eval,0.0,0.0,0.0,999,22,0,12,2025-51,23,0,12,0,1,12,1,1,12,4,1,12,-103.12519999999995,-61.1037,-124.37407999999999,30.73205,103.12519999999995,61.1037,124.37407999999999,30.73205
2025-12-22 23:00:00+00:00,long_dry,final_eval,0.0,0.0,0.0,999,23,0,12,2025-51,0,1,12,1,1,12,2,1,12,5,1,12,17.848450000000014,-56.45116999999999,25.908980000000014,12.854210000000002,17.848450000000014,56.45116999999999,25.908980000000014,12.854210000000002
2025-12-23 00:00:00+00:00,long_dry,final_eval,0.0,0.0,0.0,999,0,1,12,2025-51,1,1,12,2,1,12,3,1,12,6,1,12,-132.08229999999998,-31.75029999999998,43.27323999999999,-15.305805,132.08229999999998,31.75029999999998,43.27323999999999,15.305805
2025-12-23 01:00:00+00:00,long_dry,final_eval,0.0,0.0,0.0,999,1,1,12,2025-51,2,1,12,3,1,12,4,1,12,7,1,12,0.2802000000000078,57.35605000000001,63.585049999999995,-18.244164,0.2802000000000078,57.35605000000001,63.585049999999995,18.244164
2025-12-23 02:00:00+00:00,long_dry,final_eval,0.0,0.0,0.0,999,2,1,12,2025-51,3,1,12,4,1,12,5,1,12,8,1,12,28.110960000000006,47.985985,16.039786999999997,-6.002946999999999,28.110960000000006,47.985985,16.039786999999997,6.002946999999999
2025-12-23 03:00:00+00:00,long_dry,final_eval,0.0,0.0,0.0,999,3,1,12,2025-51,4,1,12,5,1,12,6,1,12,9,1,12,28.38293,6.414919999999995,-11.813290000000002,5.229465000000001,28.38293,6.414919999999995,11.813290000000002,5.229465000000001
2025-12-23 04:00:00+00:00,long_dry,final_eval,0.0,0.0,0.0,999,4,1,12,2025-51,5,1,12,6,1,12,7,1,12,10,1,12,-1.3470099999999974,-13.811751999999998,-16.591118,1.3080640000000017,1.3470099999999974,13.811751999999998,16.591118,1.3080640000000017
2025-12-23 05:00:00+00:00,long_dry,final_eval,0.0,0.0,0.0,999,5,1,12,2025-51,6,1,12,7,1,12,8,1,12,11,1,12,-11.22661,-14.987663000000001,-7.231676,-11.207690000000014,11.22661,14.987663000000001,7.231676,11.207690000000014
2025-12-23 06:00:00+00:00,long_dry,final_eval,0.0,0.0,0.0,999,6,1,12,2025-51,7,1,12,8,1,12,9,1,12,12,1,12,-10.040754,-4.888938,8.438725000000002,-190.30127,10.040754,4.888938,8.438725000000002,190.30127
2025-12-23 07:00:00+00:00,long_dry,final_eval,0.0,0.0,0.0,999,7,1,12,2025-51,8,1,12,9,1,12,10,1,12,13,1,12,-3.8040629999999993,6.5182970000000005,4.574550000000002,-318.63509999999997,3.8040629999999993,6.5182970000000005,4.574550000000002,318.63509999999997
2025-12-23 08:00:00+00:00,long_dry,final_eval,0.0,0.0,0.0,999,8,1,12,2025-51,9,1,12,10,1,12,11,1,12,14,1,12,4.788408,3.5319300000000027,-86.30449999999999,-116.33877999999999,4.788408,3.5319300000000027,86.30449999999999,116.33877999999999
2025-12-23 09:00:00+00:00,long_dry,final_eval,0.0,0.0,0.0,999,9,1,12,2025-51,10,1,12,11,1,12,12,1,12,15,1,12,-1.731899999999996,-52.89332999999999,-287.60217,-62.984159999999974,1.731899999999996,52.89332999999999,287.60217,62.984159999999974
2025-12-23 16:00:00+00:00,recent_rain,final_eval,0.0,1.7000000000000002,1.7000000000000002,3,16,1,12,2025-51,17,1,12,18,1,12,19,1,12,22,1,12,-7.2552499999999895,-25.5394,25.21747000000005,-67.10846000000004,7.2552499999999895,25.5394,25.21747000000005,67.10846000000004
2025-12-23 17:00:00+00:00,recent_rain,final_eval,0.0,1.7000000000000002,1.7000000000000002,4,17,1,12,2025-51,18,1,12,19,1,12,20,1,12,23,1,12,-28.587859999999978,77.51459999999997,21.033800000000042,-254.00670000000002,28.587859999999978,77.51459999999997,21.033800000000042,254.00670000000002
2025-12-23 18:00:00+00:00,recent_rain,final_eval,0.0,1.7000000000000002,1.7000000000000002,5,18,1,12,2025-51,19,1,12,20,1,12,21,1,12,0,2,12,42.49940000000004,-36.85175000000004,-76.23689999999999,-250.34699999999998,42.49940000000004,36.85175000000004,76.23689999999999,250.34699999999998
2025-12-23 19:00:00+00:00,recent_rain,final_eval,0.0,1.7000000000000002,1.7000000000000002,6,19,1,12,2025-51,20,1,12,21,1,12,22,1,12,1,2,12,-46.393249999999966,-123.05640000000005,-143.48846000000003,-91.20724000000001,46.393249999999966,123.05640000000005,143.48846000000003,91.20724000000001
2025-12-23 20:00:00+00:00,recent_rain,final_eval,0.0,1.7000000000000002,1.7000000000000002,7,20,1,12,2025-51,21,1,12,22,1,12,23,1,12,2,2,12,35.45825000000002,-4.04729999999995,-131.83014000000003,-2.325739999999996,35.45825000000002,4.04729999999995,131.83014000000003,2.325739999999996
2025-12-23 21:00:00+00:00,recent_rain,final_eval,0.0,1.7000000000000002,1.7000000000000002,8,21,1,12,2025-51,22,1,12,23,1,12,0,2,12,3,2,12,47.97722999999996,-101.10693000000003,-159.92838,58.24301,47.97722999999996,101.10693000000003,159.92838,58.24301
2025-12-23 22:00:00+00:00,recent_rain,final_eval,0.0,1.7000000000000002,1.7000000000000002,9,22,1,12,2025-51,23,1,12,0,2,12,1,2,12,4,2,12,6.217930000000024,-66.00457999999998,-2.9017299999999864,25.930049999999994,6.217930000000024,66.00457999999998,2.9017299999999864,25.930049999999994
2025-12-23 23:00:00+00:00,recent_rain,final_eval,0.0,1.4000000000000001,1.7000000000000002,10,23,1,12,2025-51,0,2,12,1,2,12,2,2,12,5,2,12,-74.06322999999998,5.755830000000003,73.68736000000001,9.532756999999997,74.06322999999998,5.755830000000003,73.68736000000001,9.532756999999997
2025-12-24 00:00:00+00:00,recent_rain,final_eval,0.0,1.1,1.7000000000000002,11,0,2,12,2025-51,1,2,12,2,2,12,3,2,12,6,2,12,-18.7294,52.317980000000006,103.16793999999999,-0.9746299999999977,18.7294,52.317980000000006,103.16793999999999,0.9746299999999977
2025-12-24 14:00:00+00:00,long_dry,final_eval,0.0,0.0,0.0,999,14,2,12,2025-51,15,2,12,16,2,12,17,2,12,20,2,12,0.6808500000000208,41.28093999999999,62.891700000000014,106.43910000000005,0.6808500000000208,41.28093999999999,62.891700000000014,106.43910000000005
2025-12-24 15:00:00+00:00,long_dry,final_eval,0.0,0.0,0.0,999,15,2,12,2025-51,16,2,12,17,2,12,18,2,12,21,2,12,-38.273799999999994,1.3439000000000192,43.98479999999995,-153.97675000000004,38.273799999999994,1.3439000000000192,43.98479999999995,153.97675000000004
2025-12-24 16:00:00+00:00,long_dry,final_eval,0.0,0.0,0.0,999,16,2,12,2025-51,17,2,12,18,2,12,19,2,12,22,2,12,-11.230740000000026,55.57000000000005,19.10095000000001,-346.06415000000004,11.230740000000026,55.57000000000005,19.10095000000001,346.06415000000004
2025-12-24 17:00:00+00:00,long_dry,final_eval,0.0,0.0,0.0,999,17,2,12,2025-51,18,2,12,19,2,12,20,2,12,23,2,12,61.8972,56.43506000000002,32.931640000000016,-442.38775999999996,61.8972,56.43506000000002,32.931640000000016,442.38775999999996
2025-12-24 18:00:00+00:00,long_dry,final_eval,0.0,0.0,0.0,999,18,2,12,2025-51,19,2,12,20,2,12,21,2,12,0,3,12,17.41420000000005,-45.68240000000003,-249.32227,-349.9361,17.41420000000005,45.68240000000003,249.32227,349.9361
2025-12-24 19:00:00+00:00,long_dry,final_eval,0.0,0.0,0.0,999,19,2,12,2025-51,20,2,12,21,2,12,22,2,12,1,3,12,52.17705999999998,-164.13433999999995,-392.09259999999995,-206.29595999999998,52.17705999999998,164.13433999999995,392.09259999999995,206.29595999999998
2025-12-24 20:00:00+00:00,long_dry,final_eval,0.0,0.0,0.0,999,20,2,12,2025-51,21,2,12,22,2,12,23,2,12,2,3,12,-138.43370000000004,-358.10170000000005,-365.14923,-146.03582999999998,138.43370000000004,358.10170000000005,365.14923,146.03582999999998
2025-12-24 21:00:00+00:00,long_dry,final_eval,0.0,0.0,0.0,999,21,2,12,2025-51,22,2,12,23,2,12,0,3,12,3,3,12,-167.10138,-219.05239999999998,-222.21280000000002,-65.75416999999999,167.10138,219.05239999999998,222.21280000000002,65.75416999999999
2025-12-24 22:00:00+00:00,long_dry,final_eval,0.0,0.0,0.0,999,22,2,12,2025-51,23,2,12,0,3,12,1,3,12,4,3,12,-113.41860000000003,-129.7292,-84.84914,-9.489745999999997,113.41860000000003,129.7292,84.84914,9.489745999999997
2025-12-24 23:00:00+00:00,long_dry,final_eval,0.0,0.0,0.0,999,23,2,12,2025-51,0,3,12,1,3,12,2,3,12,5,3,12,-111.37894,-57.61273,-12.704700000000003,19.646194,111.37894,57.61273,12.704700000000003,19.646194
2025-12-25 00:00:00+00:00,long_dry,final_eval,0.0,0.0,0.0,999,0,3,12,2025-51,1,3,12,2,3,12,3,3,12,6,3,12,-94.26855,-26.57399000000001,20.711659999999995,-17.481679999999997,94.26855,26.57399000000001,20.711659999999995,17.481679999999997
2025-12-25 01:00:00+00:00,long_dry,final_eval,0.0,0.0,0.0,999,1,3,12,2025-51,2,3,12,3,3,12,4,3,12,7,3,12,-59.53450000000001,-0.44032000000001403,28.223569999999995,-1.7692319999999988,59.53450000000001,0.44032000000001403,28.223569999999995,1.7692319999999988
2025-12-25 02:00:00+00:00,long_dry,final_eval,0.0,0.0,0.0,999,2,3,12,2025-51,3,3,12,4,3,12,5,3,12,8,3,12,-10.126339999999999,26.948989999999995,38.465492,3.7499000000000002,10.126339999999999,26.948989999999995,38.465492,3.7499000000000002
2025-12-25 03:00:00+00:00,long_dry,final_eval,0.0,0.0,0.0,999,3,3,12,2025-51,4,3,12,5,3,12,6,3,12,9,3,12,17.986360000000005,29.960278000000002,-4.142437000000001,-9.669674,17.986360000000005,29.960278000000002,4.142437000000001,9.669674
2025-12-25 04:00:00+00:00,long_dry,final_eval,0.0,0.0,0.0,999,4,3,12,2025-51,5,3,12,6,3,12,7,3,12,10,3,12,34.16449,-3.426988999999999,5.353971000000001,-28.857315,34.16449,3.426988999999999,5.353971000000001,28.857315
2025-12-25 05:00:00+00:00,long_dry,final_eval,0.0,0.0,0.0,999,5,3,12,2025-51,6,3,12,7,3,12,8,3,12,11,3,12,-11.910075999999997,1.9884799999999991,2.7129119999999993,-77.9299,11.910075999999997,1.9884799999999991,2.7129119999999993,77.9299
2025-12-25 06:00:00+00:00,long_dry,final_eval,0.0,0.0,0.0,999,6,3,12,2025-51,7,3,12,8,3,12,9,3,12,12,3,12,8.99605,7.057556999999999,0.11000250000000023,-267.34845,8.99605,7.057556999999999,0.11000250000000023,267.34845
2025-12-25 07:00:00+00:00,long_dry,final_eval,0.0,0.0,0.0,999,7,3,12,2025-51,8,3,12,9,3,12,10,3,12,13,3,12,4.073461999999999,-4.106998000000001,-23.061369999999997,-470.20885999999996,4.073461999999999,4.106998000000001,23.061369999999997,470.20885999999996
2025-12-25 08:00:00+00:00,long_dry,final_eval,0.0,0.0,0.0,999,8,3,12,2025-51,9,3,12,10,3,12,11,3,12,14,3,12,-3.667062999999999,-19.918564000000003,-104.53082,-363.17206,3.667062999999999,19.918564000000003,104.53082,363.17206
2025-12-25 09:00:00+00:00,long_dry,final_eval,0.0,0.0,0.0,999,9,3,12,2025-51,10,3,12,11,3,12,12,3,12,15,3,12,-11.959685999999998,-77.91629,-210.69279999999998,-249.67953,11.959685999999998,77.91629,210.69279999999998,249.67953
2025-12-25 10:00:00+00:00,long_dry,final_eval,0.0,0.0,0.0,999,10,3,12,2025-51,11,3,12,12,3,12,13,3,12,16,3,12,-40.895775,-168.43274,-320.05664,-185.5607,40.895775,168.43274,320.05664,185.5607
2025-12-25 11:00:00+00:00,long_dry,final_eval,0.0,0.0,0.0,999,11,3,12,2025-51,12,3,12,13,3,12,14,3,12,17,3,12,-19.270454,-153.54195,-255.54053,-136.80405000000002,19.270454,153.54195,255.54053,136.80405000000002
2025-12-25 12:00:00+00:00,long_dry,final_eval,0.0,0.0,0.0,999,12,3,12,2025-51,13,3,12,14,3,12,15,3,12,18,3,12,-48.6695,-152.38223,-228.40695,-78.5043,48.6695,152.38223,228.40695,78.5043
2025-12-25 13:00:00+00:00,long_dry,final_eval,0.0,0.0,0.0,999,13,3,12,2025-51,14,3,12,15,3,12,16,3,12,19,3,12,5.457449999999994,-48.72261,-98.13396999999998,-98.52890000000002,5.457449999999994,48.72261,98.13396999999998,98.52890000000002
2025-12-25 14:00:00+00:00,long_dry,final_eval,0.0,0.0,0.0,999,14,3,12,2025-51,15,3,12,16,3,12,17,3,12,20,3,12,-23.94255000000001,-51.96652,-24.415219999999977,-72.65753000000001,23.94255000000001,51.96652,24.415219999999977,72.65753000000001
2025-12-25 15:00:00+00:00,long_dry,final_eval,0.0,0.0,0.0,999,15,3,12,2025-51,16,3,12,17,3,12,18,3,12,21,3,12,-66.73517000000001,-30.578919999999982,12.473479999999995,-72.09750000000003,66.73517000000001,30.578919999999982,12.473479999999995,72.09750000000003
2025-12-27 02:00:00+00:00,recovery,final_eval,0.0,5.199999999999999,5.199999999999999,1,2,5,12,2025-51,3,5,12,4,5,12,5,5,12,8,5,12,23.453810000000004,20.65423,11.916210000000007,10.145762999999999,23.453810000000004,20.65423,11.916210000000007,10.145762999999999
2025-12-27 03:00:00+00:00,recovery,final_eval,0.0,5.199999999999999,5.199999999999999,2,3,5,12,2025-51,4,5,12,5,5,12,6,5,12,9,5,12,5.912260000000003,-6.257255999999998,-1.5139539999999982,-0.7634329999999991,5.912260000000003,6.257255999999998,1.5139539999999982,0.7634329999999991
2025-12-27 04:00:00+00:00,recovery,final_eval,0.0,5.199999999999999,5.199999999999999,3,4,5,12,2025-51,5,5,12,6,5,12,7,5,12,10,5,12,22.862740000000002,22.827137,5.765136999999999,-3.5220259999999968,22.862740000000002,22.827137,5.765136999999999,3.5220259999999968
2025-12-28 02:00:00+00:00,long_dry,final_eval,0.0,0.0,0.0,999,2,6,12,2025-52,3,6,12,4,6,12,5,6,12,8,6,12,25.77077,62.44588,39.52553,-3.0838259999999984,25.77077,62.44588,39.52553,3.0838259999999984
2025-12-28 03:00:00+00:00,long_dry,final_eval,0.0,0.0,0.0,999,3,6,12,2025-52,4,6,12,5,6,12,6,6,12,9,6,12,46.47103999999999,19.633705000000006,23.059250000000006,8.508892,46.47103999999999,19.633705000000006,23.059250000000006,8.508892
2025-12-28 04:00:00+00:00,long_dry,final_eval,0.0,0.0,0.0,999,4,6,12,2025-52,5,6,12,6,6,12,7,6,12,10,6,12,-0.006290000000007012,29.559610000000006,44.465794,1.7634219999999985,0.006290000000007012,29.559610000000006,44.465794,1.7634219999999985
2025-12-28 05:00:00+00:00,long_dry,final_eval,0.0,0.0,0.0,999,5,6,12,2025-52,6,6,12,7,6,12,8,6,12,11,6,12,36.53339,42.42351,-4.9509219999999985,-10.367995999999998,36.53339,42.42351,4.9509219999999985,10.367995999999998
2025-12-28 06:00:00+00:00,long_dry,final_eval,0.0,0.0,0.0,999,6,6,12,2025-52,7,6,12,8,6,12,9,6,12,12,6,12,33.82655,-8.375368000000002,10.457418,-42.927760000000006,33.82655,8.375368000000002,10.457418,42.927760000000006
2025-12-28 07:00:00+00:00,long_dry,final_eval,0.0,0.0,0.0,999,7,6,12,2025-52,8,6,12,9,6,12,10,6,12,13,6,12,-13.143196000000003,1.2632100000000008,-14.082413000000003,-102.91504,13.143196000000003,1.2632100000000008,14.082413000000003,102.91504
2025-12-28 08:00:00+00:00,long_dry,final_eval,0.0,0.0,0.0,999,8,6,12,2025-52,9,6,12,10,6,12,11,6,12,14,6,12,15.002387,6.279077999999998,-14.371099999999998,-155.29129999999998,15.002387,6.279077999999998,14.371099999999998,155.29129999999998
2025-12-28 09:00:00+00:00,long_dry,final_eval,0.0,0.0,0.0,999,9,6,12,2025-52,10,6,12,11,6,12,12,6,12,15,6,12,-4.083039999999997,-25.689155999999997,-135.19054,-84.21361999999999,4.083039999999997,25.689155999999997,135.19054,84.21361999999999
2025-12-28 10:00:00+00:00,long_dry,final_eval,0.0,0.0,0.0,999,10,6,12,2025-52,11,6,12,12,6,12,13,6,12,16,6,12,8.241207000000003,-27.403785999999997,-69.36168,-72.01693999999998,8.241207000000003,27.403785999999997,69.36168,72.01693999999998
2025-12-28 11:00:00+00:00,long_dry,final_eval,0.0,0.0,0.0,999,11,6,12,2025-52,12,6,12,13,6,12,14,6,12,17,6,12,-0.6484999999999985,-24.588069999999988,-30.51060000000001,-69.19702000000001,0.6484999999999985,24.588069999999988,30.51060000000001,69.19702000000001
2025-12-28 12:00:00+00:00,long_dry,final_eval,0.0,0.0,0.0,999,12,6,12,2025-52,13,6,12,14,6,12,15,6,12,18,6,12,4.311949999999996,5.928020000000004,-4.093099999999993,-24.144229999999993,4.311949999999996,5.928020000000004,4.093099999999993,24.144229999999993
2025-12-28 13:00:00+00:00,long_dry,final_eval,0.0,0.0,0.0,999,13,6,12,2025-52,14,6,12,15,6,12,16,6,12,19,6,12,-3.418929999999989,0.6196299999999724,-33.183040000000005,-20.215100000000007,3.418929999999989,0.6196299999999724,33.183040000000005,20.215100000000007
2025-12-28 14:00:00+00:00,long_dry,final_eval,0.0,0.0,0.0,999,14,6,12,2025-52,15,6,12,16,6,12,17,6,12,20,6,12,-12.629520000000014,-50.16250000000002,-65.10266000000001,-63.04723999999999,12.629520000000014,50.16250000000002,65.10266000000001,63.04723999999999
2025-12-28 15:00:00+00:00,long_dry,final_eval,0.0,0.0,0.0,999,15,6,12,2025-52,16,6,12,17,6,12,18,6,12,21,6,12,-124.75912,-116.26324,-59.14870000000002,-60.41660000000002,124.75912,116.26324,59.14870000000002,60.41660000000002
2025-12-28 16:00:00+00:00,long_dry,final_eval,0.0,0.0,0.0,999,16,6,12,2025-52,17,6,12,18,6,12,19,6,12,22,6,12,-66.81554999999997,-20.204380000000015,-32.71870000000001,-135.52495999999996,66.81554999999997,20.204380000000015,32.71870000000001,135.52495999999996
2025-12-28 17:00:00+00:00,long_dry,final_eval,0.0,0.0,0.0,999,17,6,12,2025-52,18,6,12,19,6,12,20,6,12,23,6,12,-12.058170000000018,-38.71179999999998,-60.629700000000014,-225.02765,12.058170000000018,38.71179999999998,60.629700000000014,225.02765
2025-12-28 18:00:00+00:00,long_dry,final_eval,0.0,0.0,0.0,999,18,6,12,2025-52,19,6,12,20,6,12,21,6,12,0,0,12,-115.88260000000002,-149.13019999999995,-113.06226000000004,-211.07209999999998,115.88260000000002,149.13019999999995,113.06226000000004,211.07209999999998
2025-12-28 19:00:00+00:00,long_dry,final_eval,0.0,0.0,0.0,999,19,6,12,2025-52,20,6,12,21,6,12,22,6,12,1,0,12,-79.99940000000004,-51.84870000000001,-160.97580000000005,-58.428859999999986,79.99940000000004,51.84870000000001,160.97580000000005,58.428859999999986
2025-12-28 20:00:00+00:00,long_dry,final_eval,0.0,0.0,0.0,999,20,6,12,2025-52,21,6,12,22,6,12,23,6,12,2,0,12,-21.322540000000004,-120.35629999999998,-145.48572000000001,-33.72295,21.322540000000004,120.35629999999998,145.48572000000001,33.72295
2025-12-28 21:00:00+00:00,long_dry,final_eval,0.0,0.0,0.0,999,21,6,12,2025-52,22,6,12,23,6,12,0,0,12,3,0,12,-117.68372,-145.31857000000002,-145.63428,-7.130650000000003,117.68372,145.31857000000002,145.63428,7.130650000000003
2025-12-28 22:00:00+00:00,long_dry,final_eval,0.0,0.0,0.0,999,22,6,12,2025-52,23,6,12,0,0,12,1,0,12,4,0,12,-64.16492,-73.84116,-23.148120000000006,5.482123999999999,64.16492,73.84116,23.148120000000006,5.482123999999999
2025-12-28 23:00:00+00:00,long_dry,final_eval,0.0,0.0,0.0,999,23,6,12,2025-52,0,0,12,1,0,12,2,0,12,5,0,12,-85.40519999999998,-12.703059999999994,27.44605999999999,6.332954000000001,85.40519999999998,12.703059999999994,27.44605999999999,6.332954000000001
2025-12-29 00:00:00+00:00,long_dry,final_eval,0.0,0.0,0.0,999,0,0,12,2025-52,1,0,12,2,0,12,3,0,12,6,0,12,-46.47089999999997,9.175430000000006,56.00664999999999,6.614775000000002,46.47089999999997,9.175430000000006,56.00664999999999,6.614775000000002
2025-12-29 01:00:00+00:00,long_dry,final_eval,0.0,0.0,0.0,999,1,0,12,2025-52,2,0,12,3,0,12,4,0,12,7,0,12,-24.185300000000012,25.895049999999998,25.791539999999998,-7.516584000000002,24.185300000000012,25.895049999999998,25.791539999999998,7.516584000000002
2025-12-29 02:00:00+00:00,long_dry,final_eval,0.0,0.0,0.0,999,2,0,12,2025-52,3,0,12,4,0,12,5,0,12,8,0,12,2.90279000000001,9.18902,10.350853,-1.9057180000000002,2.90279000000001,9.18902,10.350853,1.9057180000000002
2025-12-29 03:00:00+00:00,long_dry,final_eval,0.0,0.0,0.0,999,3,0,12,2025-52,4,0,12,5,0,12,6,0,12,9,0,12,11.812645000000003,5.710414999999998,7.765167000000002,7.136827,11.812645000000003,5.710414999999998,7.765167000000002,7.136827
2025-12-29 04:00:00+00:00,long_dry,final_eval,0.0,0.0,0.0,999,4,0,12,2025-52,5,0,12,6,0,12,7,0,12,10,0,12,14.087851999999998,10.481919999999999,-6.565708000000001,23.66966,14.087851999999998,10.481919999999999,6.565708000000001,23.66966
2025-12-29 05:00:00+00:00,long_dry,final_eval,0.0,0.0,0.0,999,5,0,12,2025-52,6,0,12,7,0,12,8,0,12,11,0,12,10.568708,-4.880227999999999,-4.495796,45.09241,10.568708,4.880227999999999,4.495796,45.09241
2025-12-29 06:00:00+00:00,long_dry,final_eval,0.0,0.0,0.0,999,6,0,12,2025-52,7,0,12,8,0,12,9,0,12,12,0,12,-3.2565729999999995,-1.9618649999999995,10.199049,-12.844150000000013,3.2565729999999995,1.9618649999999995,10.199049,12.844150000000013
2025-12-29 07:00:00+00:00,long_dry,final_eval,0.0,0.0,0.0,999,7,0,12,2025-52,8,0,12,9,0,12,10,0,12,13,0,12,-0.8214854999999996,10.020181,26.533141999999998,-51.4239,0.8214854999999996,10.020181,26.533141999999998,51.4239
2025-12-29 08:00:00+00:00,long_dry,final_eval,0.0,0.0,0.0,999,8,0,12,2025-52,9,0,12,10,0,12,11,0,12,14,0,12,9.18173,31.083992000000002,39.269515999999996,-44.27454,9.18173,31.083992000000002,39.269515999999996,44.27454
2025-12-29 09:00:00+00:00,long_dry,final_eval,0.0,0.0,0.0,999,9,0,12,2025-52,10,0,12,11,0,12,12,0,12,15,0,12,21.243145,25.630799999999994,-61.33760000000001,18.531799999999976,21.243145,25.630799999999994,61.33760000000001,18.531799999999976
2025-12-29 10:00:00+00:00,long_dry,final_eval,0.0,0.0,0.0,999,10,0,12,2025-52,11,0,12,12,0,12,13,0,12,16,0,12,13.861819999999994,-86.34424000000001,-40.192800000000034,29.950530000000015,13.861819999999994,86.34424000000001,40.192800000000034,29.950530000000015
2025-12-29 11:00:00+00:00,long_dry,final_eval,0.0,0.0,0.0,999,11,0,12,2025-52,12,0,12,13,0,12,14,0,12,17,0,12,-47.06375000000003,4.002799999999979,-106.69112999999999,57.966830000000016,47.06375000000003,4.002799999999979,106.69112999999999,57.966830000000016
2025-12-29 12:00:00+00:00,long_dry,final_eval,0.0,0.0,0.0,999,12,0,12,2025-52,13,0,12,14,0,12,15,0,12,18,0,12,-5.530550000000005,-98.52050000000003,-81.69186000000002,107.07094999999998,5.530550000000005,98.52050000000003,81.69186000000002,107.07094999999998
2025-12-29 13:00:00+00:00,long_dry,final_eval,0.0,0.0,0.0,999,13,0,12,2025-52,14,0,12,15,0,12,16,0,12,19,0,12,-100.29930000000002,-33.96762000000001,22.113920000000007,133.01069999999999,100.29930000000002,33.96762000000001,22.113920000000007,133.01069999999999
2025-12-29 14:00:00+00:00,long_dry,final_eval,0.0,0.0,0.0,999,14,0,12,2025-52,15,0,12,16,0,12,17,0,12,20,0,12,-3.8402399999999943,4.021819999999991,45.39008000000001,117.29174999999998,3.8402399999999943,4.021819999999991,45.39008000000001,117.29174999999998
2025-12-29 15:00:00+00:00,long_dry,final_eval,0.0,0.0,0.0,999,15,0,12,2025-52,16,0,12,17,0,12,18,0,12,21,0,12,20.042820000000006,85.05872,128.7405,141.20965999999999,20.042820000000006,85.05872,128.7405,141.20965999999999
2025-12-30 19:00:00+00:00,long_dry,final_eval,0.0,0.0,0.0,999,19,1,12,2025-52,20,1,12,21,1,12,22,1,12,1,2,12,73.11419999999998,19.418999999999983,-5.26373000000001,-100.41656,73.11419999999998,19.418999999999983,5.26373000000001,100.41656
2025-12-30 20:00:00+00:00,long_dry,final_eval,0.0,0.0,0.0,999,20,1,12,2025-52,21,1,12,22,1,12,23,1,12,2,2,12,-59.39824999999996,-92.83056999999997,-171.34979999999996,-52.31636,59.39824999999996,92.83056999999997,171.34979999999996,52.31636
2025-12-30 21:00:00+00:00,long_dry,final_eval,0.0,0.0,0.0,999,21,1,12,2025-52,22,1,12,23,1,12,0,2,12,3,2,12,68.26154000000002,-61.86095999999998,-74.21539999999999,8.129400000000004,68.26154000000002,61.86095999999998,74.21539999999999,8.129400000000004
2025-12-30 22:00:00+00:00,long_dry,final_eval,0.0,0.0,0.0,999,22,1,12,2025-52,23,1,12,0,2,12,1,2,12,4,2,12,-71.68439999999998,-58.563350000000014,-71.05664000000002,42.499880000000005,71.68439999999998,58.563350000000014,71.05664000000002,42.499880000000005
2025-12-30 23:00:00+00:00,long_dry,final_eval,0.0,0.0,0.0,999,23,1,12,2025-52,0,2,12,1,2,12,2,2,12,5,2,12,-42.64816000000002,-67.68115,-2.911939999999987,6.7394099999999995,42.64816000000002,67.68115,2.911939999999987,6.7394099999999995
2025-12-31 00:00:00+00:00,long_dry,final_eval,0.0,0.0,0.0,999,0,2,12,2025-52,1,2,12,2,2,12,3,2,12,6,2,12,-108.04649999999998,-34.833049999999986,18.031599999999997,-17.773907,108.04649999999998,34.833049999999986,18.031599999999997,17.773907
2025-12-31 01:00:00+00:00,long_dry,final_eval,0.0,0.0,0.0,999,1,2,12,2025-52,2,2,12,3,2,12,4,2,12,7,2,12,-24.219959999999986,21.119550000000004,59.487970000000004,-2.5794940000000004,24.219959999999986,21.119550000000004,59.487970000000004,2.5794940000000004
2025-12-31 02:00:00+00:00,long_dry,final_eval,0.0,0.0,0.0,999,2,2,12,2025-52,3,2,12,4,2,12,5,2,12,8,2,12,0.5367400000000089,43.878659999999996,16.46492,-5.970139,0.5367400000000089,43.878659999999996,16.46492,5.970139
2025-12-31 03:00:00+00:00,long_dry,final_eval,0.0,0.0,0.0,999,3,2,12,2025-52,4,2,12,5,2,12,6,2,12,9,2,12,45.31173,9.375250000000001,-12.385681000000002,-3.672609999999999,45.31173,9.375250000000001,12.385681000000002,3.672609999999999
2025-12-31 04:00:00+00:00,long_dry,final_eval,0.0,0.0,0.0,999,4,2,12,2025-52,5,2,12,6,2,12,7,2,12,10,2,12,10.644404999999999,-15.074725999999998,-2.5066200000000016,-0.34916700000000134,10.644404999999999,15.074725999999998,2.5066200000000016,0.34916700000000134
2025-12-31 05:00:00+00:00,long_dry,final_eval,0.0,0.0,0.0,999,5,2,12,2025-52,6,2,12,7,2,12,8,2,12,11,2,12,-15.022129999999997,-1.149006,-9.095482,20.671616,15.022129999999997,1.149006,9.095482,20.671616
2025-12-31 06:00:00+00:00,long_dry,final_eval,0.0,0.0,0.0,999,6,2,12,2025-52,7,2,12,8,2,12,9,2,12,12,2,12,7.637879,-2.9189190000000007,4.424785999999999,-90.46715999999998,7.637879,2.9189190000000007,4.424785999999999,90.46715999999998
2025-12-31 07:00:00+00:00,long_dry,final_eval,0.0,0.0,0.0,999,7,2,12,2025-52,8,2,12,9,2,12,10,2,12,13,2,12,-6.335053,0.43090600000000023,-10.451329999999999,-186.22066999999998,6.335053,0.43090600000000023,10.451329999999999,186.22066999999998
2025-12-31 08:00:00+00:00,long_dry,final_eval,0.0,0.0,0.0,999,8,2,12,2025-52,9,2,12,10,2,12,11,2,12,14,2,12,2.2430759999999985,8.708958000000003,-0.8536799999999971,-90.23473999999999,2.2430759999999985,8.708958000000003,0.8536799999999971,90.23473999999999
2025-12-31 09:00:00+00:00,long_dry,final_eval,0.0,0.0,0.0,999,9,2,12,2025-52,10,2,12,11,2,12,12,2,12,15,2,12,0.9184569999999965,-7.341489999999993,-123.1859,-15.718230000000005,0.9184569999999965,7.341489999999993,123.1859,15.718230000000005
2025-12-31 10:00:00+00:00,long_dry,final_eval,0.0,0.0,0.0,999,10,2,12,2025-52,11,2,12,12,2,12,13,2,12,16,2,12,26.922745000000006,-35.29649999999998,-104.71902,63.06662,26.922745000000006,35.29649999999998,104.71902,63.06662
2025-12-31 11:00:00+00:00,long_dry,final_eval,0.0,0.0,0.0,999,11,2,12,2025-52,12,2,12,13,2,12,14,2,12,17,2,12,-25.094279999999998,-111.61664000000002,-145.63263,50.64364999999998,25.094279999999998,111.61664000000002,145.63263,50.64364999999998
2025-12-31 12:00:00+00:00,long_dry,final_eval,0.0,0.0,0.0,999,12,2,12,2025-52,13,2,12,14,2,12,15,2,12,18,2,12,-54.09926999999999,-95.81979999999999,-110.02213,73.61316,54.09926999999999,95.81979999999999,110.02213,73.61316
2025-12-31 13:00:00+00:00,long_dry,final_eval,0.0,0.0,0.0,999,13,2,12,2025-52,14,2,12,15,2,12,16,2,12,19,2,12,-123.72766000000001,-115.72705000000002,-0.17183999999997468,72.70447000000001,123.72766000000001,115.72705000000002,0.17183999999997468,72.70447000000001
2025-12-31 14:00:00+00:00,long_dry,final_eval,0.0,0.0,0.0,999,14,2,12,2025-52,15,2,12,16,2,12,17,2,12,20,2,12,-41.999360000000024,60.205719999999985,71.00450000000001,141.03197999999998,41.999360000000024,60.205719999999985,71.00450000000001,141.03197999999998
2025-12-31 15:00:00+00:00,long_dry,final_eval,0.0,0.0,0.0,999,15,2,12,2025-52,16,2,12,17,2,12,18,2,12,21,2,12,45.174440000000004,57.035919999999976,84.45245,41.94403,45.174440000000004,57.035919999999976,84.45245,41.94403
2025-12-31 16:00:00+00:00,long_dry,final_eval,0.0,0.0,0.0,999,16,2,12,2025-52,17,2,12,18,2,12,19,2,12,22,2,12,-17.89296999999999,27.117399999999975,20.787230000000022,-220.2618,17.89296999999999,27.117399999999975,20.787230000000022,220.2618
2025-12-31 17:00:00+00:00,long_dry,final_eval,0.0,0.0,0.0,999,17,2,12,2025-52,18,2,12,19,2,12,20,2,12,23,2,12,32.33001999999999,61.27350000000001,78.40239999999994,-248.7681,32.33001999999999,61.27350000000001,78.40239999999994,248.7681
2025-12-31 18:00:00+00:00,long_dry,final_eval,0.0,0.0,0.0,999,18,2,12,2025-52,19,2,12,20,2,12,21,2,12,0,3,1,-5.991899999999987,-21.40229999999997,-128.6055,-129.69052,5.991899999999987,21.40229999999997,128.6055,129.69052
2025-12-31 19:00:00+00:00,long_dry,final_eval,0.0,0.0,0.0,999,19,2,12,2025-52,20,2,12,21,2,12,22,2,12,1,3,1,67.09186,-61.733100000000036,-220.19719999999995,-26.56502999999998,67.09186,61.733100000000036,220.19719999999995,26.56502999999998
2025-12-31 20:00:00+00:00,long_dry,final_eval,0.0,0.0,0.0,999,20,2,12,2025-52,21,2,12,22,2,12,23,2,12,2,3,1,-73.90120000000002,-231.78723000000002,-183.79285000000004,18.480819999999994,73.90120000000002,231.78723000000002,183.79285000000004,18.480819999999994
2025-12-31 21:00:00+00:00,long_dry,final_eval,0.0,0.0,0.0,999,21,2,12,2025-52,22,2,12,23,2,12,0,3,1,3,3,1,-48.932650000000024,-48.02460000000002,-4.489779999999996,66.31601,48.932650000000024,48.02460000000002,4.489779999999996,66.31601
2025-12-31 22:00:00+00:00,long_dry,final_eval,0.0,0.0,0.0,999,22,2,12,2025-52,23,2,12,0,3,1,1,3,1,4,3,1,-27.703030000000012,35.024,48.357669999999985,131.72582,27.703030000000012,35.024,48.357669999999985,131.72582
